当前文件,原文件,状态,旧SHA256,新SHA256,旧秒数,新秒数,全长浮点峰值,旧新相关系数,旧文件相对新版dB,工具主增益dB,后期固定增益dB,播放增益dB,加工滤镜,混合图
assets/audio/spells/corrosion/morgana_w_cast.wav,assets/audio/spells/corrosion/morgana_w_cast.wav,已重导,3f17b0f46d41cb51ef9d3a9bbf75a43e3451e3233ae17251be96e8691707293a,1a1087bc93ef672882871b2b3ec38d62abba644dabc5a5039629e9d747603179,6.54718820861678,6.54718820861678,0.2631920874118805,0.9999986969974711,11.998441255097136,0,0,0,,
assets/audio/spells/heal/play_sfx_summonerheal_oncast_r1.wav,assets/audio/spells/heal/play_sfx_summonerheal_oncast_r1.wav,已重导,2f66291596322fd78c94edceeea22464296b1a946d03883418ba650295d983a4,39cb31a845430363f5061160111a06dea2eb6ba2a7d85b1498c2509d528c840a,4.679637188208617,4.679637188208617,0.11372076719999313,0.9999998094393797,-0.00472041373340253,0,0,0,,
assets/audio/spells/heal/play_sfx_summonerheal_oncast_r2.wav,assets/audio/spells/heal/play_sfx_summonerheal_oncast_r2.wav,已重导,88ef9409e37f8f526c85cea24e1de7fbe2def494bf1a1f2c26c163aaa6250601,1616340f1adeabb2d1dab76b45ada63af9270837417f9a78fd8aeda3a41d9d89,4.685079365079365,4.685079365079365,0.12818188965320587,0.9999998186789056,-0.004619597511608542,0,0,0,,
assets/audio/spells/heal/play_sfx_summonerheal_oncast_r3.wav,assets/audio/spells/heal/play_sfx_summonerheal_oncast_r3.wav,已重导,86082b641a0d38e77f5254b9e97a5f18c3004868ed79e9d63973cac3cbaced03,b0162923e7554b507524c60d884e730e52a8bca7db7b3f5c242b6385a4e47ccc,4.56079365079365,4.56079365079365,0.12397255748510361,0.9999998224750124,-0.004596786223697197,0,0,0,,
assets/audio/spells/lightning/strike_r1.wav,assets/audio/spells/lightning/strike_r1.wav,已重导,0951c83ba346cba8af7fa801e833cfe4a936648cda14b574dd7fb2c543a637ce,abe8161c605d7a43477e0cf3596e459b20da9e412b63eca0730b4c33f623ecf3,2.3666439909297052,2.3666439909297052,0.48574280738830566,0.9999999971631346,2.9999999029505444,0,0,0,,
assets/audio/spells/lightning/strike_r2.wav,assets/audio/spells/lightning/strike_r2.wav,已重导,da74679153eaf12fffc0f27182d54952708ffef0a9ec796ecb8d04e3ebea603a,a8bbbc3d801437aa83690cc84e229fef117d0aff34fa0c92522c37f301120b60,2.3666439909297052,2.3666439909297052,0.48611512780189514,0.9999999970609734,3.0000052933236105,0,0,0,,
assets/audio/spells/lightning/strike_r3.wav,assets/audio/spells/lightning/strike_r3.wav,已重导,7461177f3d85cbc1f243a79c9de8de3e1212f037ca3aeede2abab1f465ccf40a,b81446b0c13945b25923e542226a5237716abb056810cb0be0068f2e91fd2d1f,2.3666439909297052,2.3666439909297052,0.5562231540679932,0.9999999971445139,3.000001642015178,0,0,0,,
assets/audio/spells/stasis/OnCast.wav,assets/audio/spells/stasis/OnCast.wav,已重导,cde8605f85a18be9fac8097d46cc420dc2971ae33be3d6b2d919803890403ba3,f9b07485b0bf7a8ede8fc3a0edf7508950aa04814dcf2d75cbeb0650f3a2f325,3.3940362811791385,3.3940362811791385,0.24682243168354034,0.999999006089401,12.998096395941241,0,0,0,,
assets/audio/spells/stasis/OnCast_2.wav,assets/audio/spells/stasis/OnCast_2.wav,已重导,99df434d2c30b30f899616c67e1412f8e9cf9d34383b48dbe82c889fa0535cbf,bf6324f352b4fe83c9ddd5bd2e608e92cadbde088f28a4c4518aa8576120c6f0,3.1975510204081634,3.1975510204081634,0.24779455363750458,0.999999575688767,12.998790954477872,0,0,0,,
assets/audio/spells/stasis/OnCast_3.wav,assets/audio/spells/stasis/OnCast_3.wav,已重导,e3fa739115e8b5efed23a522cb94a17435664d080f768e03ae18479c23f55a22,5a3eee047e6b79f2727cdfc985c76ae1fd613a464cbdf18f09cf81747d7ae65c,3.124240362811791,3.124240362811791,0.24877770245075226,0.9999997733395816,12.998962694022474,0,0,0,,
assets/audio/spells/stasis/explo.wav,assets/audio/spells/stasis/explo.wav,已重导,2e4a99178c3de989dc5b8737b629f4a332aa046b6cbde45db2366bc7ebc1c1c6,38e1990f47f8d6ed36823a3ec8b9bab6493c8a2549b1aa501570cc708e838bad,3.372925170068027,3.372925170068027,0.29729923605918884,0.9999941279538872,11.494130043136172,0,0,0,,
assets/audio/spells/stasis/explo_2.wav,assets/audio/spells/stasis/explo_2.wav,已重导,d1e39e2cab743f0ae469e8daf668ced721ce749acd3bffa6b16fc735ae6d3149,15ae68710a16cdb569d0978cf25268f46d0421685dc4c6cac3d2fc899457abf7,3.6417233560090705,3.6417233560090705,0.3025341331958771,0.9999923894509424,11.494100448753093,0,0,0,,
assets/audio/spells/stasis/explo_3.wav,assets/audio/spells/stasis/explo_3.wav,已重导,a208e9c73a4ca51664507777d5b16ade107dc0b1005b8b0f1c02afda3fb90066,08ab7c67343e64c9ae8de11f8158a74acd33260529b52fe199681e996529f344,3.372925170068027,3.372925170068027,0.30349189043045044,0.9999782105784418,11.489167179416883,0,0,0,,
assets/audio/spells/stasis/flight_1.wav,assets/audio/spells/stasis/flight_1.wav,已重导,039e175572378f8ee618c0a4af750b803d49b4e1291a49b7f875d1b91fa24d92,0f85573f394a0773317ae10b19d4788607a64cc98589a25be2a357d794893354,3.2353061224489794,3.2353061224489794,0.09076423943042755,0.9999998701983606,16.998741426645456,0,0,0,,
assets/audio/spells/stasis/flight_2.wav,assets/audio/spells/stasis/flight_2.wav,已重导,cc02fcde03fec229bc8de0f6529d30cfe88789d872c94ad15363695f19de3cc1,867117aec696576126e9d8320d6a0b7e6ff4e6e34731aae0633596a8d2a1e6d0,3.2419274376417233,3.2419274376417233,0.1124768778681755,0.9999998389791207,16.998745854364593,0,0,0,,
assets/audio/spells/stasis/target_1.wav,assets/audio/spells/stasis/target_1.wav,已重导,1f3b9c69e8885139f2aafe80d0684d268e878796d34e0fa7663727f643dfd1c6,29c04666970edd010dfcdf7364216edb216bb17dfc3c7e8639801b311541145e,1.0403628117913832,1.0403628117913832,0.2016972154378891,0.9999999963345251,10.999240022501667,0,0,0,,
assets/audio/spells/stasis/target_2.wav,assets/audio/spells/stasis/target_2.wav,已重导,692b0c9ac33037afb3d8b01ba071a5bf8b265c0882508bc1e2d580e451818622,614c7070cb14ecedc9f2c635de24ce55a64b24f11ca79fc68ab8082f2a2f6364,1.0403628117913832,1.0403628117913832,0.2849048972129822,0.9999999816486292,10.99928661207689,0,0,0,,
assets/audio/spells/zap/strike_r1.wav,assets/audio/spells/zap/strike_r1.wav,已重导,6f4e68d4cc03947676e4308e593590e5bd1cbd9afa4ab9e0f8e5079a338e41c2,e5516440738ff7363b6063a6d62f22d2b01362a59c6245be09aaf81131c01957,2.9752607709750567,2.9752607709750567,0.3477216362953186,0.9999999949552818,7.99999584788875,0,0,0,,
assets/audio/spells/zap/strike_r2.wav,assets/audio/spells/zap/strike_r2.wav,已重导,02179b294a85b6b56d9e6ffdf2b067a0e5c7182bb427a56ab37ddc2c0c53ae52,3a16477ca149053b3732e67fd07e046f338714b97719a7bd6c57308987414793,2.8910884353741495,2.8910884353741495,0.3371714949607849,0.9999999953387866,8.00000458470299,0,0,0,,
assets/audio/spells/zap/strike_r3.wav,assets/audio/spells/zap/strike_r3.wav,已重导,c965653469a033e3bd59f9b2c38ece58f9d1a49faf359c3a7b8082e696f9ff84,a45de3a4b0a9aef7278d065b6c281aed9c842577b6c6f72eb0a8eb5213276574,3.1505895691609975,3.1505895691609975,0.3295643925666809,0.9999999938322306,8.000001537691453,0,0,0,,
assets/audio/units/aatrox/play_sfx_aatrox_aatroxbasicattack2_oncast_1.wav,assets/audio/units/aatrox/play_sfx_aatrox_aatroxbasicattack2_oncast_1.wav,已重导,cb93ea1d345db04735757c44890e612e1c4b1064159e7ca042e6af5629a935e9,b9c112fddc2c52fe3920e3b400837d447832daf634c6fe9a7a7f1de71249590d,0.9304761904761905,0.9304761904761905,0.1849542111158371,0.9999999960635099,9.999745012822919,0,0,0,,
assets/audio/units/aatrox/play_sfx_aatrox_aatroxbasicattack2_oncast_2.wav,assets/audio/units/aatrox/play_sfx_aatrox_aatroxbasicattack2_oncast_2.wav,已重导,7e700055debd91ce50e67492b638445e77f12719a915422cf3e23cc89c869775,4f621c9ec8c6ab2cfc06b9025ff5f5f6f1cb7ff0255b515dba371fdd59b7a18d,0.7790702947845805,0.7790702947845805,0.18826833367347717,0.9999999955738007,9.99973380427421,0,0,0,,
assets/audio/units/aatrox/play_sfx_aatrox_aatroxbasicattack2_oncast_3.wav,assets/audio/units/aatrox/play_sfx_aatrox_aatroxbasicattack2_oncast_3.wav,已重导,3e7de6769eeb115d1803930c5e668fa5c7800723482cbd7d398737c9c9053bfb,58ce83e6f7c4a00d37f061f40916d134846b0b33eb7e02c7529eb2cc8c3719a4,0.8177324263038549,0.8177324263038549,0.18456295132637024,0.9999999964123741,9.999729154376126,0,0,0,,
assets/audio/units/aatrox/play_sfx_aatrox_aatroxbasicattack2_oncast_4.wav,assets/audio/units/aatrox/play_sfx_aatrox_aatroxbasicattack2_oncast_4.wav,已重导,f5c9c4a5f10eb618034350799f1fc7695daba2efdcb364d8a6ff5dda62cfa229,1127a24680580e86f991a7344299fec18e3e50d54e3715e678ca52eecd8cca47,0.9736961451247166,0.9736961451247166,0.1893606185913086,0.9999999971110756,9.999737687568448,0,0,0,,
assets/audio/units/aatrox/play_sfx_aatrox_aatroxbasicattack2_oncast_5.wav,assets/audio/units/aatrox/play_sfx_aatrox_aatroxbasicattack2_oncast_5.wav,已重导,e850c12289a30a7f0d251fc1c75384c8fdf3b6c3557c6ca81188909dfd17e59b,07983ee2345777c9401f87a86aab07639cd750953553fe5fe1891e09bdca4d0e,0.8741269841269841,0.8741269841269841,0.18113330006599426,0.999999996717269,9.999732035744627,0,0,0,,
assets/audio/units/aatrox/play_sfx_aatrox_aatroxbasicattack2_onhit_1.wav,assets/audio/units/aatrox/play_sfx_aatrox_aatroxbasicattack2_onhit_1.wav,已重导,ce23be7761ac130d61278a4bec58412258d130d8a2f9aa347a46dcb0dd261af5,cdc5a1d6f9d9e6af60062d746025bb5d665b52fb26754152fc0dffdf6c1f7da4,0.5362358276643991,0.5362358276643991,0.2045719176530838,0.9999999911846681,8.999737176882036,0,0,0,,
assets/audio/units/aatrox/play_sfx_aatrox_aatroxbasicattack2_onhit_2.wav,assets/audio/units/aatrox/play_sfx_aatrox_aatroxbasicattack2_onhit_2.wav,已重导,aea6d582d38cdcba66906e5651daa757566ec9d0026b08d473878cc770f8f07e,73836f4fb09fa78c57b3a6c903b40c3a250f1c8d58d450de25c05809daba0cb0,1.0612244897959184,1.0612244897959184,0.1870425045490265,0.9999999857057479,8.999698958178014,0,0,0,,
assets/audio/units/aatrox/play_sfx_aatrox_aatroxbasicattack2_onhit_3.wav,assets/audio/units/aatrox/play_sfx_aatrox_aatroxbasicattack2_onhit_3.wav,已重导,53667386d3a2b325c36923f734450645bd4c30a0ea4cbc3763e345a77a2fa327,0d9ef48888db0c5d5e6dd6bbcdb1f3fd372f9c910f6d75c07ba898936f021223,0.8636281179138322,0.8636281179138322,0.1886684000492096,0.9999999870532117,8.999752794726358,0,0,0,,
assets/audio/units/aatrox/play_sfx_aatrox_aatroxbasicattack3_oncast_1.wav,assets/audio/units/aatrox/play_sfx_aatrox_aatroxbasicattack3_oncast_1.wav,已重导,cb93ea1d345db04735757c44890e612e1c4b1064159e7ca042e6af5629a935e9,b9c112fddc2c52fe3920e3b400837d447832daf634c6fe9a7a7f1de71249590d,0.9304761904761905,0.9304761904761905,0.1849542111158371,0.9999999960635099,9.999745012822919,0,0,0,,
assets/audio/units/aatrox/play_sfx_aatrox_aatroxbasicattack3_oncast_2.wav,assets/audio/units/aatrox/play_sfx_aatrox_aatroxbasicattack3_oncast_2.wav,已重导,7e700055debd91ce50e67492b638445e77f12719a915422cf3e23cc89c869775,4f621c9ec8c6ab2cfc06b9025ff5f5f6f1cb7ff0255b515dba371fdd59b7a18d,0.7790702947845805,0.7790702947845805,0.18826833367347717,0.9999999955738007,9.99973380427421,0,0,0,,
assets/audio/units/aatrox/play_sfx_aatrox_aatroxbasicattack3_oncast_3.wav,assets/audio/units/aatrox/play_sfx_aatrox_aatroxbasicattack3_oncast_3.wav,已重导,3e7de6769eeb115d1803930c5e668fa5c7800723482cbd7d398737c9c9053bfb,58ce83e6f7c4a00d37f061f40916d134846b0b33eb7e02c7529eb2cc8c3719a4,0.8177324263038549,0.8177324263038549,0.18456295132637024,0.9999999964123741,9.999729154376126,0,0,0,,
assets/audio/units/aatrox/play_sfx_aatrox_aatroxbasicattack3_oncast_4.wav,assets/audio/units/aatrox/play_sfx_aatrox_aatroxbasicattack3_oncast_4.wav,已重导,f5c9c4a5f10eb618034350799f1fc7695daba2efdcb364d8a6ff5dda62cfa229,1127a24680580e86f991a7344299fec18e3e50d54e3715e678ca52eecd8cca47,0.9736961451247166,0.9736961451247166,0.1893606185913086,0.9999999971110756,9.999737687568448,0,0,0,,
assets/audio/units/aatrox/play_sfx_aatrox_aatroxbasicattack3_oncast_5.wav,assets/audio/units/aatrox/play_sfx_aatrox_aatroxbasicattack3_oncast_5.wav,已重导,e850c12289a30a7f0d251fc1c75384c8fdf3b6c3557c6ca81188909dfd17e59b,07983ee2345777c9401f87a86aab07639cd750953553fe5fe1891e09bdca4d0e,0.8741269841269841,0.8741269841269841,0.18113330006599426,0.999999996717269,9.999732035744627,0,0,0,,
assets/audio/units/aatrox/play_sfx_aatrox_aatroxbasicattack3_onhit_1.wav,assets/audio/units/aatrox/play_sfx_aatrox_aatroxbasicattack3_onhit_1.wav,已重导,ce23be7761ac130d61278a4bec58412258d130d8a2f9aa347a46dcb0dd261af5,cdc5a1d6f9d9e6af60062d746025bb5d665b52fb26754152fc0dffdf6c1f7da4,0.5362358276643991,0.5362358276643991,0.2045719176530838,0.9999999911846681,8.999737176882036,0,0,0,,
assets/audio/units/aatrox/play_sfx_aatrox_aatroxbasicattack3_onhit_2.wav,assets/audio/units/aatrox/play_sfx_aatrox_aatroxbasicattack3_onhit_2.wav,已重导,aea6d582d38cdcba66906e5651daa757566ec9d0026b08d473878cc770f8f07e,73836f4fb09fa78c57b3a6c903b40c3a250f1c8d58d450de25c05809daba0cb0,1.0612244897959184,1.0612244897959184,0.1870425045490265,0.9999999857057479,8.999698958178014,0,0,0,,
assets/audio/units/aatrox/play_sfx_aatrox_aatroxbasicattack3_onhit_3.wav,assets/audio/units/aatrox/play_sfx_aatrox_aatroxbasicattack3_onhit_3.wav,已重导,53667386d3a2b325c36923f734450645bd4c30a0ea4cbc3763e345a77a2fa327,0d9ef48888db0c5d5e6dd6bbcdb1f3fd372f9c910f6d75c07ba898936f021223,0.8636281179138322,0.8636281179138322,0.1886684000492096,0.9999999870532117,8.999752794726358,0,0,0,,
assets/audio/units/aatrox/play_sfx_aatrox_aatroxbasicattack_oncast_1.wav,assets/audio/units/aatrox/play_sfx_aatrox_aatroxbasicattack_oncast_1.wav,已重导,cb93ea1d345db04735757c44890e612e1c4b1064159e7ca042e6af5629a935e9,b9c112fddc2c52fe3920e3b400837d447832daf634c6fe9a7a7f1de71249590d,0.9304761904761905,0.9304761904761905,0.1849542111158371,0.9999999960635099,9.999745012822919,0,0,0,,
assets/audio/units/aatrox/play_sfx_aatrox_aatroxbasicattack_oncast_2.wav,assets/audio/units/aatrox/play_sfx_aatrox_aatroxbasicattack_oncast_2.wav,已重导,7e700055debd91ce50e67492b638445e77f12719a915422cf3e23cc89c869775,4f621c9ec8c6ab2cfc06b9025ff5f5f6f1cb7ff0255b515dba371fdd59b7a18d,0.7790702947845805,0.7790702947845805,0.18826833367347717,0.9999999955738007,9.99973380427421,0,0,0,,
assets/audio/units/aatrox/play_sfx_aatrox_aatroxbasicattack_oncast_3.wav,assets/audio/units/aatrox/play_sfx_aatrox_aatroxbasicattack_oncast_3.wav,已重导,3e7de6769eeb115d1803930c5e668fa5c7800723482cbd7d398737c9c9053bfb,58ce83e6f7c4a00d37f061f40916d134846b0b33eb7e02c7529eb2cc8c3719a4,0.8177324263038549,0.8177324263038549,0.18456295132637024,0.9999999964123741,9.999729154376126,0,0,0,,
assets/audio/units/aatrox/play_sfx_aatrox_aatroxbasicattack_oncast_4.wav,assets/audio/units/aatrox/play_sfx_aatrox_aatroxbasicattack_oncast_4.wav,已重导,f5c9c4a5f10eb618034350799f1fc7695daba2efdcb364d8a6ff5dda62cfa229,1127a24680580e86f991a7344299fec18e3e50d54e3715e678ca52eecd8cca47,0.9736961451247166,0.9736961451247166,0.1893606185913086,0.9999999971110756,9.999737687568448,0,0,0,,
assets/audio/units/aatrox/play_sfx_aatrox_aatroxbasicattack_oncast_5.wav,assets/audio/units/aatrox/play_sfx_aatrox_aatroxbasicattack_oncast_5.wav,已重导,e850c12289a30a7f0d251fc1c75384c8fdf3b6c3557c6ca81188909dfd17e59b,07983ee2345777c9401f87a86aab07639cd750953553fe5fe1891e09bdca4d0e,0.8741269841269841,0.8741269841269841,0.18113330006599426,0.999999996717269,9.999732035744627,0,0,0,,
assets/audio/units/aatrox/play_sfx_aatrox_aatroxbasicattack_onhit_1.wav,assets/audio/units/aatrox/play_sfx_aatrox_aatroxbasicattack_onhit_1.wav,已重导,ce23be7761ac130d61278a4bec58412258d130d8a2f9aa347a46dcb0dd261af5,cdc5a1d6f9d9e6af60062d746025bb5d665b52fb26754152fc0dffdf6c1f7da4,0.5362358276643991,0.5362358276643991,0.2045719176530838,0.9999999911846681,8.999737176882036,0,0,0,,
assets/audio/units/aatrox/play_sfx_aatrox_aatroxbasicattack_onhit_2.wav,assets/audio/units/aatrox/play_sfx_aatrox_aatroxbasicattack_onhit_2.wav,已重导,aea6d582d38cdcba66906e5651daa757566ec9d0026b08d473878cc770f8f07e,73836f4fb09fa78c57b3a6c903b40c3a250f1c8d58d450de25c05809daba0cb0,1.0612244897959184,1.0612244897959184,0.1870425045490265,0.9999999857057479,8.999698958178014,0,0,0,,
assets/audio/units/aatrox/play_sfx_aatrox_aatroxbasicattack_onhit_3.wav,assets/audio/units/aatrox/play_sfx_aatrox_aatroxbasicattack_onhit_3.wav,已重导,53667386d3a2b325c36923f734450645bd4c30a0ea4cbc3763e345a77a2fa327,0d9ef48888db0c5d5e6dd6bbcdb1f3fd372f9c910f6d75c07ba898936f021223,0.8636281179138322,0.8636281179138322,0.1886684000492096,0.9999999870532117,8.999752794726358,0,0,0,,
assets/audio/units/aatrox/play_sfx_aatrox_aatroxpassiveattack_oncast_1.wav,assets/audio/units/aatrox/play_sfx_aatrox_aatroxpassiveattack_oncast_1.wav,已重导,5e6a199d3df048cc3ad13c4ae88d6a8a237a5a845ee31d4da6c4f381266367f5,df19dd964567e271480baef577cafef6da0476d1b82969006e4ff1d6be7bd1be,0.9863265306122448,0.9863265306122448,0.1628708392381668,0.9999999966126834,10.999722087405502,0,0,0,,
assets/audio/units/aatrox/play_sfx_aatrox_aatroxpassiveattack_onhit_1.wav,assets/audio/units/aatrox/play_sfx_aatrox_aatroxpassiveattack_onhit_1.wav,已重导,b1637b58f7bb2bd502562aa5096e582e472e1ad34c9d2c240128874e56e965f2,d087a1323e4cd6ea3f55c1bbcf2534da603ee39a6245826caad603548bba49ff,1.1563945578231292,1.1563945578231292,0.311762273311615,0.9999999917384124,6.99973764174414,0,0,0,,
assets/audio/units/aatrox/play_sfx_aatrox_aatroxr_buffdeactivate_1.wav,assets/audio/units/aatrox/play_sfx_aatrox_aatroxr_buffdeactivate_1.wav,已重导,d6565466cac23d57ea82a2909eab387300daad728a82dc8ce105cae5bb107d13,dc801b85bf5fc4ebf2e56e492571d2a2ac4a73ffe0ad1a9c0bc3066edc3d43b7,2.072857142857143,2.072857142857143,0.18995146453380585,0.9999999697374315,-2.000255178120558,0,0,0,,
assets/audio/units/aatrox/play_sfx_aatrox_aatroxr_onbuffactivate_all_1.wav,assets/audio/units/aatrox/play_sfx_aatrox_aatroxr_onbuffactivate_all_1.wav,已重导,9f44f4dce8bc470310ce23856b1f1952c2be45a79bb34264147fe90205390b6b,781685c2c148b1c45de25e94ca968e58dd6fed5a64c5fb305798b47dbd22eb0c,2.0,2.0,0.4415644109249115,0.9999999975782676,2.9997285880099,0,0,0,atrim=duration=2.0;afade=t=out:st=1.5:d=0.5,
assets/audio/units/aatrox/play_sfx_aatrox_aatroxrattack1_oncast_1.wav,assets/audio/units/aatrox/play_sfx_aatrox_aatroxrattack1_oncast_1.wav,已重导,cb93ea1d345db04735757c44890e612e1c4b1064159e7ca042e6af5629a935e9,b9c112fddc2c52fe3920e3b400837d447832daf634c6fe9a7a7f1de71249590d,0.9304761904761905,0.9304761904761905,0.1849542111158371,0.9999999960635099,9.999745012822919,0,0,0,,
assets/audio/units/aatrox/play_sfx_aatrox_aatroxrattack1_oncast_2.wav,assets/audio/units/aatrox/play_sfx_aatrox_aatroxrattack1_oncast_2.wav,已重导,7e700055debd91ce50e67492b638445e77f12719a915422cf3e23cc89c869775,4f621c9ec8c6ab2cfc06b9025ff5f5f6f1cb7ff0255b515dba371fdd59b7a18d,0.7790702947845805,0.7790702947845805,0.18826833367347717,0.9999999955738007,9.99973380427421,0,0,0,,
assets/audio/units/aatrox/play_sfx_aatrox_aatroxrattack1_oncast_3.wav,assets/audio/units/aatrox/play_sfx_aatrox_aatroxrattack1_oncast_3.wav,已重导,3e7de6769eeb115d1803930c5e668fa5c7800723482cbd7d398737c9c9053bfb,58ce83e6f7c4a00d37f061f40916d134846b0b33eb7e02c7529eb2cc8c3719a4,0.8177324263038549,0.8177324263038549,0.18456295132637024,0.9999999964123741,9.999729154376126,0,0,0,,
assets/audio/units/aatrox/play_sfx_aatrox_aatroxrattack1_oncast_4.wav,assets/audio/units/aatrox/play_sfx_aatrox_aatroxrattack1_oncast_4.wav,已重导,f5c9c4a5f10eb618034350799f1fc7695daba2efdcb364d8a6ff5dda62cfa229,1127a24680580e86f991a7344299fec18e3e50d54e3715e678ca52eecd8cca47,0.9736961451247166,0.9736961451247166,0.1893606185913086,0.9999999971110756,9.999737687568448,0,0,0,,
assets/audio/units/aatrox/play_sfx_aatrox_aatroxrattack1_oncast_5.wav,assets/audio/units/aatrox/play_sfx_aatrox_aatroxrattack1_oncast_5.wav,已重导,e850c12289a30a7f0d251fc1c75384c8fdf3b6c3557c6ca81188909dfd17e59b,07983ee2345777c9401f87a86aab07639cd750953553fe5fe1891e09bdca4d0e,0.8741269841269841,0.8741269841269841,0.18113330006599426,0.999999996717269,9.999732035744627,0,0,0,,
assets/audio/units/aatrox/play_sfx_aatrox_aatroxrattack1_onhit_1.wav,assets/audio/units/aatrox/play_sfx_aatrox_aatroxrattack1_onhit_1.wav,已重导,ce23be7761ac130d61278a4bec58412258d130d8a2f9aa347a46dcb0dd261af5,cdc5a1d6f9d9e6af60062d746025bb5d665b52fb26754152fc0dffdf6c1f7da4,0.5362358276643991,0.5362358276643991,0.2045719176530838,0.9999999911846681,8.999737176882036,0,0,0,,
assets/audio/units/aatrox/play_sfx_aatrox_aatroxrattack1_onhit_2.wav,assets/audio/units/aatrox/play_sfx_aatrox_aatroxrattack1_onhit_2.wav,已重导,aea6d582d38cdcba66906e5651daa757566ec9d0026b08d473878cc770f8f07e,73836f4fb09fa78c57b3a6c903b40c3a250f1c8d58d450de25c05809daba0cb0,1.0612244897959184,1.0612244897959184,0.1870425045490265,0.9999999857057479,8.999698958178014,0,0,0,,
assets/audio/units/aatrox/play_sfx_aatrox_aatroxrattack1_onhit_3.wav,assets/audio/units/aatrox/play_sfx_aatrox_aatroxrattack1_onhit_3.wav,已重导,53667386d3a2b325c36923f734450645bd4c30a0ea4cbc3763e345a77a2fa327,0d9ef48888db0c5d5e6dd6bbcdb1f3fd372f9c910f6d75c07ba898936f021223,0.8636281179138322,0.8636281179138322,0.1886684000492096,0.9999999870532117,8.999752794726358,0,0,0,,
assets/audio/units/aatrox/play_sfx_aatrox_aatroxrattack2_oncast_1.wav,assets/audio/units/aatrox/play_sfx_aatrox_aatroxrattack2_oncast_1.wav,已重导,cb93ea1d345db04735757c44890e612e1c4b1064159e7ca042e6af5629a935e9,b9c112fddc2c52fe3920e3b400837d447832daf634c6fe9a7a7f1de71249590d,0.9304761904761905,0.9304761904761905,0.1849542111158371,0.9999999960635099,9.999745012822919,0,0,0,,
assets/audio/units/aatrox/play_sfx_aatrox_aatroxrattack2_oncast_2.wav,assets/audio/units/aatrox/play_sfx_aatrox_aatroxrattack2_oncast_2.wav,已重导,7e700055debd91ce50e67492b638445e77f12719a915422cf3e23cc89c869775,4f621c9ec8c6ab2cfc06b9025ff5f5f6f1cb7ff0255b515dba371fdd59b7a18d,0.7790702947845805,0.7790702947845805,0.18826833367347717,0.9999999955738007,9.99973380427421,0,0,0,,
assets/audio/units/aatrox/play_sfx_aatrox_aatroxrattack2_oncast_3.wav,assets/audio/units/aatrox/play_sfx_aatrox_aatroxrattack2_oncast_3.wav,已重导,3e7de6769eeb115d1803930c5e668fa5c7800723482cbd7d398737c9c9053bfb,58ce83e6f7c4a00d37f061f40916d134846b0b33eb7e02c7529eb2cc8c3719a4,0.8177324263038549,0.8177324263038549,0.18456295132637024,0.9999999964123741,9.999729154376126,0,0,0,,
assets/audio/units/aatrox/play_sfx_aatrox_aatroxrattack2_oncast_4.wav,assets/audio/units/aatrox/play_sfx_aatrox_aatroxrattack2_oncast_4.wav,已重导,f5c9c4a5f10eb618034350799f1fc7695daba2efdcb364d8a6ff5dda62cfa229,1127a24680580e86f991a7344299fec18e3e50d54e3715e678ca52eecd8cca47,0.9736961451247166,0.9736961451247166,0.1893606185913086,0.9999999971110756,9.999737687568448,0,0,0,,
assets/audio/units/aatrox/play_sfx_aatrox_aatroxrattack2_oncast_5.wav,assets/audio/units/aatrox/play_sfx_aatrox_aatroxrattack2_oncast_5.wav,已重导,e850c12289a30a7f0d251fc1c75384c8fdf3b6c3557c6ca81188909dfd17e59b,07983ee2345777c9401f87a86aab07639cd750953553fe5fe1891e09bdca4d0e,0.8741269841269841,0.8741269841269841,0.18113330006599426,0.999999996717269,9.999732035744627,0,0,0,,
assets/audio/units/aatrox/play_sfx_aatrox_aatroxrattack2_onhit_1.wav,assets/audio/units/aatrox/play_sfx_aatrox_aatroxrattack2_onhit_1.wav,已重导,ce23be7761ac130d61278a4bec58412258d130d8a2f9aa347a46dcb0dd261af5,cdc5a1d6f9d9e6af60062d746025bb5d665b52fb26754152fc0dffdf6c1f7da4,0.5362358276643991,0.5362358276643991,0.2045719176530838,0.9999999911846681,8.999737176882036,0,0,0,,
assets/audio/units/aatrox/play_sfx_aatrox_aatroxrattack2_onhit_2.wav,assets/audio/units/aatrox/play_sfx_aatrox_aatroxrattack2_onhit_2.wav,已重导,aea6d582d38cdcba66906e5651daa757566ec9d0026b08d473878cc770f8f07e,73836f4fb09fa78c57b3a6c903b40c3a250f1c8d58d450de25c05809daba0cb0,1.0612244897959184,1.0612244897959184,0.1870425045490265,0.9999999857057479,8.999698958178014,0,0,0,,
assets/audio/units/aatrox/play_sfx_aatrox_aatroxrattack2_onhit_3.wav,assets/audio/units/aatrox/play_sfx_aatrox_aatroxrattack2_onhit_3.wav,已重导,53667386d3a2b325c36923f734450645bd4c30a0ea4cbc3763e345a77a2fa327,0d9ef48888db0c5d5e6dd6bbcdb1f3fd372f9c910f6d75c07ba898936f021223,0.8636281179138322,0.8636281179138322,0.1886684000492096,0.9999999870532117,8.999752794726358,0,0,0,,
assets/audio/units/aatrox/play_sfx_aatrox_death3d_cast_1.wav,assets/audio/units/aatrox/play_sfx_aatrox_death3d_cast_1.wav,已重导,0bdc731a8ce39e2d92fac2f7941cfed94db4729edc3a5e36914aca64772eb2d5,cd9d71f32796d89c890ac6d33627738f6a33eb1c787ef7cc0185c3bfbcb5a41f,1.1372335600907029,1.1372335600907029,0.218800887465477,0.9999999888972914,7.999738984368725,0,0,0,,
assets/audio/units/aatrox/play_vo_aatrox_death3d_1.wav,assets/audio/units/aatrox/play_vo_aatrox_death3d_1.wav,已重导,b102e4f1b17e067cc6722068700c355f76ade83c3bfd618e153207cdd8e95265,1054ad813270c638b0912250fd038b3350da682d7c73c8d88a3b0d3f561fda1a,1.5,1.5,0.24250154197216034,0.9999999947631099,6.999706045454382,0,0,0,atrim=duration=1.5;afade=t=out:st=1.0:d=0.5,
assets/audio/units/aatrox/play_vo_aatrox_death3d_2.wav,assets/audio/units/aatrox/play_vo_aatrox_death3d_2.wav,已重导,8678548d8e572f3f9ba4d72b258637344040f10ccbbb170de7ee5d5a5342a807,5905afe290a9f83d2640e9d79693a1760bc7b148df60c96457c7f30eeb3c0cce,1.5,1.5,0.22395369410514832,0.999999995406911,6.9997305361791025,0,0,0,atrim=duration=1.5;afade=t=out:st=1.0:d=0.5,
assets/audio/units/aatrox/play_vo_aatrox_death3d_3.wav,assets/audio/units/aatrox/play_vo_aatrox_death3d_3.wav,已重导,eff3d14ec8a835fb839f4a54d0cb357ea165ef907ca442fd67c08f1b0043f075,fb0b7c9b3c775429f8c46afe4286dfc3cf7f4bf2dc6eee60f3f5ddb04f2e01ab,1.5,1.5,0.2371121346950531,0.9999999950057059,6.99972922739056,0,0,0,atrim=duration=1.5;afade=t=out:st=1.0:d=0.5,
assets/audio/units/aatrox/play_vo_aatrox_deploy_1.wav,assets/audio/units/aatrox/play_vo_aatrox_deploy_1.wav,已重导,320452aa51bad7b4f21be8ec2d13c1a9464c16198a1cc128d4359f583e2abcff,5b462bbd7700b51fc36d816ffc445812abcbf91471522b3bb9e5cb9579b3e7fb,5.944761904761905,5.944761904761905,0.7183244228363037,0.9999999210830636,-5.999999510746562,0,0,0,,
assets/audio/units/aatrox/play_vo_aatrox_deploy_2.wav,assets/audio/units/aatrox/play_vo_aatrox_deploy_2.wav,已重导,b6959456b138d5c0f16ba61629ad7223e3c3ec93556fdd45b75ca21100316bdd,fe7bba76bb32431fe10c4f997fbcca3c38d5c00f12b9958dd36c022296b56b5e,2.452403628117914,2.452403628117914,0.20560404658317566,0.9999999912585426,7.999998707892938,0,0,0,,
assets/audio/units/aatrox/play_vo_aatrox_deploy_3.wav,assets/audio/units/aatrox/play_vo_aatrox_deploy_3.wav,已重导,ec304450b0de6849b069472417ffbafe5b4ec9176111b051dd04d398908e39ab,ec77c6e53f1d7d9edc82f735f60dedc3a9bccce7da09525813aa7faae0944e12,3.014875283446712,3.014875283446712,0.19368600845336914,0.9999999940967009,7.99999602069366,0,0,0,,
assets/audio/units/anivia/anivia_rebirth_full_half.wav,assets/audio/units/anivia/anivia_rebirth_full_half.wav,已重导,51352ed01e0b61217f8a533ad380430ea67203cfd1779a6f8fe3c0deda77a4b7,32ded5b106a3115177934453d71e7e1b7ffc4c05714abd136eb67a674469fb3c,3.406916099773243,3.4120408163265306,0.19888530671596527,0.6103298456777869,,0,0,0,atempo=2,
assets/audio/units/anivia/play_sfx_anivia_aniviabasicattack_oncast_d.wav,assets/audio/units/anivia/play_sfx_anivia_aniviabasicattack_oncast_d.wav,已重导,ccd072d24a3370fc1348ac4668e717fb03417a5a0800b0cb0a16640a12adca19,057acf999c21c1ecb150870cab8a660fa7e0eab55287b340feff0473cf9d49fb,0.7745124716553288,0.7745124716553288,0.15699636936187744,0.9999995623628979,-0.0042378212070695725,0,0,0,,
assets/audio/units/anivia/play_sfx_anivia_aniviabasicattack_onhit_r1_d.wav,assets/audio/units/anivia/play_sfx_anivia_aniviabasicattack_onhit_r1_d.wav,已重导,4afd35e47402bb29d1be868c8870267d420dcd4158e313684aa74497998e1cfa,1b3230920c6621a5287d87c10d85b52955ca2443e6d97cd3e3dad80f79b22029,1.0489342403628117,1.0489342403628117,0.12719768285751343,0.9999994850199202,-0.004225003474008195,0,0,0,,
assets/audio/units/anivia/play_sfx_anivia_aniviabasicattack_onhit_r2_d.wav,assets/audio/units/anivia/play_sfx_anivia_aniviabasicattack_onhit_r2_d.wav,已重导,b0718978ea219b74428db476debe4157a9e6ac633c17c51339f22df04f932f84,11ec6ad939e047c6fd608976bb755d1925ab440a2eafbc697d1888643fc8e2ec,0.9067800453514739,0.9067800453514739,0.11463285982608795,0.9999993449274907,-0.0051882788308041106,0,0,0,,
assets/audio/units/anivia/play_sfx_anivia_aniviabasicattack_onhit_r3_d.wav,assets/audio/units/anivia/play_sfx_anivia_aniviabasicattack_onhit_r3_d.wav,已重导,89d91607945486b86310b8b8087ae07be27095e04fba0d9d269ec4b57575ea5f,8c5b3737448e421cb01a71301dd7126f61bc41f00079aeb862b7a05b7f97e6ad,0.9734467120181406,0.9734467120181406,0.11095114797353745,0.9999994037682848,-0.004562614652214135,0,0,0,,
assets/audio/units/anivia/play_sfx_anivia_aniviabasicattack_onmissilelaunch_r1_d.wav,assets/audio/units/anivia/play_sfx_anivia_aniviabasicattack_onmissilelaunch_r1_d.wav,已重导,f0f322db507333233be000ee55364526d3595074c90c218b44367c339c40d6c6,de9deca20cc8083cb6f6bcf4342d787714c3c87c8774e6a4568e7c6442094e08,1.4821995464852609,1.4821995464852609,0.071578748524189,0.9999965253888801,-0.009153007973665956,0,0,0,,
assets/audio/units/anivia/play_sfx_anivia_aniviabasicattack_onmissilelaunch_r2_d.wav,assets/audio/units/anivia/play_sfx_anivia_aniviabasicattack_onmissilelaunch_r2_d.wav,已重导,b98773aac079a281492d05bf168238c8522af49546a285db61542a3d98742206,6d56bb75bf5d635ebe5a45c6c8ed7de4a3e0275413c53423ac6d9994986bbc31,1.627687074829932,1.627687074829932,0.0860271230340004,0.9999966813119823,-0.007074531963992911,0,0,0,,
assets/audio/units/anivia/play_sfx_anivia_aniviabasicattack_onmissilelaunch_r3_d.wav,assets/audio/units/anivia/play_sfx_anivia_aniviabasicattack_onmissilelaunch_r3_d.wav,已重导,121bb9b472fdcdfc948c151bd57dc1a61be08420db44244ae197b9560478e67c,86cd734c96ac66377b9d033d023c28d443804e91b81d639d55516943686d9fa3,1.6271655328798187,1.6271655328798187,0.0887548178434372,0.9999973974421321,-0.006170985617631829,0,0,0,,
assets/audio/units/anivia/play_sfx_anivia_glacialstorm_buffactivate_m_onset.wav,assets/audio/units/anivia/play_sfx_anivia_glacialstorm_buffactivate_m_onset.wav,已重导,6420492032adf878273ccc1de468b306a98d91d6d53f29d851214610b3baa407,fe2a17e5080e31c1706db16bbe788a9f6234ed5c129568eb667987c1c82a695f,0.72,0.72,0.2754233479499817,0.9999999877680821,-0.00189504360456958,0,0,0,atrim=duration=0.72;afade=t=out:st=0.67:d=0.05,
assets/audio/units/anivia/play_sfx_anivia_glacialstorm_onbuffdeactivate.wav,assets/audio/units/anivia/play_sfx_anivia_glacialstorm_onbuffdeactivate.wav,已重导,4f5647a4365e81979d85bed4099ae426815c4a76a0dc2ab9fd09e4be58408a05,ddf9f4d1979a58e8f158454c4487c1b765b873aed3e0ed87c5dd8738bbeb0ffa,2.07734693877551,2.07734693877551,0.09259279072284698,0.9999996137010275,-0.005218309055294734,0,0,0,,
assets/audio/units/anivia/play_sfx_anivia_glacialstorm_zone_sustain.wav,assets/audio/units/anivia/play_sfx_anivia_glacialstorm_zone_sustain.wav,已重导,452cf33142e63004cfece91a9e72c048b435469e389c272bc17afdb828e9ae63,f0a3b315c0489d6b437f098c59f3ab913d52f2bbc38b92e9798226858d2337dc,3.0,3.0,0.2592967748641968,0.9999999803075925,-0.0022858820301407032,0,0,0,atrim=start=0.72:end=3.72;asetpts=PTS-STARTPTS;afade=t=in:d=0.025;afade=t=out:st=2.92:d=0.08,
assets/audio/units/anivia/play_vo_anivia_attack2dgeneral_r2_en_us.wav,assets/audio/units/anivia/play_vo_anivia_attack2dgeneral_r2_en_us.wav,已重导,d1ea417ec1b2e190d15df34d5a5270a0a7738a3c7d69f701d43f751e9f4d717e,e49e851bf5408b98df28383adea8ea9ac6260ba2efe1c685c1b5f3c2bd88435d,1.7020408163265306,1.7020408163265306,0.20605792105197906,0.9999999951188708,10.999212980045874,0,0,0,,
assets/audio/units/anivia/play_vo_anivia_death3d_r1_zh_cn.wav,assets/audio/units/anivia/play_vo_anivia_death3d_r1_zh_cn.wav,已重导,57848d1fbc7895d57cc5f034c9f03ee0744d459ca14156e193006fcdbeae2e7c,ef1c52d0a7a2e7cd0d42719aa723211a47335adb3c20b6f013bbdfef598f42b0,1.4851700680272109,1.4851700680272109,0.26012036204338074,0.9999999900768258,10.999140937406075,0,0,0,,
assets/audio/units/anivia/play_vo_anivia_death3d_r2_zh_cn.wav,assets/audio/units/anivia/play_vo_anivia_death3d_r2_zh_cn.wav,已重导,40d2560398633097582cbc48c76ea64bbf3c4182fdd21935ea45c785aed957d1,c1b03c37a96b634ba6b108870d37bbe0057b8084443742f9a3cd8f6969d379cb,1.226485260770975,1.226485260770975,0.2608652114868164,0.999999985219965,10.999101389014651,0,0,0,,
assets/audio/units/anivia/play_vo_anivia_death3d_r3_zh_cn.wav,assets/audio/units/anivia/play_vo_anivia_death3d_r3_zh_cn.wav,已重导,483b98cf1056c3f3d1264560d9c1d13c4b38383ac9c24d42014c6be834374d46,0b6e6810530b4c358423bb1e98346ead3f35e061ea73093a307f11575cc974e2,1.3804988662131519,1.3804988662131519,0.24753686785697937,0.9999999904330658,10.999091330750941,0,0,0,,
assets/audio/units/anivia/play_vo_anivia_laugh3dgeneral_r1_en_us.wav,assets/audio/units/anivia/play_vo_anivia_laugh3dgeneral_r1_en_us.wav,已重导,c2da484fd191f87bf515fbeb7ba7d6fc7dd985ae088d0f6de4b41b32a8a68d3a,2470c8c9f7027676f1875b55e55ff1f0410ff49646bf22a34c06cf121b8162ee,1.4098639455782314,1.4098639455782314,0.2535751163959503,0.9999999863136452,10.999177402707389,0,0,0,,
assets/audio/units/apex_turret/play_sfx_heimertblue_heimerdingerrqengineaudio_onbuffactivate.wav,assets/audio/units/apex_turret/play_sfx_heimertblue_heimerdingerrqengineaudio_onbuffactivate.wav,已重导,fd98cf243e650abfd1271bd67775e13fbda1c15e1916660fdfffa635f8b580c3,449a8d060abe4dbd364c7394ec17e9bc43ce1528a5316c22f39fbe797531c837,11.999977324263039,11.999977324263039,0.050950489938259125,0.9999990818602172,-0.0126260855960015,0,0,0,,
assets/audio/units/apex_turret/play_sfx_heimertblue_heimerdingerturretbigenergyblast_oncast.wav,assets/audio/units/apex_turret/play_sfx_heimertblue_heimerdingerturretbigenergyblast_oncast.wav,已重导,bb4d6efcc7d51c97652ac7b5873f9bbb600c400dbb26bbd0f54b00cd18fb09e4,25fb5632cb5c43d4d5db534347bda1ab87841de503bdc4203a55eec3d1e6cb0c,1.4280498866213152,1.4280498866213152,0.23954303562641144,0.9999999034486002,-0.0023529233456090616,0,0,0,,
assets/audio/units/apex_turret/play_sfx_heimertblue_heimerdingerturretbigenergyblast_onhit.wav,assets/audio/units/apex_turret/play_sfx_heimertblue_heimerdingerturretbigenergyblast_onhit.wav,已重导,00bc62674b2890cb1cbaf04eb5c0bccf302a7a2bb51039f27f45b0d5939bdd15,46f8d522f17cfc7dcfd3030c73bca6d2ac97950ddeb5dc5b01aa45b59df8c03f,1.2506802721088435,1.2506802721088435,0.22259873151779175,0.9999999381881765,-0.0018220133222131634,0,0,0,,
assets/audio/units/apex_turret/play_sfx_heimertblue_heimerdingerturretbigenergyblast_onmissilelaunch.wav,assets/audio/units/apex_turret/play_sfx_heimertblue_heimerdingerturretbigenergyblast_onmissilelaunch.wav,已重导,cf4815b31a1abfa850d825208b01661786e6d0e251ff7bad98fc3805a7d0c923,473a4584874a99bb82f778919adf0ab92f66a4e95a7819e675e9948bc589555a,1.187687074829932,1.187687074829932,0.20299644768238068,0.9999998733963584,-0.0024953754503755504,0,0,0,,
assets/audio/units/apex_turret/play_sfx_heimertblue_heimertbluebasicattack_oncast_r1.wav,assets/audio/units/apex_turret/play_sfx_heimertblue_heimertbluebasicattack_oncast_r1.wav,已重导,c45dc949f43de831c7030a3e68c7a39d24ee40c2091bc90cd349b34d533222ac,8f150398d86067ae7ffc0e4ca77840316bb7fcbdfcd1f624ed54e05a2df106aa,0.46487528344671203,0.46487528344671203,0.16346076130867004,0.999999968887157,-0.0024504186589446074,0,0,0,,
assets/audio/units/apex_turret/play_sfx_heimertblue_heimertbluebasicattack_oncast_r2.wav,assets/audio/units/apex_turret/play_sfx_heimertblue_heimertbluebasicattack_oncast_r2.wav,已重导,efaecab7de3e1a0f14c9ad748afeea033397c395b5b1567e2a1e916db7ecc256,d45d396e2ee6ef03ac740b7e5438fabc28f836a26c3572a2280f9957481d5a60,0.35975056689342405,0.35975056689342405,0.1493801772594452,0.9999999677049849,-0.002751810086650069,0,0,0,,
assets/audio/units/apex_turret/play_sfx_heimertblue_heimertbluebasicattack_oncast_r3.wav,assets/audio/units/apex_turret/play_sfx_heimertblue_heimertbluebasicattack_oncast_r3.wav,已重导,34300b6e6d76b59077d38fa2c8c7abeb60d1ce339e03f6f7f4de9c6362800216,5ad0bc5fdd9bb6c23da15c5ee081bc77a96971f4e9e593e26a60dbcdab790c26,0.4520181405895692,0.4520181405895692,0.17977392673492432,0.9999999673020051,-0.0024522107240743723,0,0,0,,
assets/audio/units/apex_turret/play_sfx_heimertblue_heimertbluebasicattack_onhit_r1.wav,assets/audio/units/apex_turret/play_sfx_heimertblue_heimertbluebasicattack_onhit_r1.wav,已重导,f6eb5bfc0bee191a56f3282965b68b4919fc0408491ea6a055ac3991fdb5a982,a3d618d7f974752c5fcc76ca62e6bebdb5c87ae891804b076e0d6dc593abab0e,0.857687074829932,0.857687074829932,0.15276150405406952,0.9999998860260731,-0.00318987833714784,0,0,0,,
assets/audio/units/apex_turret/play_sfx_heimertblue_heimertbluebasicattack_onhit_r2.wav,assets/audio/units/apex_turret/play_sfx_heimertblue_heimertbluebasicattack_onhit_r2.wav,已重导,a8a0e3ba1b42a5828a2425ca00a12e4a154eba252d8cb47fcd282e65cfe28106,866913baa86d959b712debae59d81fc4eeacdab0f1aa8ef5193d8786509468d5,0.8478911564625851,0.8478911564625851,0.16084298491477966,0.9999999006637199,-0.0031662900092787375,0,0,0,,
assets/audio/units/apex_turret/play_sfx_heimertblue_heimertbluebasicattack_onhit_r3.wav,assets/audio/units/apex_turret/play_sfx_heimertblue_heimertbluebasicattack_onhit_r3.wav,已重导,7178c2726eb8d2e7bd7c1f1532b7c41343add2f7e515809c814b55ccfa419e44,873e760e70e23964e8f54684aad1f12e228ddfeb14590b8e5cc9b7309443285c,0.85,0.85,0.16634179651737213,0.9999998875242614,-0.003220443587067337,0,0,0,,
assets/audio/units/apex_turret/play_sfx_heimertblue_heimertbluebasicattack_onmissilelaunch_r1.wav,assets/audio/units/apex_turret/play_sfx_heimertblue_heimertbluebasicattack_onmissilelaunch_r1.wav,已重导,c0ffb5b1d120869dcdbf94752dfc93b16ce0118ee9f2a962766b6e9ba034062d,afcc5b0cf9b120243e0fad3337a870bde3014e4a5c152e38c2d697446d0ce502,1.7331972789115646,1.7331972789115646,0.20617330074310303,0.9999999182478932,-0.0024723685562030753,0,0,0,,
assets/audio/units/apex_turret/play_sfx_heimertblue_heimertbluebasicattack_onmissilelaunch_r2.wav,assets/audio/units/apex_turret/play_sfx_heimertblue_heimertbluebasicattack_onmissilelaunch_r2.wav,已重导,3946f3e83da91eefc99705095f5add106c3d8e83abfd05fc7432bb5d8588d299,213603d09949a5f3dc9858abb65887f4c4bb9f6bae376914e8ae782f63a1d3e4,1.477845804988662,1.477845804988662,0.20102234184741974,0.9999999278603077,-0.0024121083464712376,0,0,0,,
assets/audio/units/apex_turret/play_sfx_heimertblue_heimertbluebasicattack_onmissilelaunch_r3.wav,assets/audio/units/apex_turret/play_sfx_heimertblue_heimertbluebasicattack_onmissilelaunch_r3.wav,已重导,e7914220d3b7618fcdb9d436db4d4b40f6a60534b9604b97a2c8d3e5617970df,a3dbdfb4b3cd8068a341558f1bc4ee5e2cfcd09d72a8f62f5ef4980a94c5134d,1.5335600907029479,1.5335600907029479,0.20948795974254608,0.999999926829439,-0.0022829314185542128,0,0,0,,
assets/audio/units/apex_turret/play_sfx_heimertyellow_heimerdingerqspawndestroyaudio_onbuffactivate_r1.wav,assets/audio/units/apex_turret/play_sfx_heimertyellow_heimerdingerqspawndestroyaudio_onbuffactivate_r1.wav,已重导,e09f8be388de436ca5e079166537acceb3efd72def66c6a07530c227c4a126c7,666516f83304fc510a061cf86e6cd75d7c6dca34e9712212ebd084a3933dc5ad,1.0051927437641723,1.0051927437641723,0.36085814237594604,0.9999999626098276,-0.00216956956013222,0,0,0,,
assets/audio/units/apex_turret/play_sfx_heimertyellow_heimerdingerqspawndestroyaudio_onbuffactivate_r2.wav,assets/audio/units/apex_turret/play_sfx_heimertyellow_heimerdingerqspawndestroyaudio_onbuffactivate_r2.wav,已重导,8f6088a57bc724ad0008269935b15c9d7e9bfe6ee80a09db655865d414c73b8a,3a880ad92c90eeb8a3df4b9c86e3bf29e568059c4a8a15947f0a7a081946df81,1.122517006802721,1.122517006802721,0.3575020134449005,0.9999999553670875,-0.002176214166709181,0,0,0,,
assets/audio/units/apex_turret/play_sfx_heimertyellow_heimerdingerqspawndestroyaudio_onbuffactivate_r3.wav,assets/audio/units/apex_turret/play_sfx_heimertyellow_heimerdingerqspawndestroyaudio_onbuffactivate_r3.wav,已重导,a0be40e217d8c40ea8100647a6edcaa2a004c5432a2eb9d629036fd0e2596dee,4b7abc316715a3d3295ba0efd1a056f487e2e8a84eb9354ddbaa030648428250,1.0496825396825398,1.0496825396825398,0.35511314868927,0.9999999632548207,-0.0020627634580449874,0,0,0,,
assets/audio/units/apex_turret/play_sfx_heimertyellow_heimerdingerqspawndestroyaudio_onbuffdeactivate_r1.wav,assets/audio/units/apex_turret/play_sfx_heimertyellow_heimerdingerqspawndestroyaudio_onbuffdeactivate_r1.wav,已重导,95f6c5a965e9ad28ad88417de367846a7d72018d85f0176cd7d25d83861bd578,f685364b63fb3fcbe9fc676b5f735833a60555164ac5829b8a7cac077b76b93e,1.5,1.5,0.09171602874994278,0.9999997866495136,-0.005384370721240629,0,0,0,atrim=duration=1.5;afade=t=out:st=1.0:d=0.5,
assets/audio/units/apex_turret/play_sfx_heimertyellow_heimerdingerqspawndestroyaudio_onbuffdeactivate_r2.wav,assets/audio/units/apex_turret/play_sfx_heimertyellow_heimerdingerqspawndestroyaudio_onbuffdeactivate_r2.wav,已重导,9185b5f520160299692e3e91bcb36f678fa094445bed2761914b894a7f636875,ed8dff80fa745cbb3e042f9b139a0a2a690133a10523a8856d48a4aa55ed1c30,1.3254421768707483,1.3254421768707483,0.09360245615243912,0.9999998538864473,-0.004871237588812076,0,0,0,,
assets/audio/units/apex_turret/play_sfx_heimertyellow_heimerdingerqspawndestroyaudio_onbuffdeactivate_r3.wav,assets/audio/units/apex_turret/play_sfx_heimertyellow_heimerdingerqspawndestroyaudio_onbuffdeactivate_r3.wav,已重导,77a3e0e8068d17ccca677c412de123f5c71734893c7877f5413515765267be24,5bb32fd2926e1412bed1659acc84d3a0c335bb705f7f32a73ec02c7786d34556,1.5,1.5,0.08537612110376358,0.9999998403449222,-0.0055865011472839236,0,0,0,atrim=duration=1.5;afade=t=out:st=1.0:d=0.5,
assets/audio/units/ashe/play_sfx_ashe_ashebasicattack_oncast_r1_d.wav,assets/audio/units/ashe/play_sfx_ashe_ashebasicattack_oncast_r1_d.wav,已重导,31f647febe9179cf888112e53f6ed238bd17e1fdee2a66b69ae6b91126aa189b,da2e77169a9a935094ebe541667320c222f97e911b71dff598ec2987c92a6f7f,0.9431972789115646,0.9431972789115646,0.02964921109378338,0.9999944820129628,-0.021656232293277365,0,0,0,,
assets/audio/units/ashe/play_sfx_ashe_ashebasicattack_oncast_r2_d.wav,assets/audio/units/ashe/play_sfx_ashe_ashebasicattack_oncast_r2_d.wav,已重导,b97bed299f53b683f2db9b5fdf3cbafab917b4ad3c3b894c2aa918d1c1e65ff9,42219dbf66e4e41b03db977e142d34e4ebc1bd248bb82db570a02d3bc05a7688,0.2764625850340136,0.2764625850340136,0.0383375808596611,0.9999935283392059,-0.020988661341430875,0,0,0,,
assets/audio/units/ashe/play_sfx_ashe_ashebasicattack_onhit_r1_d.wav,assets/audio/units/ashe/play_sfx_ashe_ashebasicattack_onhit_r1_d.wav,已重导,506c7cc655fdab22b993c0c9db276959b60fa46f16c033f8d639f3329c114e2d,44431b5d2beed8972ae6124bddc24220c86863a7ab6caecb9752df804b1345c8,0.5541269841269841,0.5541269841269841,0.17457273602485657,0.9999997990997792,-0.0026352063088033776,0,0,0,,
assets/audio/units/ashe/play_sfx_ashe_ashebasicattack_onhit_r2_d.wav,assets/audio/units/ashe/play_sfx_ashe_ashebasicattack_onhit_r2_d.wav,已重导,e63c7d0e1d1488745055a4de2471db4dd0b39a1f02e25f82606a13438231a14d,f4a003dd7617c86f4395a9c185f651c48ca45b756d8ee87aed75b44dbe54cef5,0.7011111111111111,0.7011111111111111,0.16944578289985657,0.9999998847650732,-0.0025080188547123277,0,0,0,,
assets/audio/units/ashe/play_sfx_ashe_ashebasicattack_onhit_r3_d.wav,assets/audio/units/ashe/play_sfx_ashe_ashebasicattack_onhit_r3_d.wav,已重导,65e4cfc35f6c6206203327173d1429fc80f3c42c10d1ffe7648fa221ff3754a2,acfcb5ee5b4eab233bb7d8d7a0bf84452a60361649c38edb616b5f9b1cfd64a1,0.8832879818594104,0.8832879818594104,0.1461326628923416,0.9999997389833957,-0.0032561866945438446,0,0,0,,
assets/audio/units/ashe/play_sfx_ashe_ashebasicattack_onmissilelaunch_r1_d.wav,assets/audio/units/ashe/play_sfx_ashe_ashebasicattack_onmissilelaunch_r1_d.wav,已重导,ebcc26f7c9dfb3871a8d04f1d5fb52c48a7128454bcc70f26bbdd6a11ba89f13,72119ad07a38eafa2cb620f86024fa0e15f4afd41e0a54b2ac1a4a9021352f36,0.7389569160997732,0.7389569160997732,0.16835066676139832,0.9999930514465852,-0.012608448439554687,0,0,0,,
assets/audio/units/ashe/play_sfx_ashe_ashebasicattack_onmissilelaunch_r2_d.wav,assets/audio/units/ashe/play_sfx_ashe_ashebasicattack_onmissilelaunch_r2_d.wav,已重导,1e926fe218fc89263cd41beae3bcc739638ac35f0c14d839db6d9cba4d5f188c,ad27a7158bdf3f29ad1347129437c2b405511c05e3183d51b164901f2292f5b1,0.6326757369614513,0.6326757369614513,0.06242541968822479,0.9999314505101883,-0.015281958403448908,0,0,0,,
assets/audio/units/ashe/play_sfx_ashe_ashebasicattack_onmissilelaunch_r3_d.wav,assets/audio/units/ashe/play_sfx_ashe_ashebasicattack_onmissilelaunch_r3_d.wav,已重导,6692cd0a3623206db9eeaa01dbec6b80a215677990d9eae80eed563a0a0126ad,50563653c223493af107d6c4f7f182a95850948fa5247b18bdadfec8e26292cf,0.834625850340136,0.834625850340136,0.19424653053283691,0.9999903031554184,-0.010687797009215665,0,0,0,,
assets/audio/units/ashe/play_sfx_ashe_volley_oncast_r1_d.wav,assets/audio/units/ashe/play_sfx_ashe_volley_oncast_r1_d.wav,已重导,25d0215d754f45aab573727e1c761ffd450b2a07c2621c88bf22ced748c71c45,97a93692e93ed9446c303231ff9da229f930a38484903a34b278055e0e95e64d,0.9431972789115646,0.9431972789115646,0.020990032702684402,0.9999888993167695,-0.031212369891959142,0,0,0,,
assets/audio/units/ashe/play_sfx_ashe_volley_oncast_r2_d.wav,assets/audio/units/ashe/play_sfx_ashe_volley_oncast_r2_d.wav,已重导,c5a2504745066b32682c24eebf153a8ffc524f5149c854e486a49dfbc539ba43,6167664990e689e31271eaa995a9b92a15eadc36f7a5434607828e1ca15ee403,0.2764625850340136,0.2764625850340136,0.02714092843234539,0.999987357914281,-0.03039704957138486,0,0,0,,
assets/audio/units/ashe/play_sfx_ashe_volleyattack_onhit_r1.wav,assets/audio/units/ashe/play_sfx_ashe_volleyattack_onhit_r1.wav,已重导,20370224a7913126fade953e6b027c2c3f636010081d0c80b039118f563c3e18,cc192a394fd28c5074073b3bf8d037658e057a2be489dbeb811a47cca2da6423,0.890702947845805,0.890702947845805,0.27350273728370667,0.9999998650403715,-0.002069585199940979,0,0,0,,
assets/audio/units/ashe/play_sfx_ashe_volleyattack_onhit_r2.wav,assets/audio/units/ashe/play_sfx_ashe_volleyattack_onhit_r2.wav,已重导,b3644f01d34e79a4777fc3c7298eda00b2fb05b35dc0577cd194cbd76ea8313f,4be59e9052e8799a31ed5781f7532dccd9e484f68d80c659af019de91bbf9992,1.061201814058957,1.061201814058957,0.2620033025741577,0.999999921338401,-0.001842023427957335,0,0,0,,
assets/audio/units/ashe/play_sfx_ashe_volleyattack_onhit_r3.wav,assets/audio/units/ashe/play_sfx_ashe_volleyattack_onhit_r3.wav,已重导,ac3cfef17eeb9f797c02f5ec70a29b0d9664172ffd04034a1d5f36c97a7f7c8a,5649310754515eee7cfe3a000d6ff6aecd7acfddc76a43b0f911af30a1a1d981,1.7914285714285714,1.7914285714285714,0.23117560148239136,0.9999997854685737,-0.0025293640622238473,0,0,0,,
assets/audio/units/ashe/play_sfx_ashe_volleyattackwithsound_onmissilelaunch.wav,assets/audio/units/ashe/play_sfx_ashe_volleyattackwithsound_onmissilelaunch.wav,已重导,9fb47b38ba6734e98d8ba8e0b2c94f50166173f65fab9499dd8e6ee555b26a34,b0e5856e1a86d78fe0d1f3933e051ce641762b48f5e767edfc1553eff02ad21f,1.6682993197278913,1.6682993197278913,0.2479342222213745,0.9999999521133415,-0.0024513208340985098,0,0,0,,
assets/audio/units/ashe/play_vo_ashe_attack2dgeneral_r10_en_us.wav,assets/audio/units/ashe/play_vo_ashe_attack2dgeneral_r10_en_us.wav,已重导,15fcfec3b7a268d61b0ab28f4c6f5011119c03e8dc011218ffc62e6d21adef4a,3d50e39c631dd72066d211127ae9ddc3dd4e29c5a8351cb7f63cde83d8e03ae1,1.7182766439909296,1.7182766439909296,0.15617723762989044,0.9999999832519594,11.999057034411651,0,0,0,,
assets/audio/units/ashe/play_vo_ashe_death3d_r1_zh_cn.wav,assets/audio/units/ashe/play_vo_ashe_death3d_r1_zh_cn.wav,已重导,c3ac045e908519d286a32a83f9cfe68c789c41d346eb0437a277779f4eb3bcab,b301ecc9e9f0ad909d7ddde423e41d69d239c84aff066ecf2bca3524d83baf6a,1.5,1.5,0.2539658844470978,0.9999999787728067,-0.0019849819065771244,0,0,0,atrim=duration=1.5;afade=t=out:st=1.0:d=0.5,
assets/audio/units/ashe/play_vo_ashe_death3d_r2_zh_cn.wav,assets/audio/units/ashe/play_vo_ashe_death3d_r2_zh_cn.wav,已重导,ab7cb541dde0931a947203c49b53b72423669d37933171ef1ae1594b1ba26740,1f257c2e05a3e3a15d9342fd951049d139650cbe0ebb79cdbc03f155aef39580,1.5,1.5,0.23203931748867035,0.9999999766241017,-0.001975265887680079,0,0,0,atrim=duration=1.5;afade=t=out:st=1.0:d=0.5,
assets/audio/units/ashe/play_vo_ashe_death3d_r3_zh_cn.wav,assets/audio/units/ashe/play_vo_ashe_death3d_r3_zh_cn.wav,已重导,aa819251f4bb98ae20ad448309d34d921d131fa6803b164486a9d42358f5afd9,93e6b60a2177f31b3dee5ba5df1dd0c770176944284be6f28a04475269b0caf5,1.5,1.5,0.2301335632801056,0.9999999835268197,-0.001940206259004561,0,0,0,atrim=duration=1.5;afade=t=out:st=1.0:d=0.5,
assets/audio/units/ashe/play_vo_ashe_move2dstandard_r3_en_us.wav,assets/audio/units/ashe/play_vo_ashe_move2dstandard_r3_en_us.wav,已重导,2ed7d4d1f332d60f7e8ca5c1d4b352371c462df7c54c96b34193cb07b7652633,bfa2b4731996c772dd596e33e70a0c8cde08cb135edf5ff99dc3194fea038e2f,1.4164172335600906,1.4164172335600906,0.17022249102592468,0.9999999807375513,10.999049168893647,0,0,0,,
assets/audio/units/aurelionsol/play_sfx_aurelionsol_aurelionsolq_buffdeactivate_r1.wav,assets/audio/units/aurelionsol/play_sfx_aurelionsol_aurelionsolq_buffdeactivate_r1.wav,已重导,3ba167684c142ccd011662494c3344c56e9909ce735c7bc079f95f0481171d9d,b7296d7f46fc9f983343827efd46682db08c0a628e30adeaa38750c4bc355d2b,0.8418367346938775,0.8418367346938775,0.03681078925728798,0.9999974186569758,-0.012414604181821564,0,0,0,,
assets/audio/units/aurelionsol/play_sfx_aurelionsol_aurelionsolq_buffdeactivate_r2.wav,assets/audio/units/aurelionsol/play_sfx_aurelionsol_aurelionsolq_buffdeactivate_r2.wav,已重导,01f2f89200a1c671843b784786f95667f11053e2175e69fa422a8502d0f643c0,98b1978f65fbcbddd04e2a27390ff5b68b8682df9b54598e166fd7411b993029,0.8843537414965986,0.8843537414965986,0.038285527378320694,0.9999965166912327,-0.013787607025579834,0,0,0,,
assets/audio/units/aurelionsol/play_sfx_aurelionsol_aurelionsolq_buffdeactivate_r3.wav,assets/audio/units/aurelionsol/play_sfx_aurelionsol_aurelionsolq_buffdeactivate_r3.wav,已重导,3b78f5ca1f4d07c5f706ef1b3311e73fb07ac69243a906f64fa432eb1baff536,8d1a1ebf503b944bbcc0d3de915e29e7b3eee76acc86a7f980ba252d5be37a91,0.8497052154195012,0.8497052154195012,0.03510192036628723,0.999994141508184,-0.01980717284319606,0,0,0,,
assets/audio/units/aurelionsol/play_sfx_aurelionsol_aurelionsolq_missilecast_r1.wav,assets/audio/units/aurelionsol/play_sfx_aurelionsol_aurelionsolq_missilecast_r1.wav,已重导,281db3fb5dcff8dd10ca709c30c600a5d14c839c9bacdc757e4036023e77e6cc,53ca3261792be39b4a1ecfb413bf44bc1c3fe7e3583d6868188bee9446b2b06c,2.92,2.92,0.1726083606481552,0.9999999298306914,-0.0024028969038789923,0,0,0,,
assets/audio/units/aurelionsol/play_sfx_aurelionsol_aurelionsolq_missilecast_r2.wav,assets/audio/units/aurelionsol/play_sfx_aurelionsol_aurelionsolq_missilecast_r2.wav,已重导,54a180639db1005f9b478763a9db6e3f569f1e0db58d410729304572a6dfe325,ced148cccc84b9eae45e980974a413400b019eca19355bf7a9d2d41b7a7a3173,2.92,2.92,0.16504232585430145,0.9999999289545697,-0.002512883260457717,0,0,0,,
assets/audio/units/aurelionsol/play_sfx_aurelionsol_aurelionsolq_missilecast_r3.wav,assets/audio/units/aurelionsol/play_sfx_aurelionsol_aurelionsolq_missilecast_r3.wav,已重导,a6e78246a5769f8806b58c6f92471e0d0ae623468071ab5ffd318b0c90f3dc93,fb9ed77809438f6d381929e3e2c510f1b8e975049b8fe78224acc1c53687c009,2.92,2.92,0.18470525741577148,0.9999999257903956,-0.002412330546164309,0,0,0,,
assets/audio/units/aurelionsol/play_sfx_aurelionsol_aurelionsolq_missilelaunch.wav,assets/audio/units/aurelionsol/play_sfx_aurelionsol_aurelionsolq_missilelaunch.wav,已重导,3ba4e21375ab24e8a5f8ba7cf92d4e9808ab370ef22850348003f63cf93f30cb,d334ce6f3971163e3791a544336f89d6161d4777e4866dd2445aeac434582955,5.6216780045351475,5.6216780045351475,0.1168166995048523,0.9999999615170575,-0.0033017464486593917,0,0,0,,
assets/audio/units/aurelionsol/play_sfx_aurelionsol_aurelionsolq_oncast.wav,assets/audio/units/aurelionsol/play_sfx_aurelionsol_aurelionsolq_oncast.wav,已重导,a08af84f57eec6fc0adc714ba5d476424669247c858edfadb1f02b53c3f25bf5,558a6cd6d0cec9461ac535c215932e4cf27770137a6f01280969c6452e7ea030,1.8906575963718821,1.8906575963718821,0.17318692803382874,0.999999915655306,-0.002337086641459961,0,0,0,,
assets/audio/units/aurelionsol/play_sfx_aurelionsol_aurelionsolr2_oncast.wav,assets/audio/units/aurelionsol/play_sfx_aurelionsol_aurelionsolr2_oncast.wav,已重导,42def426885bea382c32b79509270d808f3851dbffde1c967e3056ca758ea9d8,328b53e49adfc20c538ff472397a336ce2a5d00e3e9793cd3fa212e7fed3cb68,1.579750566893424,1.579750566893424,0.15922099351882935,0.9999999303591065,-0.00261070649125839,0,0,0,,
assets/audio/units/aurelionsol/play_sfx_aurelionsol_aurelionsolr2missile_hit_super_s.wav,assets/audio/units/aurelionsol/play_sfx_aurelionsol_aurelionsolr2missile_hit_super_s.wav,已重导,8300090e5d7e4ebb399be1c902f566398482d9a714a03adae9920429cb4cdabb,c027d1fe7248b524fec41ebcf207ce3c9ad73485f752b8dc0677bda48ec25ba8,12.438503401360544,12.438503401360544,0.5105471611022949,0.9999999898320358,-0.0011034901036041545,0,0,0,,
assets/audio/units/aurelionsol/play_sfx_aurelionsol_aurelionsolr2missile_missilelaunch_super.wav,assets/audio/units/aurelionsol/play_sfx_aurelionsol_aurelionsolr2missile_missilelaunch_super.wav,已重导,168a1114bb33114c8ccaca7144fe93eeb83a0c028d4a4ec82b6a3999ce090d97,453e262e882ba864c36ec85004da1fab01284a1c5827c8403ca075101091c0c5,2.1789569160997733,2.1789569160997733,0.29939523339271545,0.9999999836736563,-0.0014321590627368224,0,0,0,,
assets/audio/units/aurelionsol/play_sfx_aurelionsol_aurelionsolr_hit_shockwave_r1.wav,assets/audio/units/aurelionsol/play_sfx_aurelionsol_aurelionsolr_hit_shockwave_r1.wav,已重导,2d43d95dc406fb9f3037bdc124c8a178d298782b890c37e107aa592fcf9e2c66,30279fda409c3fdca03e820ac04daee7dfb006243ac49cd0bdd165f007b7e4a7,2.9,2.9,0.16446471214294434,0.9999998298571523,-0.0028499403837003996,0,0,0,,
assets/audio/units/aurelionsol/play_sfx_aurelionsol_aurelionsolr_hit_shockwave_r2.wav,assets/audio/units/aurelionsol/play_sfx_aurelionsol_aurelionsolr_hit_shockwave_r2.wav,已重导,9564b3dc2eb7566383f5c0a0b082294e609fbec94ce7c22ece13c9b6876be0e2,f8fabaf542143e2864eb868f7a6f20278de8a7edfd6ff0255aaff86d7df30251,2.938775510204082,2.938775510204082,0.1663580983877182,0.9999998398361034,-0.002843729794678654,0,0,0,,
assets/audio/units/aurelionsol/play_sfx_aurelionsol_aurelionsolr_hit_shockwave_r3.wav,assets/audio/units/aurelionsol/play_sfx_aurelionsol_aurelionsolr_hit_shockwave_r3.wav,已重导,4f259abbb1306ffaba885855ac4554c10366504decb1496e8e87312f0d094711,4761980adf250ea362cd9c3bec0b426c5a11ee5d4ea591077c7059ba3de4dc62,3.0536507936507937,3.0536507936507937,0.1635202169418335,0.999999795031375,-0.0029963001392975855,0,0,0,,
assets/audio/units/aurelionsol/play_sfx_aurelionsol_aurelionsolr_oncast.wav,assets/audio/units/aurelionsol/play_sfx_aurelionsol_aurelionsolr_oncast.wav,已重导,1c8adc8ebb793b9f526d391a49a9a547ae194a76e98bb9ffb6f3b3400d968c0a,7afeb69f27e7ba03064afc427103fddc07198b0b2585c33c993f5a67ae477d8e,1.579750566893424,1.579750566893424,0.1767996996641159,0.9999999515502012,-0.002301764324506387,0,0,0,,
assets/audio/units/aurelionsol/play_sfx_aurelionsol_aurelionsolrmissile_hit_r1.wav,assets/audio/units/aurelionsol/play_sfx_aurelionsol_aurelionsolrmissile_hit_r1.wav,已重导,1d72ec4e1ec39933ab907523504ad5f5f5300dbc156585fbae9741b6fd2269a9,53c06033bf28a4b06e587587d133afadb6cee6923621283352540b49f751fbf6,4.10344671201814,4.10344671201814,0.28790760040283203,0.9999999791585146,-0.0013236983724930315,0,0,0,,
assets/audio/units/aurelionsol/play_sfx_aurelionsol_aurelionsolrmissile_hit_r2.wav,assets/audio/units/aurelionsol/play_sfx_aurelionsol_aurelionsolrmissile_hit_r2.wav,已重导,61a0a6715a83f7e469e8f984509dca43a91484bc9b271bb4e8d936ea3d9d8150,fcd5f01c0f3b89e16f413fdde985ccb0b24dc006a5ff1e041e5444369e1b1f35,3.820249433106576,3.820249433106576,0.29104453325271606,0.9999999830109821,-0.0013206087700818043,0,0,0,,
assets/audio/units/aurelionsol/play_sfx_aurelionsol_aurelionsolrmissile_hit_r3.wav,assets/audio/units/aurelionsol/play_sfx_aurelionsol_aurelionsolrmissile_hit_r3.wav,已重导,6075f1ee5e5c256dd98bae89f28638eda9000ce225cb9b3f459581188660ae28,ece13b59fe5a6dff400e7ff29cd187219c4024569aaa43c051990e6335602190,3.8200226757369613,3.8200226757369613,0.29554450511932373,0.9999999854932273,-0.0013048263741560896,0,0,0,,
assets/audio/units/aurelionsol/play_sfx_aurelionsol_aurelionsolrmissile_missilelaunch.wav,assets/audio/units/aurelionsol/play_sfx_aurelionsol_aurelionsolrmissile_missilelaunch.wav,已重导,c75c3915130cd8142c087f0cdddd5331b3224df5d82c7f6d503d01b397913297,8a733d2e3a46c44d00f2061170e899abd48adf5c800f8395da48c9f7b7574d20,2.010068027210884,2.010068027210884,0.21819935739040375,0.999999963074625,-0.0018810483181645609,0,0,0,,
assets/audio/units/aurelionsol/play_sfx_aurelionsol_respawn3d_buffactivate.wav,assets/audio/units/aurelionsol/play_sfx_aurelionsol_respawn3d_buffactivate.wav,已重导,a19ea8cc994cfb7f0d3cb79fd7671d86dfe11a90b5121176defcc2d49f02957a,1a27c99b5a9d99fb57dc1cb9d24e05a5d68a2c91592adaa656847dfef24aff05,2.4254195011337867,2.4254195011337867,0.18651717901229858,0.9999998690816339,-0.003209709969944266,0,0,0,,
assets/audio/units/aurelionsol/play_vo_aurelionsol_death3d_r1_zh_cn.wav,assets/audio/units/aurelionsol/play_vo_aurelionsol_death3d_r1_zh_cn.wav,已重导,e42e29d22c1360982d86352c854ba14b9703b0475160ee76a01000ad23572e21,551bf2b040fee55c4ccbb9f6a43a01736732b36befb4f10935d39470df34aac7,1.5,1.5,0.1456536203622818,0.9999889475481013,17.9934986141425,0,0,0,atrim=duration=1.5;afade=t=out:st=1.0:d=0.5,
assets/audio/units/aurelionsol/play_vo_aurelionsol_death3d_r2_zh_cn.wav,assets/audio/units/aurelionsol/play_vo_aurelionsol_death3d_r2_zh_cn.wav,已重导,7ff49c64046b1464f6745166edf611e141360c72cbfa6bfc175a3e289b8e7d29,6555a3758bcf3e34b717fb1c13ba1f76a694ee147041c1046c417bcc2d4e0667,1.5,1.5,0.1375650316476822,0.9999961406958978,17.995960301645407,0,0,0,atrim=duration=1.5;afade=t=out:st=1.0:d=0.5,
assets/audio/units/aurelionsol/play_vo_aurelionsol_death3d_r3_zh_cn.wav,assets/audio/units/aurelionsol/play_vo_aurelionsol_death3d_r3_zh_cn.wav,已重导,7ce5094a159201f234d018e9fdc34d78d225e434960c4ec9a3189f519b72cdf1,47575097399d5fc1c348a9b64472be2c65ad582b67639fb2da2e6b94c90f723e,1.5,1.5,0.1431352198123932,0.9999864380657038,17.992394472072274,0,0,0,atrim=duration=1.5;afade=t=out:st=1.0:d=0.5,
assets/audio/units/belveth/cast_1.wav,assets/audio/units/belveth/cast_1.wav,已重导,4009b6b71d69cef2242f88f7d95dae38fc450b2f82c502450b5d7bd14b029508,74afd39bc1dede757c5866f973e7f733083f5a76d31e14e31452d4faebb59950,2.3755625,2.3755625,0.13756757974624634,0.9999999953375386,11.999998695548609,0,0,0,,
assets/audio/units/belveth/death_1.wav,assets/audio/units/belveth/death_1.wav,已重导,7f94d71ebd8be8498e7a2edd8c86dcb143c7a5b09701524d3db7d707b71f6f80,deb2fa40e511b226c98cf49f0b9226eb067b477cff127ec6834787ae8aaeee6e,1.5,1.5,0.13594350218772888,0.9999999943873181,12.99998359287968,0,0,0,atrim=duration=1.5;afade=t=out:st=1.0:d=0.5,
assets/audio/units/belveth/deploy_1.wav,assets/audio/units/belveth/deploy_1.wav,已重导,739beb62f47c2f809b40866fe49816e2bdbde45b33d9210e72666ba08ba80e77,5941f676ab4ebdbb1dbdd1bd4580b8f59c4009aa8e77bd58c4846f5ad5230669,3.070854166666667,3.070854166666667,0.10938771069049835,0.9999999962581465,14.999999627338102,0,0,0,,
assets/audio/units/belveth/hit_1.wav,assets/audio/units/belveth/hit_1.wav,已重导,d46247278f8b02a945fb4a19cb656d541fa3b236afb212aea39a7be0224459e0,f2013ef36d2db9e1e9a438c186a0d68869ba8d5f79881242585deb218da92558,0.4156666666666667,0.4156666666666667,0.12141819298267365,0.9999999937403964,15.000008294977672,0,0,0,,
assets/audio/units/belveth/hit_2.wav,assets/audio/units/belveth/hit_2.wav,已重导,50d9fa3f05751e1a6aece61486ebc45c79b38ef3faba9a31be877f7c874adf29,f3817925c585a423e463a2d7f548100c114ccdb2ab7c0edb695d419af93b60fd,0.4875625,0.4875625,0.1164405345916748,0.9999999931138649,14.999998475317033,0,0,0,,
assets/audio/units/belveth/hit_3.wav,assets/audio/units/belveth/hit_3.wav,已重导,e72c62e4f6d04d5f3dc21fd203bddd1b3a8578dc34a78c60ef444648e36af2cb,9fae8a5863fff1b3b846ef4bd89c0ee8d884ef3a7505ed255ebde901eec88300,0.38679166666666664,0.38679166666666664,0.11807511746883392,0.9999999923886524,14.999972252393919,0,0,0,,
assets/audio/units/belveth/hit_4.wav,assets/audio/units/belveth/hit_4.wav,已重导,fd8a2e1997c3cc8a50f5767e3affb07563d9355a1218a2e09005194da1212e1a,298a4370db68403e9bd895638c65490d3ecf656d755b98d3bfba192c5b90806e,0.4739375,0.4739375,0.1202317625284195,0.9999999923817602,15.000009586879177,0,0,0,,
assets/audio/units/belveth/skill_hit_1.wav,assets/audio/units/belveth/skill_hit_1.wav,已重导,76eace03db358c4c83a64121d0edc9d0305d1b3da552c3b41afdc99f05a63048,6db9a3531d6aff8390ffb5ee851117e857d46e9734f6d15742b257de0bf6fe09,1.7234375,1.7234375,0.21758076548576355,0.9999999962091254,7.999991466537848,0,0,0,,
assets/audio/units/belveth/swing_1.wav,assets/audio/units/belveth/swing_1.wav,已重导,5262db1d4d05ac49f0d3aa77bf9216d6e2f8caf613469e7b17b1080e7259aacf,56706bf1e0c850f3d15c37e65e13b6e24922a6bf751e681fdc2404912f11d1b6,0.46577083333333336,0.46577083333333336,0.13997265696525574,0.999999991428123,13.000007681742769,0,0,0,,
assets/audio/units/belveth/swing_2.wav,assets/audio/units/belveth/swing_2.wav,已重导,b2f0e1507a2c7b558cd407a4aedbdfd35aa6ff3d514a104fe1fad286739c5ef7,4417b67cccfb0bae96d46f7c27dce154a6761bc77f71efc92894b603c9d0497c,0.4678125,0.4678125,0.15357592701911926,0.9999999940712636,13.000001661968458,0,0,0,,
assets/audio/units/belveth/swing_3.wav,assets/audio/units/belveth/swing_3.wav,已重导,3ef0fa232a298ca1359a5bba9eb60ae3d832696f2010f2410710fbbe07b59c52,b5e3c765ec84dedc9453465ebf295bae92b63b3704b3ddd4a93db604c93ae6cb,0.47120833333333334,0.47120833333333334,0.14002029597759247,0.9999999942646378,13.000037546110697,0,0,0,,
assets/audio/units/belveth/swing_4.wav,assets/audio/units/belveth/swing_4.wav,已重导,54d436995afedae41ab2ea19b805b3070c2ca9eeb9ea39d611c39d0a26cbe4a0,4b9cf7f45711154dbee9d0f7e59a1cabb82f9ae018f75d9d1b49b90671b26a22,0.4725625,0.4725625,0.13252970576286316,0.9999999933468189,13.000021738761385,0,0,0,,
assets/audio/units/corki/active_big_hit0.wav,assets/audio/units/corki/active_big_hit0.wav,已重导,bb7062fc47786d5fbd884578eff73c3059e21ff772b15cee64fd93133034834f,f8a310d80f412598bf5dca2a003ffe2d77451a75c71ee4ab391b730c15feb0da,3.9999773242630385,3.9999773242630385,0.2702957093715668,0.9999999687176444,-0.0016004829812643585,0,0,0,,
assets/audio/units/corki/active_big_release0.wav,assets/audio/units/corki/active_big_release0.wav,已重导,8ea26597cfa7c69d8a43cc280d3251e779e558785ac1d8719d0f7f46f5ca89bd,158cd0503fca4e02367a244416292b4bc15c3de832823831fb386079f20f2fe5,3.166643990929705,3.166643990929705,0.2743983268737793,0.9999999705638747,-0.0015941101900312509,0,0,0,,
assets/audio/units/corki/active_big_start0.wav,assets/audio/units/corki/active_big_start0.wav,已重导,3092b8e1f8933946891b2527cfb6c37d89138cc9e6f2eb9c47cd70fa70a9440d,9afbe2f406233cbe9d656ee6de337733cd43692efd35e2f3515ddb48e859e638,0.6551927437641724,0.6551927437641724,0.1518845111131668,0.99999988866944,-0.002197435410090961,0,0,0,,
assets/audio/units/corki/active_big_start1.wav,assets/audio/units/corki/active_big_start1.wav,已重导,75ddfda02a0763b473b2e36c01aa4f3ba56f616ae6448ca8d20b20ed485dbda0,773ff3aa1a0765e20cc43bb12e7a059a0880229dbeee927d6c38b99c681bb231,0.5833106575963719,0.5833106575963719,0.1499980241060257,0.9999998847227667,-0.0028935037466758223,0,0,0,,
assets/audio/units/corki/active_big_start2.wav,assets/audio/units/corki/active_big_start2.wav,已重导,75887d11e1b35934a3353355dfe215147923577c3accc4f2ef85365d814c668c,28a350545b0e879925bce1f83becd6f53b987878c0af48ae2584e3cc8f730a4a,0.7499773242630385,0.7499773242630385,0.14233285188674927,0.9999998527247657,-0.0032185564947961355,0,0,0,,
assets/audio/units/corki/active_hit0.wav,assets/audio/units/corki/active_hit0.wav,已重导,42d67d6f814f5502f63ea3e1c870aab0a3bc0345e2567ae637933860eed639af,194abc179ce6d8e75160c3bfdbcf5696369bd6dce18c4b1943e305a098922bd7,2.4395691609977326,2.4395691609977326,0.1649734228849411,0.9999999443061246,-0.0021749154749130324,0,0,0,,
assets/audio/units/corki/active_hit1.wav,assets/audio/units/corki/active_hit1.wav,已重导,48bdbf9eff5b3950283131a6ec9eaab822236a12d4168a41cb36a60c6e9fcc85,59c62c6e54b93965f53cae15f4c9f7e814808b970421fac0db1757a15605e517,2.4395691609977326,2.4395691609977326,0.17755559086799622,0.9999999570892621,-0.0020983135492296076,0,0,0,,
assets/audio/units/corki/active_hit2.wav,assets/audio/units/corki/active_hit2.wav,已重导,c3dddc13304709d96e254ed3f833844e200d36574cf0fba2a2abd8ea0e2a34a7,fce8e54b5c69d5b16aa8d359a3bafb0131434fdbcbd064dde32688802a8047c2,2.4395691609977326,2.4395691609977326,0.1755409836769104,0.9999999392841429,-0.0021055012433655682,0,0,0,,
assets/audio/units/corki/active_release0.wav,assets/audio/units/corki/active_release0.wav,已重导,ed2f1e89745ee68139c2addf6db0807284961ba69c3ec80e40f3d3ff6771da0d,c7873466cffec27c81550f079896d1be34161ec4068fc5a3a4a730e3d5b0ed5a,2.136439909297052,2.136439909297052,0.15914927423000336,0.9999998990367432,-0.0025350116617897218,0,0,0,,
assets/audio/units/corki/active_start0.wav,assets/audio/units/corki/active_start0.wav,已重导,3092b8e1f8933946891b2527cfb6c37d89138cc9e6f2eb9c47cd70fa70a9440d,9afbe2f406233cbe9d656ee6de337733cd43692efd35e2f3515ddb48e859e638,0.6551927437641724,0.6551927437641724,0.1518845111131668,0.99999988866944,-0.002197435410090961,0,0,0,,
assets/audio/units/corki/active_start1.wav,assets/audio/units/corki/active_start1.wav,已重导,75ddfda02a0763b473b2e36c01aa4f3ba56f616ae6448ca8d20b20ed485dbda0,773ff3aa1a0765e20cc43bb12e7a059a0880229dbeee927d6c38b99c681bb231,0.5833106575963719,0.5833106575963719,0.1499980241060257,0.9999998847227667,-0.0028935037466758223,0,0,0,,
assets/audio/units/corki/active_start2.wav,assets/audio/units/corki/active_start2.wav,已重导,75887d11e1b35934a3353355dfe215147923577c3accc4f2ef85365d814c668c,28a350545b0e879925bce1f83becd6f53b987878c0af48ae2584e3cc8f730a4a,0.7499773242630385,0.7499773242630385,0.14233285188674927,0.9999998527247657,-0.0032185564947961355,0,0,0,,
assets/audio/units/corki/attack_hit0.wav,assets/audio/units/corki/attack_hit0.wav,已重导,298b25d58d2a5cc3ef811252918fcb6c62e6877cbaf0475cb94478546d437b75,bfde318fe339ab13fc4f8a31ce22f0bdb56832e15a34c8a86e3b6c59d62196dd,1.2124943310657597,1.2124943310657597,0.11864621937274933,0.9999998003281124,-0.003447304734895138,0,0,0,,
assets/audio/units/corki/attack_launch0.wav,assets/audio/units/corki/attack_launch0.wav,已重导,663dddb552f5adc24e8fd9579e580ca3754757dec64330cd593496fb34a48409,c5c605bb506487caa1583093c3f527827284fef1ca4733cd8fc84d29f36adc0c,1.945827664399093,1.945827664399093,0.05928350239992142,0.9999990275342184,-0.007969384165520869,0,0,0,,
assets/audio/units/corki/attack_swing0.wav,assets/audio/units/corki/attack_swing0.wav,已重导,3ef54df9af85649ec6f844326a12389064259e60f348170006b346243891d351,523786769bd3cd854cb46e74361a1b18ab154e311dc2cd2f383b8df12efebe5a,0.6551927437641724,0.6551927437641724,0.09824927896261215,0.9999996343466651,-0.0037721836440288044,0,0,0,,
assets/audio/units/corki/death0.wav,assets/audio/units/corki/death0.wav,已重导,c7e1a4826d950d7df4abec3d9b52ac1561cefe9c8df05bb1d3b0dfc7ee5eac25,2cf451febf6111e95a38797c9b7c80ddb927add11a2e7d8cdc901e9a8159ec85,1.0908390022675738,1.0908390022675738,0.08781395107507706,0.9999999931726736,15.999258112991853,0,0,0,,
assets/audio/units/corki/death1.wav,assets/audio/units/corki/death1.wav,已重导,f02a9efdb74d606a9debc7cd8202d6ee28ddd0b2661a274fb9e5ffb6e39fe2f9,313278abc4780bd542f27f474014d23ed52707dca173fdba970760a731c38729,1.9457596371882087,1.9457596371882087,0.08915092796087265,0.9999999917465239,15.999195664971106,0,0,0,,
assets/audio/units/corki/death2.wav,assets/audio/units/corki/death2.wav,已重导,85820da0c7e24616fc5f308379a4b06dab20f792fe48b964143e76ad3fd5ad7b,559f3253a0279589dc2845a97bfa76f8b3e3a804515c2b8c1630c80fa4213ba0,1.3204988662131518,1.3204988662131518,0.08702422678470612,0.9999999924296101,15.999190796196936,0,0,0,,
assets/audio/units/corki/deploy_ace.wav,assets/audio/units/corki/deploy_ace.wav,已重导,ac7e61d95ad2b2252381cfe958a99af945c69a740c866cf65ffa59d74d42a0ae,9959925f5f69a83eed0178a1abc2a3f1bf82fe06b7334b805135812ace279e31,3.388480725623583,3.388480725623583,0.7473262548446655,0.9999999948448743,-3.530329159199046e-06,0,0,0,,
assets/audio/units/corki/deploy_burning.wav,assets/audio/units/corki/deploy_burning.wav,已重导,79a25789f71cdaf59b3e236f7d926393f9e91840d43f4edc80d5b09034ce3b27,8538c7186cd7092fe60ea656009cbb7a5558cc48a069a600fb424341d14cff2f,1.976984126984127,1.976984126984127,0.11983079463243484,0.9999999920489525,16.00000908286866,0,0,0,,
assets/audio/units/corki/deploy_ready.wav,assets/audio/units/corki/deploy_ready.wav,已重导,5c6fb3b0ccc4326c3e2fa0d8ce760c57415cdb353a786a6f82a277917f0e1a12,912cc8d7afed6caa01b37781a80da6ef5126574034f80fae8582bc4fc4d982b1,1.2292517006802721,1.2292517006802721,0.12154518812894821,0.9999999865934137,16.999991282549537,0,0,0,,
assets/audio/units/darius/deploy_cowardice.wav,assets/audio/units/darius/deploy_cowardice.wav,已重导,66bb8acc20e8402adde253e734bca4bb7722705ba94fdc4447b8d12593244cc9,7da34098b6285f0a72e330382bae449ea73e6d9e39d133a499eb7f453f94c22c,3.080748299319728,3.080748299319728,0.1916937679052353,0.9999999943242068,13.000001972814719,0,0,0,,
assets/audio/units/darius/deploy_fight.wav,assets/audio/units/darius/deploy_fight.wav,已重导,3c53c119e8f8207f344b356e238e2e2f09bfe23f927c59c4f70e5986617d8e88,fb36696f885d4ae20d2cf60e56d12898e46f8797a04254fb935adeee47a870d6,1.780204081632653,1.780204081632653,0.19542519748210907,0.9999999925644519,12.999989407621014,0,0,0,,
assets/audio/units/darius/deploy_rise.wav,assets/audio/units/darius/deploy_rise.wav,已重导,80ebf4b9a8efa2261f23fd402ab2a4f3fcd3549c142b5567585ddfa20a025ef1,78904da316fe34db74a58f6279573d27b82d4c741e32e2cc51cadb71f55d887f,2.8267120181405896,2.8267120181405896,0.2027413696050644,0.9999999920637727,13.000013213842124,0,0,0,,
assets/audio/units/darius/play_sfx_darius_dariusbasicattack2_oncast_r1.wav,assets/audio/units/darius/play_sfx_darius_dariusbasicattack2_oncast_r1.wav,已重导,4c9fb9498b4296fb3711c3401d6faf1b3329f2865c10cabb9678b77e36f9f189,4a839cf0ca74a5494910119b195b8473d403bb0d226495a7fce07d7acd9afb7a,0.7639455782312925,0.7639455782312925,0.18013274669647217,0.9999999865321303,12.162500671397831,0,0,0,,
assets/audio/units/darius/play_sfx_darius_dariusbasicattack2_oncast_r2.wav,assets/audio/units/darius/play_sfx_darius_dariusbasicattack2_oncast_r2.wav,已重导,bb9e6fae19ce9dc910ee4e300cbf3396746fe60fc9cd49e47bcd836886f79157,9c278c42432b1c983d9eb30bc7357ab65e1a9d0c562294e1fd6fdd248b4b2fbd,0.8005668934240363,0.8005668934240363,0.18066763877868652,0.9999999875788573,12.16249762864617,0,0,0,,
assets/audio/units/darius/play_sfx_darius_dariusbasicattack2_oncast_r3.wav,assets/audio/units/darius/play_sfx_darius_dariusbasicattack2_oncast_r3.wav,已重导,e0e7026522cf5146d00b87a9fd5b7fca7d0c5e43bdd63e467f3886b9ff840b74,ad01cca6cf561a5b5e5d713c03faf8341e787f75b77b3bd35b240fce4c4082a2,0.9280498866213152,0.9280498866213152,0.17946594953536987,0.9999999867421451,12.162492455332076,0,0,0,,
assets/audio/units/darius/play_sfx_darius_dariusbasicattack2_oncast_r4.wav,assets/audio/units/darius/play_sfx_darius_dariusbasicattack2_oncast_r4.wav,已重导,abfd1186d01a96a0033b9f49fec7e2336e2790d06189423cd94de86214e049be,a5c128f21eb607f57a5bd1ef6e42b24319b6eab48560c3b4a8498b17de5ac8d4,0.6586621315192743,0.6586621315192743,0.1704767942428589,0.9999999905826401,12.162505829762866,0,0,0,,
assets/audio/units/darius/play_sfx_darius_dariusbasicattack2_onhit_1559186049_1153642577_r1.wav,assets/audio/units/darius/play_sfx_darius_dariusbasicattack2_onhit_1559186049_1153642577_r1.wav,已重导,b0526d0e633e99cd2d7b0c166271bf727fca03bda9de6d84e010b319a9bd5f0d,4350ff8839e2b7f6765884aff25d2a213eb565d12b5c0318ddb0cbc9a8ad0b1f,1.0102267573696144,1.0102267573696144,0.19790416955947876,0.9999999831910721,12.162516334348691,0,0,0,,
assets/audio/units/darius/play_sfx_darius_dariusbasicattack2_onhit_1559186049_1153642577_r2.wav,assets/audio/units/darius/play_sfx_darius_dariusbasicattack2_onhit_1559186049_1153642577_r2.wav,已重导,bae36484a6b16135415c61dd56e840a129fd63e530c6ed7d86509e2f26171c3d,93ecdacef08a7ad5883d3104396a7cd54eb51408b696e991c2d49c87fd45df55,0.6854195011337868,0.6854195011337868,0.20908968150615692,0.9999999903002552,12.162491650663085,0,0,0,,
assets/audio/units/darius/play_sfx_darius_dariusbasicattack2_onhit_1559186049_1153642577_r3.wav,assets/audio/units/darius/play_sfx_darius_dariusbasicattack2_onhit_1559186049_1153642577_r3.wav,已重导,cef88ffc0eca7e06210d97c0ad5fb52622ca12dd3622dbb46f6a994aff40ffad,a6f8695498e4959609dc4d8e692a4bd04e82376cbc6653d06929b9734ec2e786,0.6692517006802721,0.6692517006802721,0.219414621591568,0.9999999896337155,12.162483513717506,0,0,0,,
assets/audio/units/darius/play_sfx_darius_dariusbasicattack2_onhit_1559186049_1153642577_r4.wav,assets/audio/units/darius/play_sfx_darius_dariusbasicattack2_onhit_1559186049_1153642577_r4.wav,已重导,32feb7eef8857b45fb5a86e747db76bdfa957208210f384103fce90679b750e2,47db5929f1b3aa5360d60c042f591a4d3d60179d5f406f0fd8ea89d38d261c0c,0.9509297052154195,0.9509297052154195,0.21940971910953522,0.9999999850286713,12.162472229515393,0,0,0,,
assets/audio/units/darius/play_sfx_darius_dariusbasicattack_oncast_r1_d.wav,assets/audio/units/darius/play_sfx_darius_dariusbasicattack_oncast_r1_d.wav,已重导,4c9fb9498b4296fb3711c3401d6faf1b3329f2865c10cabb9678b77e36f9f189,4a839cf0ca74a5494910119b195b8473d403bb0d226495a7fce07d7acd9afb7a,0.7639455782312925,0.7639455782312925,0.18013274669647217,0.9999999865321303,12.162500671397831,0,0,0,,
assets/audio/units/darius/play_sfx_darius_dariusbasicattack_oncast_r2_d.wav,assets/audio/units/darius/play_sfx_darius_dariusbasicattack_oncast_r2_d.wav,已重导,bb9e6fae19ce9dc910ee4e300cbf3396746fe60fc9cd49e47bcd836886f79157,9c278c42432b1c983d9eb30bc7357ab65e1a9d0c562294e1fd6fdd248b4b2fbd,0.8005668934240363,0.8005668934240363,0.18066763877868652,0.9999999875788573,12.16249762864617,0,0,0,,
assets/audio/units/darius/play_sfx_darius_dariusbasicattack_oncast_r3_d.wav,assets/audio/units/darius/play_sfx_darius_dariusbasicattack_oncast_r3_d.wav,已重导,e0e7026522cf5146d00b87a9fd5b7fca7d0c5e43bdd63e467f3886b9ff840b74,ad01cca6cf561a5b5e5d713c03faf8341e787f75b77b3bd35b240fce4c4082a2,0.9280498866213152,0.9280498866213152,0.17946594953536987,0.9999999867421451,12.162492455332076,0,0,0,,
assets/audio/units/darius/play_sfx_darius_dariusbasicattack_oncast_r4_d.wav,assets/audio/units/darius/play_sfx_darius_dariusbasicattack_oncast_r4_d.wav,已重导,abfd1186d01a96a0033b9f49fec7e2336e2790d06189423cd94de86214e049be,a5c128f21eb607f57a5bd1ef6e42b24319b6eab48560c3b4a8498b17de5ac8d4,0.6586621315192743,0.6586621315192743,0.1704767942428589,0.9999999905826401,12.162505829762866,0,0,0,,
assets/audio/units/darius/play_sfx_darius_dariusbasicattack_onhit_1559186049_1153642577_r1_d.wav,assets/audio/units/darius/play_sfx_darius_dariusbasicattack_onhit_1559186049_1153642577_r1_d.wav,已重导,b0526d0e633e99cd2d7b0c166271bf727fca03bda9de6d84e010b319a9bd5f0d,4350ff8839e2b7f6765884aff25d2a213eb565d12b5c0318ddb0cbc9a8ad0b1f,1.0102267573696144,1.0102267573696144,0.19790416955947876,0.9999999831910721,12.162516334348691,0,0,0,,
assets/audio/units/darius/play_sfx_darius_dariusbasicattack_onhit_1559186049_1153642577_r2_d.wav,assets/audio/units/darius/play_sfx_darius_dariusbasicattack_onhit_1559186049_1153642577_r2_d.wav,已重导,bae36484a6b16135415c61dd56e840a129fd63e530c6ed7d86509e2f26171c3d,93ecdacef08a7ad5883d3104396a7cd54eb51408b696e991c2d49c87fd45df55,0.6854195011337868,0.6854195011337868,0.20908968150615692,0.9999999903002552,12.162491650663085,0,0,0,,
assets/audio/units/darius/play_sfx_darius_dariusbasicattack_onhit_1559186049_1153642577_r3_d.wav,assets/audio/units/darius/play_sfx_darius_dariusbasicattack_onhit_1559186049_1153642577_r3_d.wav,已重导,cef88ffc0eca7e06210d97c0ad5fb52622ca12dd3622dbb46f6a994aff40ffad,a6f8695498e4959609dc4d8e692a4bd04e82376cbc6653d06929b9734ec2e786,0.6692517006802721,0.6692517006802721,0.219414621591568,0.9999999896337155,12.162483513717506,0,0,0,,
assets/audio/units/darius/play_sfx_darius_dariusbasicattack_onhit_1559186049_1153642577_r4_d.wav,assets/audio/units/darius/play_sfx_darius_dariusbasicattack_onhit_1559186049_1153642577_r4_d.wav,已重导,32feb7eef8857b45fb5a86e747db76bdfa957208210f384103fce90679b750e2,47db5929f1b3aa5360d60c042f591a4d3d60179d5f406f0fd8ea89d38d261c0c,0.9509297052154195,0.9509297052154195,0.21940971910953522,0.9999999850286713,12.162472229515393,0,0,0,,
assets/audio/units/darius/play_sfx_darius_dariusexecute_hit_kill_r1.wav,assets/audio/units/darius/play_sfx_darius_dariusexecute_hit_kill_r1.wav,已重导,bc685c47ee3ad606e41ec8178496d799c1729b32d4f2baee5be0ec9b34690ca5,35cf3e398a73a44c88393accb1e5c07e5e182d31eac1400d9f08506653128528,6.100113378684807,6.100113378684807,0.19786524772644043,0.9999999824839465,12.162489237824774,0,0,0,,
assets/audio/units/darius/play_sfx_darius_dariusexecute_hit_kill_r2.wav,assets/audio/units/darius/play_sfx_darius_dariusexecute_hit_kill_r2.wav,已重导,51a7296ecb2bb3567892b526f94e819fc17bb791c11704275b003b7fd62dc561,23ba4fcbc58d56c359edef121e50ebdcb29576e992536aef4b9cade953349376,4.848571428571429,4.848571428571429,0.17501087486743927,0.9999999882148383,12.162491332231413,0,0,0,,
assets/audio/units/darius/play_sfx_darius_dariusexecute_hit_kill_r3.wav,assets/audio/units/darius/play_sfx_darius_dariusexecute_hit_kill_r3.wav,已重导,7fd42adb662781dad99c362549ba1b514b624415f88c6b6056ea476cd80a3d23,baaea7c911d6dd67f32d78b3d14c315b54697fab2054dbdd3e5c7c3e1cca4f71,7.150816326530612,7.150816326530612,0.1835506707429886,0.9999999779245626,12.162487930833898,0,0,0,,
assets/audio/units/darius/play_sfx_darius_dariusexecute_oncast_r1.wav,assets/audio/units/darius/play_sfx_darius_dariusexecute_oncast_r1.wav,已重导,fb79cfa8c446c8cf0a36c118a99136aa9a1d830226266921a52764e45ca469b0,00e0fdd11e3d9bfd63480dbf7cd61a6f722591301a1db02e49fde0654a68353a,1.3726757369614513,1.3726757369614513,0.2628936171531677,0.9999999961315523,9.162488077289114,0,0,0,,
assets/audio/units/darius/play_sfx_darius_dariusexecute_oncast_r2.wav,assets/audio/units/darius/play_sfx_darius_dariusexecute_oncast_r2.wav,已重导,7e5aa6d0c53c5b6bf2f6c3055b09b411daecd4a27e84a5fe81d961b36a76e276,2a435b1601f00ded3d05f1b77e9f558de6591a29bebd7d0dce452cc6f3fca003,1.3376870748299319,1.3376870748299319,0.25266069173812866,0.9999999963693362,9.162492165185453,0,0,0,,
assets/audio/units/darius/play_sfx_darius_dariusexecute_oncast_r3.wav,assets/audio/units/darius/play_sfx_darius_dariusexecute_oncast_r3.wav,已重导,723cdf6a1a035d98f647eb099a2f3d3315b89b3efd337c864adbd3ee5937e469,d0b2010cafa0a366d1c27fa49ab0844c473eb5fa57c22ed4f04d2493480d9cec,1.2017687074829932,1.2017687074829932,0.26667794585227966,0.9999999962886984,9.162502405989247,0,0,0,,
assets/audio/units/darius/play_sfx_darius_dariusexecute_oncast_r4.wav,assets/audio/units/darius/play_sfx_darius_dariusexecute_oncast_r4.wav,已重导,7a7e4b37c799a38a545696130342daa8e9c1cc5155bb0b5330fd4bf2c042077c,55e3fc9d4014d2470f7b290f702b8335bb1f5583162454554abf6c286264ae26,1.0145124716553289,1.0145124716553289,0.2630922198295593,0.9999999972922811,9.162481431727082,0,0,0,,
assets/audio/units/darius/play_sfx_darius_dariusexecute_onhit_r1.wav,assets/audio/units/darius/play_sfx_darius_dariusexecute_onhit_r1.wav,已重导,c847e4a7950715d8e3d5c374685b5329774e693aebd32fcbe09e7df86c1fb608,dea64501050a60db848d78161fccf53d9fc86ef8aa15ff691e16fd1a9ea1994b,2.130453514739229,2.130453514739229,0.3094941973686218,0.9999999974797285,9.16249163237624,0,0,0,,
assets/audio/units/darius/play_sfx_darius_dariusexecute_onhit_r2.wav,assets/audio/units/darius/play_sfx_darius_dariusexecute_onhit_r2.wav,已重导,6346d4cbf619db4504ab51c438b3cff5106f2a371d15ee823739f482c1a9bdfd,2102967a5b907d862f01a1eeda75373209ddfbb0b6bf9724135fcb4e24129fba,2.229591836734694,2.229591836734694,0.2872132360935211,0.9999999967641143,9.162482278798388,0,0,0,,
assets/audio/units/darius/play_sfx_darius_dariusexecute_onhit_r3.wav,assets/audio/units/darius/play_sfx_darius_dariusexecute_onhit_r3.wav,已重导,a92b3cfdceaa37e5b4ccc0fc15f2768450c9198fd8aefaeeaf301220da6cc7c5,83df2bf28bdf665d4d9560d6a5773f1247a11cce577d72553964f33d21738eb0,2.606575963718821,2.606575963718821,0.27802717685699463,0.9999999968290101,9.162491246873156,0,0,0,,
assets/audio/units/darius/play_sfx_darius_dariusexecute_onhit_r4.wav,assets/audio/units/darius/play_sfx_darius_dariusexecute_onhit_r4.wav,已重导,bc23f1e52060d0b6bb99c78eb88b183724beb25b66a155fd420517fd93a00222,6027d73e95e86d212f07d51ead32a845247dd582b2c2385ec4f738085796355f,3.1048526077097507,3.1048526077097507,0.2905471920967102,0.9999999944277833,9.162491867347404,0,0,0,,
assets/audio/units/darius/play_sfx_darius_dariushemomax_loop.wav,assets/audio/units/darius/play_sfx_darius_dariushemomax_loop.wav,已重导,ef70acce65ef45fc32462fb953a6529bb55b8a11421db5fd1df036cd3fece351,057258989682533729fc309fa3378e6b7a532d1833b3289b36192f647715936c,3.9616326530612245,3.9616326530612245,0.04483289644122124,0.9999999355071788,18.162476447858904,0,0,0,,
assets/audio/units/darius/play_sfx_darius_dariushemomax_onbuffactivate_r1.wav,assets/audio/units/darius/play_sfx_darius_dariushemomax_onbuffactivate_r1.wav,已重导,21cd6fea461f823bec6ec70675da428f0f73ab368c39bdb322897c194404fbb4,f9fbaba66f803f511391210a76a6e7b9504f48a9cf89c7fbc006342068e04e7a,7.075056689342404,7.075056689342404,0.32641512155532837,0.9999999959528961,8.162484433045691,0,0,0,,
assets/audio/units/darius/play_sfx_darius_dariushemomax_onbuffactivate_r2.wav,assets/audio/units/darius/play_sfx_darius_dariushemomax_onbuffactivate_r2.wav,已重导,233997984a0b1b373a8fefcce8519b68a81cd404f21a3ad95be68cc1a077d5b4,fd4e6f0a6f0a86a8bde95e0b64e46012ac075a10982f1d576f475ac6f7a74fa4,6.037596371882086,6.037596371882086,0.32038751244544983,0.999999996568094,8.162488990184933,0,0,0,,
assets/audio/units/darius/play_sfx_darius_death3d_cast.wav,assets/audio/units/darius/play_sfx_darius_death3d_cast.wav,已重导,af39e2fc66f2517f4cfaebfb003f6e38755476a60bb46e2eeba762af751e2f61,62e56bd9bd249d7c6e154ee0e52d4d735eccdcd35149e734146791da1f8eaa2d,2.387392290249433,2.387392290249433,0.0928155854344368,0.9999998811701154,14.162526293536926,0,0,0,,
assets/audio/units/garen/champion_choose_86_zh_cn.wav,assets/audio/units/garen/champion_choose_86_zh_cn.wav,已重导,d30ad2d1e977aecd35cfb4d5556237868a2343c540643acfa1c89d78a2300f72,444f5899cb4080454c37917bd159487218755364fb253d86ca7bfcaec8d0e2ff,1.2906875,1.2906875,0.6830572485923767,0.9999999999994755,-1.6596354259277083e-07,0,0,0,,
assets/audio/units/garen/play_sfx_garen_death3d_cast.wav,assets/audio/units/garen/play_sfx_garen_death3d_cast.wav,已重导,0b52b21c8dcdcb5fbbf348b946b982820919643219c2f5aac9ee38e16ea3b87e,51a58e5dc2d2b8508640e5214134bacf132b00802cda2344e646e2ea053dcee8,1.5,1.5,0.19023168087005615,0.9999999359525384,-0.0026532805223612697,0,0,0,atrim=duration=1.5;afade=t=out:st=1.0:d=0.5,
assets/audio/units/garen/play_sfx_garen_garenbasicattack2_oncast_r1.wav,assets/audio/units/garen/play_sfx_garen_garenbasicattack2_oncast_r1.wav,已重导,14165e7f39b6963b6552e02652c5391ce6ad1c1e94b673d4c4800176d6ed52bb,220138c2269ffc2474d242b0e8dd7f3110cef56b8782bcc62d5d11a93865740e,0.40201814058956914,0.40201814058956914,0.09264664351940155,0.9999999535625821,-0.0028554873400974054,0,0,0,,
assets/audio/units/garen/play_sfx_garen_garenbasicattack2_oncast_r2.wav,assets/audio/units/garen/play_sfx_garen_garenbasicattack2_oncast_r2.wav,已重导,9a1693a318e8fda233bc885ad5800121ce0df905a63735f2fcde50a326558e8b,ccd29600a8b9936492466516c3375d948553cbb86a43ac22c3e0c740cc41ff8e,0.4326077097505669,0.4326077097505669,0.0952632799744606,0.9999999427796762,-0.0030224007502596493,0,0,0,,
assets/audio/units/garen/play_sfx_garen_garenbasicattack2_oncast_r3.wav,assets/audio/units/garen/play_sfx_garen_garenbasicattack2_oncast_r3.wav,已重导,75596dabc004b236bb07e844719555d7a5d60fbafd870b32bf3651481dce19db,585b1ed2e6a06fbc32396fe88e4941b31cb64425ff1d51f266ff7bf50d10704c,0.40321995464852606,0.40321995464852606,0.0954989343881607,0.9999999581232242,-0.0027911259681624636,0,0,0,,
assets/audio/units/garen/play_sfx_garen_garenbasicattack2_oncast_r4.wav,assets/audio/units/garen/play_sfx_garen_garenbasicattack2_oncast_r4.wav,已重导,7373e28284fc0f95e2e11e215099a5965e2254cc79f5f1f1a65ab7176bda00b7,247d8d1796b9b1f9aa939241ee4dd087cd2df14945f6f0249c02496d9d9f0aff,0.45095238095238094,0.45095238095238094,0.09629961848258972,0.9999999486763518,-0.0028739838832201946,0,0,0,,
assets/audio/units/garen/play_sfx_garen_garenbasicattack_oncast_r1.wav,assets/audio/units/garen/play_sfx_garen_garenbasicattack_oncast_r1.wav,已重导,762fe88ef53099ef1eb5194039890acc90c2a098ed9c85fadcbdffd5c1a04506,126fa47c244e1e1250b58f260369026fa993d883ccd6f24fe4689941996c5b04,0.45961451247165536,0.45961451247165536,0.09609697759151459,0.9999999451758703,-0.002931010569954392,0,0,0,,
assets/audio/units/garen/play_sfx_garen_garenbasicattack_oncast_r2.wav,assets/audio/units/garen/play_sfx_garen_garenbasicattack_oncast_r2.wav,已重导,9e3a081cbaa701621e5c580ce1cae255923d373dfc3d9ce747dbdf2953e7ab6c,378ba6b5e9ff4503801bf809be2cc2b3742a668c7a4811e85371e8e2c5977b97,0.4364399092970522,0.4364399092970522,0.09430786967277527,0.9999999516389093,-0.0028004901404111737,0,0,0,,
assets/audio/units/garen/play_sfx_garen_garenbasicattack_oncast_r3.wav,assets/audio/units/garen/play_sfx_garen_garenbasicattack_oncast_r3.wav,已重导,bfa10266a30a0aa771528f93776896d817b2e88ae1baf32a1c01872240e1b0bb,74c35492b2c3b7b1c1a7ba15d078210270ebb74bcecdab2da39b3f0539321db2,0.412562358276644,0.412562358276644,0.09925249218940735,0.9999999541991104,-0.002821153206369005,0,0,0,,
assets/audio/units/garen/play_sfx_garen_garenbasicattack_oncast_r4.wav,assets/audio/units/garen/play_sfx_garen_garenbasicattack_oncast_r4.wav,已重导,a9bb0edd03b9003da9ff0a7001f3342992565bc50fd74a19d690bf58948a81ea,85da03e67434f7e0703687aaf85f41bdfa53acd66c06ae310368867e680c39c5,0.4396371882086168,0.4396371882086168,0.09758728742599487,0.999999952851758,-0.002713856608022245,0,0,0,,
assets/audio/units/garen/play_sfx_garen_garenbasicattack_onhit_1559186049_1153642577_r1_d.wav,assets/audio/units/garen/play_sfx_garen_garenbasicattack_onhit_1559186049_1153642577_r1_d.wav,已重导,ffbd2df95aeb9668c2ec854b935cc58fb34fea44c386dbd33fd91eb4c8fa5ad2,7d9b610111cbd3dc3446e595a4985479c0a24583f78ea0abb63dcf36dad32840,0.7256009070294784,0.7256009070294784,0.15439637005329132,0.9999998132697421,-0.002863715115124239,0,0,0,,
assets/audio/units/garen/play_sfx_garen_garenbasicattack_onhit_1559186049_1153642577_r2_d.wav,assets/audio/units/garen/play_sfx_garen_garenbasicattack_onhit_1559186049_1153642577_r2_d.wav,已重导,02c06a6faa62f43f9852eb717f5dddba45074f430ae84de0cb410c5987fcc028,9f21d1638662fb0717b605c8835a2609a169873b4eb639e04ee1d7da48313be3,0.6799546485260771,0.6799546485260771,0.13336580991744995,0.9999998304012017,-0.0029033071424949663,0,0,0,,
assets/audio/units/garen/play_sfx_garen_garenbasicattack_onhit_1559186049_1153642577_r3_d.wav,assets/audio/units/garen/play_sfx_garen_garenbasicattack_onhit_1559186049_1153642577_r3_d.wav,已重导,a9713d3bf6c0bc2d53368083b110f8a1e87a631ad5206f14a32d4a2f78d9fda8,8042ccaec649e5991fa599483476365f4ae861766f9a80712a6167de19536fb3,0.9256689342403628,0.9256689342403628,0.12226496636867523,0.9999997034144275,-0.002842062185039837,0,0,0,,
assets/audio/units/garen/play_sfx_garen_garenbasicattack_onhit_1559186049_1153642577_r4_d.wav,assets/audio/units/garen/play_sfx_garen_garenbasicattack_onhit_1559186049_1153642577_r4_d.wav,已重导,3b17712eeb8052a78d228fa99abb4dd2316a2b02a7eb3e0a0ed5c0d6211ec9c2,4c9fe36fab6234fb66a7375fbce72cd7c3a152c889d0699f595635b164575d15,1.0505215419501133,1.0505215419501133,0.1474238634109497,0.9999995817062178,-0.003235614289138268,0,0,0,,
assets/audio/units/garen/play_sfx_garen_garenbasicattack_onhit_1559186049_1216965916_r1_d.wav,assets/audio/units/garen/play_sfx_garen_garenbasicattack_onhit_1559186049_1216965916_r1_d.wav,已重导,4c6ef3b1008b57362f4a289597aba50949fb326d35e7b3962b7996de50efd83e,3c7c921588dd5e06519a6c2c8f9595b5698fc99adbfdcba0390b8145bb7419dd,1.083469387755102,1.083469387755102,0.11404581367969513,0.9999997798497963,-0.003776169358382085,0,0,0,,
assets/audio/units/garen/play_sfx_garen_garenbasicattack_onhit_1559186049_1216965916_r2_d.wav,assets/audio/units/garen/play_sfx_garen_garenbasicattack_onhit_1559186049_1216965916_r2_d.wav,已重导,8de081f84bec5028018b32a7b6e63d6dae5aedc66ec1af89b84f32f1cbcebfe8,7ba6a6a8daafefe13b15862c1d3d53766270086672a6a1fe2ece4174ac16f6b8,1.1077324263038548,1.1077324263038548,0.13810352981090546,0.9999997970799495,-0.003994913321200448,0,0,0,,
assets/audio/units/garen/play_sfx_garen_garenbasicattack_onhit_1559186049_1216965916_r3_d.wav,assets/audio/units/garen/play_sfx_garen_garenbasicattack_onhit_1559186049_1216965916_r3_d.wav,已重导,0bf02b0ef3d19920bf7944014cf756c28059e78905bdd47327d6e7741261a167,07238bcd45481eee3e733f66a036773a95369ebd678126990994208ec5375fc2,1.0302721088435374,1.0302721088435374,0.11862470209598541,0.999999809190803,-0.0032524697004316884,0,0,0,,
assets/audio/units/garen/play_sfx_garen_garenbasicattack_onhit_1559186049_1216965916_r4_d.wav,assets/audio/units/garen/play_sfx_garen_garenbasicattack_onhit_1559186049_1216965916_r4_d.wav,已重导,6081239f9073e3def21378b31e1fe457566c8d5f542f68cd3fc758322b2e4e29,ae2bced4a6c48bb7268e9fbad4316b561036c06974cc1e5f616a1744ae2c0415,1.0328344671201815,1.0328344671201815,0.1499282717704773,0.9999997850137042,-0.003257445305705691,0,0,0,,
assets/audio/units/garen/play_sfx_garen_garenbasicattack_onhit_1559186049_2058049674_r1_d.wav,assets/audio/units/garen/play_sfx_garen_garenbasicattack_onhit_1559186049_2058049674_r1_d.wav,已重导,b4be02ebb21a5a6656b2f5d53fae477217122b8aafceeaeba0067a41d852d111,5012ce4fd6f2a9b3578c8221b035d5d3b67250d29fb75c3bcf67c2371619a54a,0.8923582766439909,0.8923582766439909,0.1137753427028656,0.9999998882022373,-0.0030346166885511228,0,0,0,,
assets/audio/units/garen/play_sfx_garen_garenbasicattack_onhit_1559186049_2058049674_r2_d.wav,assets/audio/units/garen/play_sfx_garen_garenbasicattack_onhit_1559186049_2058049674_r2_d.wav,已重导,d65248818a0d3331051335bcfb352ed3de45412af2a33876c0331bb25d548ff0,eaf434affa84f85811d5c983ece4077615f3b8f41849d9ef323cfc7ffacc6b9f,0.8265759637188209,0.8265759637188209,0.11940652132034302,0.9999997777817584,-0.0032938569365860144,0,0,0,,
assets/audio/units/garen/play_sfx_garen_garenbasicattack_onhit_1559186049_2058049674_r3_d.wav,assets/audio/units/garen/play_sfx_garen_garenbasicattack_onhit_1559186049_2058049674_r3_d.wav,已重导,5e43d2ea7e3cc7680c5f237769f25ddba152974cf0196cd2c63833fe40d4d237,0f302c1a46f65fd618a61c1bd5ba3fef3c07af9c977a64b20bbef8ee4e64551d,0.9249433106575964,0.9249433106575964,0.1378408521413803,0.9999998129046747,-0.0033767261649434487,0,0,0,,
assets/audio/units/garen/play_sfx_garen_garenbasicattack_onhit_1559186049_2058049674_r4_d.wav,assets/audio/units/garen/play_sfx_garen_garenbasicattack_onhit_1559186049_2058049674_r4_d.wav,已重导,3b8feddc0b0cf33eac64d4b1a5b4a3bfb56ac0e461ae826038cc3868480d8382,5a8182538189f0898df67443be01389d8d374cf553a874e4171577f1dca115c7,0.9406802721088435,0.9406802721088435,0.1310010403394699,0.999999749425103,-0.0033523123439301544,0,0,0,,
assets/audio/units/garen/play_sfx_garen_garenbasicattack_onhit_1559186049_2473969246_r1_d.wav,assets/audio/units/garen/play_sfx_garen_garenbasicattack_onhit_1559186049_2473969246_r1_d.wav,已重导,750a6c83877c7bb5d09ffd1b206cbe58e6919ff8ecb76f3c230d66cd961c1533,3f1c73b495b769f756d00209e0d1301ddc6827f0b1ada3c46d2fb54400934a3e,0.9233106575963719,0.9233106575963719,0.15300564467906952,0.999999868115583,-0.003504054275156148,0,0,0,,
assets/audio/units/garen/play_sfx_garen_garenbasicattack_onhit_1559186049_2473969246_r2_d.wav,assets/audio/units/garen/play_sfx_garen_garenbasicattack_onhit_1559186049_2473969246_r2_d.wav,已重导,3e94f355562fa8136effe5e57cc134b8fbde6d7636c90ae91077130340d24a67,adc3e7bf9f2eeffd9fe9c805f620b71038ccdbddf4b672dd73ffc5ba77a1f05e,1.2658503401360544,1.2658503401360544,0.15817409753799438,0.999999824158718,-0.003289127499810112,0,0,0,,
assets/audio/units/garen/play_sfx_garen_garenbasicattack_onhit_1559186049_2473969246_r3_d.wav,assets/audio/units/garen/play_sfx_garen_garenbasicattack_onhit_1559186049_2473969246_r3_d.wav,已重导,c29827f87cf41c0493166ebf9a0254d7a353ad3fc0cbc4aed8f4c66872be7f5d,08df7de272a6f4bca6fccab8ed24cfb8edcacf404b418c17c93bd762a3d85cd2,0.969047619047619,0.969047619047619,0.12675006687641144,0.9999998397648779,-0.0035800813653440585,0,0,0,,
assets/audio/units/garen/play_sfx_garen_garenbasicattack_onhit_1559186049_2473969246_r4_d.wav,assets/audio/units/garen/play_sfx_garen_garenbasicattack_onhit_1559186049_2473969246_r4_d.wav,已重导,fe73074af59cee1e03927021216c78cdd3f33b69381e57bd8bb3681de96e0a9d,0c0fa0eaa6bf2901e27d90814f6ed80b0aeca9146f5bfa4c41b6ecb637107e1b,0.9403401360544218,0.9403401360544218,0.14935792982578278,0.9999998448727967,-0.004017078368899247,0,0,0,,
assets/audio/units/garen/play_sfx_garen_garene_hit_r1.wav,assets/audio/units/garen/play_sfx_garen_garene_hit_r1.wav,已重导,6be7ce0c2a728865bad0c62d3baf60f828d61324cd64131137f8d063cf7d212e,7a72937efb406c6d49a42116a41fd195886daabd85ad17d9c8f721ec9b6ba5ad,1.1336054421768706,1.1336054421768706,0.07818093150854111,0.9999994852083127,-0.00572245936347403,0,0,0,,
assets/audio/units/garen/play_sfx_garen_garene_hit_r2.wav,assets/audio/units/garen/play_sfx_garen_garene_hit_r2.wav,已重导,f15f6853d1984ff81a5a8cf1beff8b2bf47eeba873d3631f2b918054db4c630b,9ad468a090705feb96067c612bd70230cedee12fd67c7a5bc2f99700cc47e71c,1.2908390022675738,1.2908390022675738,0.08349581807851791,0.9999993221499114,-0.00659847360142553,0,0,0,,
assets/audio/units/garen/play_sfx_garen_garene_hit_r3.wav,assets/audio/units/garen/play_sfx_garen_garene_hit_r3.wav,已重导,6ab3675016a69d366da0ecf4fed362fddbf6cfb15c4f5c7257c74fd43aa31fc6,5820f7d1db0c2e0115b9e65381a5f91100ae9984d38fb9856641981bc88ae219,0.8924036281179138,0.8924036281179138,0.07959761470556259,0.9999995345508814,-0.006248017362759496,0,0,0,,
assets/audio/units/garen/play_sfx_garen_garene_hit_r4.wav,assets/audio/units/garen/play_sfx_garen_garene_hit_r4.wav,已重导,d1ecfe11fd82d15f6b0e54c8a530d2147b041d27482d7456c1c64498b7e5737a,1365b87a38177d5ed4037d5f373724ba57c7ac63ecc72685d2395333b00178b4,1.2862585034013605,1.2862585034013605,0.08168647438287735,0.999999309024953,-0.00645056610708811,0,0,0,,
assets/audio/units/garen/play_sfx_garen_garene_onbuffactivate_r1.wav,assets/audio/units/garen/play_sfx_garen_garene_onbuffactivate_r1.wav,已重导,e503e0274668171f49a3675a4ea10daeab757564ad99dad8e7f657b046fad723,47ca8b8005ea61d9f418c52bc0e9cbd1bb775bd2e649d0a605695c1d39e46e88,3.4883446712018142,3.4883446712018142,0.17701010406017303,0.9999999708817396,-0.002142561200634562,0,0,0,,
assets/audio/units/garen/play_sfx_garen_garene_onbuffactivate_r2.wav,assets/audio/units/garen/play_sfx_garen_garene_onbuffactivate_r2.wav,已重导,458bb53f98761b33b6e00418288ee57ce33a0a9f175bbf0fc9edd9483b3a34a5,428a98c8f16cb5a8167c666ff9018ff560c53ece02774051fd34935685a111d0,3.5585714285714287,3.5585714285714287,0.176607146859169,0.9999999746486631,-0.0020493068635631475,0,0,0,,
assets/audio/units/garen/play_sfx_garen_garene_onbuffactivate_r3.wav,assets/audio/units/garen/play_sfx_garen_garene_onbuffactivate_r3.wav,已重导,33245e6aedbcc314d54abc53f3c89eff28155e4ab566e659374b850433179f20,cecb1fa1b1a8701eacb2219227f614a07113758d250c18998a8035b07e845d72,3.6351020408163266,3.6351020408163266,0.1805478185415268,0.9999999712057405,-0.0021253276943867133,0,0,0,,
assets/audio/units/garen/play_sfx_garen_garene_onbuffdeactivate_r1.wav,assets/audio/units/garen/play_sfx_garen_garene_onbuffdeactivate_r1.wav,已重导,4581e21617aa4cd78735f98f604a63a2c399be3b607a22957e7682e5a37610e5,b1133c6a0722bc6b0c478b495450a25126da3faa7706be56ab74ff5ab9ab6261,2.149297052154195,2.149297052154195,0.08562545478343964,0.9999992173298856,-0.004986457312914741,0,0,0,,
assets/audio/units/garen/play_sfx_garen_garene_onbuffdeactivate_r2.wav,assets/audio/units/garen/play_sfx_garen_garene_onbuffdeactivate_r2.wav,已重导,cde361f6deb13f0070f8caba7d9f8fdd78bffa6733759ee34c607d3abd220752,d8fd29ff541e1bfe27ef5188a99f76bd3c4a20d75b5b55d785862cf7c0622ede,2.0638548752834467,2.0638548752834467,0.08548977226018906,0.9999992187295551,-0.00480650524913984,0,0,0,,
assets/audio/units/garen/play_sfx_garen_garene_onbuffdeactivate_r3.wav,assets/audio/units/garen/play_sfx_garen_garene_onbuffdeactivate_r3.wav,已重导,1873a697e26ff7969e4d8f189d1be87b8d182b900dbd6aa9b4700f2e5a4bf43e,5cabf242e97720bad5b7a4f2fecf9f21b5d90708cc8760e8994558d7b4cb3bfb,1.989455782312925,1.989455782312925,0.0890895277261734,0.9999992618099278,-0.00479882173481634,0,0,0,,
assets/audio/units/garen/play_sfx_garen_garene_oncast_r1.wav,assets/audio/units/garen/play_sfx_garen_garene_oncast_r1.wav,已重导,e50c11b4690157a69ae69bec6e5f9903e0ed91a924c9233d7ce117f4f4f0f6b3,231435ed290f9e55a4b55f66ac3447aee0d9ea33752b190dce276682723a5598,2.5533560090702947,2.5533560090702947,0.18043549358844757,0.9999999170293302,-0.0023369769156251306,0,0,0,,
assets/audio/units/garen/play_sfx_garen_garene_oncast_r2.wav,assets/audio/units/garen/play_sfx_garen_garene_oncast_r2.wav,已重导,d819c136b3504f68b3a2d29c8a395c14487b6633b83c3d40545539ea5b9af7aa,74cf5584f165bc223d59c3cd057c1027f8a6ee1aa08f6246224bf45e298ad9ec,2.362063492063492,2.362063492063492,0.18297307193279266,0.9999999306409665,-0.002293515598712874,0,0,0,,
assets/audio/units/garen/play_sfx_garen_garene_oncast_r3.wav,assets/audio/units/garen/play_sfx_garen_garene_oncast_r3.wav,已重导,a2398f2f9f731135139231a3ea57887416f2d75f445a7a1c8c1be64170a0d22d,8731f534a179755b6364cd391125de440a770364ed4e510b8bc3103f92d474dd,2.442267573696145,2.442267573696145,0.17782530188560486,0.9999998957787717,-0.0026617013797893474,0,0,0,,
assets/audio/units/garen/play_sfx_garen_garenq_onbuffactivate_r1.wav,assets/audio/units/garen/play_sfx_garen_garenq_onbuffactivate_r1.wav,已重导,c7ad008c01001aa2afc8265b723c79addccc8ed417d10f5e71e6d88053ccb106,e6d2fa149696f36e9b523e6d02bdddc76bae7f07f360eee1b932696e875defd6,7.710680272108844,7.710680272108844,0.055850982666015625,0.9999996688420723,-0.008261069033637951,0,0,0,,
assets/audio/units/garen/play_sfx_garen_garenq_onbuffactivate_r2.wav,assets/audio/units/garen/play_sfx_garen_garenq_onbuffactivate_r2.wav,已重导,095188cd6b6c166ebde0ce7622aaae03f96c336cd3c9ae9a424254d3953264e6,cddd0acaba4c0916eb4482dd1f951878515acaa4ca012ac96570c29a6f918d91,7.85,7.85,0.08399059623479843,0.9999995282560306,-0.007438787362327149,0,0,0,,
assets/audio/units/garen/play_sfx_garen_garenq_onbuffdeactivate.wav,assets/audio/units/garen/play_sfx_garen_garenq_onbuffdeactivate.wav,已重导,c9f9f8e63b859edc183cb5256ffba0a8241b879d90ffbc57605d7203cbd5810b,daab53f1e96d34d1111003f5f3a60bf2978c1f7205eba2bd06b2c37d0b638eec,3.3333333333333335,3.3333333333333335,0.12793779373168945,0.9999996395509633,-0.003583070600511659,0,0,0,,
assets/audio/units/garen/play_sfx_garen_garenq_oncast_r1.wav,assets/audio/units/garen/play_sfx_garen_garenq_oncast_r1.wav,已重导,518fe41a0e0ced0c880bfd6592f9c8923829674fe9c3c466ac5b5ffc1376de74,ca8c4da6529ed38753102d5b5b7445622b4feb108987278cb0cbef0b29e5abb3,3.2653514739229026,3.2653514739229026,0.18951620161533356,0.9999998839498323,-0.0023015170284449607,0,0,0,,
assets/audio/units/garen/play_sfx_garen_garenq_oncast_r2.wav,assets/audio/units/garen/play_sfx_garen_garenq_oncast_r2.wav,已重导,ddc2f4ebb8b77dfef3e65fd2c1109e8195f501172303e52057839ecef82e4e49,1a40806d1c1e5de847728e6630b419cfcabe843a7b86ba4022ee14b66bd44f54,2.803854875283447,2.803854875283447,0.1579652577638626,0.9999999080873776,-0.002568762804091625,0,0,0,,
assets/audio/units/garen/play_sfx_garen_garenq_oncast_r3.wav,assets/audio/units/garen/play_sfx_garen_garenq_oncast_r3.wav,已重导,4b882014d8dfd1c81f60369fc3a451ac9ebd1dcc2d790fafed95cd699012ac29,54193783c02cade384a33d299a5d407247b4cfcb1faea42defcc615149f33b39,3.3023356009070293,3.3023356009070293,0.18197055160999298,0.9999998411748782,-0.0023510102335573143,0,0,0,,
assets/audio/units/garen/play_sfx_garen_garenqattack_oncast_r.wav,assets/audio/units/garen/play_sfx_garen_garenqattack_oncast_r.wav,已重导,2bcb0a6e2d032c19e9edcfac8a928f5a5ca9557acefa1aad58c27c6b9fa02fe5,a27987524e1ecd1c6fdaf3aebcf5f3797b45fd756d2162cf548fac706e54e507,2.9570975056689344,2.9570975056689344,0.31755781173706055,0.9999999518383883,-0.0018183761379096186,0,0,0,,
assets/audio/units/garen/play_vo_garen_move2dstandard_r11_zh_cn.wav,assets/audio/units/garen/play_vo_garen_move2dstandard_r11_zh_cn.wav,已重导,0de0fc5a9a5cf858368e3db1643ef97ffdc4bf69ad08c1e7e9a37ec0284848cb,9039cade4cf61990a5366ba062227b35cc71a236e1af8d82dd9578dc528652e1,1.1934013605442177,1.1934013605442177,0.1807900369167328,0.9999999957239445,13.99932084134315,0,0,0,,
assets/audio/units/garen/play_vo_garen_move2dstandard_r16_zh_cn.wav,assets/audio/units/garen/play_vo_garen_move2dstandard_r16_zh_cn.wav,已重导,11a8d492b7c6bc4a6ec1ce57bb7e639b668a36f75d27072b2feeec0b3e4daa93,7d4cc4b5ad2efae126f56cba070c8430d1e92c57c3ffad6babd2bc6569e757d2,1.10281179138322,1.10281179138322,0.19612155854701996,0.9999999961599059,13.999332536221118,0,0,0,,
assets/audio/units/gnar/play_sfx_gnar_gnarbasicattack2_oncast_r1.wav,assets/audio/units/gnar/play_sfx_gnar_gnarbasicattack2_oncast_r1.wav,已重导,25a70e21f9491f9dbd3ba3a7679ae129a6a46896ac9887561aaa1cf370695bc7,bf36ca644472caf44d0469850805dcf5625068924dace911f34b9eea19c66f56,0.8205895691609977,0.8205895691609977,0.1881953924894333,0.9999997191436348,-0.0032514395318142546,0,0,0,,
assets/audio/units/gnar/play_sfx_gnar_gnarbasicattack2_oncast_r2.wav,assets/audio/units/gnar/play_sfx_gnar_gnarbasicattack2_oncast_r2.wav,已重导,326a6ce0c06765a838f19647a694b9bd3e126ade55d35715a41fc4a7ec5da194,fc317c4d4ba62bdc4a2ebcf98cebdb3089567666a7fd21fe1690750404ec59b2,0.8119727891156463,0.8119727891156463,0.2037767767906189,0.9999997673953357,-0.00307638611362866,0,0,0,,
assets/audio/units/gnar/play_sfx_gnar_gnarbasicattack2_oncast_r3.wav,assets/audio/units/gnar/play_sfx_gnar_gnarbasicattack2_oncast_r3.wav,已重导,4a5d85727d76cc9c48bdb807ce90d114f8c4d2b82096c206daa262a69a79f5ab,2c0080e85143a06cdd1782ba5ef3b4cd70d26c625d454b6aad455e8004f00eee,0.8539682539682539,0.8539682539682539,0.18788820505142212,0.9999997724054595,-0.0030210417022352217,0,0,0,,
assets/audio/units/gnar/play_sfx_gnar_gnarbasicattack_oncast_r1_d.wav,assets/audio/units/gnar/play_sfx_gnar_gnarbasicattack_oncast_r1_d.wav,已重导,25a70e21f9491f9dbd3ba3a7679ae129a6a46896ac9887561aaa1cf370695bc7,bf36ca644472caf44d0469850805dcf5625068924dace911f34b9eea19c66f56,0.8205895691609977,0.8205895691609977,0.1881953924894333,0.9999997191436348,-0.0032514395318142546,0,0,0,,
assets/audio/units/gnar/play_sfx_gnar_gnarbasicattack_oncast_r2_d.wav,assets/audio/units/gnar/play_sfx_gnar_gnarbasicattack_oncast_r2_d.wav,已重导,326a6ce0c06765a838f19647a694b9bd3e126ade55d35715a41fc4a7ec5da194,fc317c4d4ba62bdc4a2ebcf98cebdb3089567666a7fd21fe1690750404ec59b2,0.8119727891156463,0.8119727891156463,0.2037767767906189,0.9999997673953357,-0.00307638611362866,0,0,0,,
assets/audio/units/gnar/play_sfx_gnar_gnarbasicattack_oncast_r3_d.wav,assets/audio/units/gnar/play_sfx_gnar_gnarbasicattack_oncast_r3_d.wav,已重导,4a5d85727d76cc9c48bdb807ce90d114f8c4d2b82096c206daa262a69a79f5ab,2c0080e85143a06cdd1782ba5ef3b4cd70d26c625d454b6aad455e8004f00eee,0.8539682539682539,0.8539682539682539,0.18788820505142212,0.9999997724054595,-0.0030210417022352217,0,0,0,,
assets/audio/units/gnar/play_sfx_gnar_gnarbasicattack_onhit_r1_d.wav,assets/audio/units/gnar/play_sfx_gnar_gnarbasicattack_onhit_r1_d.wav,已重导,d315d691e577f814099e4c78377b9f6235bd18bf97479aa12f905afc39ce146f,f3a14db365c1a56bc74a38973e0997539a624cfc3a4aef0221e2581d0540460d,0.7847845804988662,0.7847845804988662,0.21697364747524261,0.9999997775317195,-0.0029609208467641364,0,0,0,,
assets/audio/units/gnar/play_sfx_gnar_gnarbasicattack_onhit_r2_d.wav,assets/audio/units/gnar/play_sfx_gnar_gnarbasicattack_onhit_r2_d.wav,已重导,3fa0f0b2e1fedb4afc65acde18aad5039258dc4c7ffde4a6fe6b5f52ccc2275f,d24928c6bc20f7fcc4f49f42d9d05b024ae3a5f79e36e715f9a239d1b9dd9206,0.8081632653061225,0.8081632653061225,0.20748703181743622,0.9999995681569337,-0.0033090153609360105,0,0,0,,
assets/audio/units/gnar/play_sfx_gnar_gnarbasicattack_onhit_r3_d.wav,assets/audio/units/gnar/play_sfx_gnar_gnarbasicattack_onhit_r3_d.wav,已重导,ea39ebfe4b220fc83e7e594147a4d959df0da61c9b938da1bec06be8d0b3ca15,cb4e7a6d1c5ae37d3ed23e1ab8d5f58e7435cb412d04c18afc2f1f523a1b2a00,0.7990929705215419,0.7990929705215419,0.20930728316307068,0.9999997676079483,-0.0028674680631401756,0,0,0,,
assets/audio/units/gnar/play_sfx_gnar_gnarbasicattack_onmissilelaunch_r1_d.wav,assets/audio/units/gnar/play_sfx_gnar_gnarbasicattack_onmissilelaunch_r1_d.wav,已重导,2a7286d3bdbeb647ef3bb002978eb7d63f2d631ea2fadd3edead756598337988,2e0616eff244c279925ee7fbebab529ceeb67f69ed478eab7182dee6f26a1967,2.3049659863945577,2.3049659863945577,0.0768250823020935,0.9999993859261497,-0.007334378757892538,0,0,0,,
assets/audio/units/gnar/play_sfx_gnar_gnarbasicattack_onmissilelaunch_r2_d.wav,assets/audio/units/gnar/play_sfx_gnar_gnarbasicattack_onmissilelaunch_r2_d.wav,已重导,868ddc3f62d35b5a2f20425ed08e964805c6e190c91193955d20aace6bd9cfe1,d4ff1a3436050b7446a5019224190a79026727ebeb27f524a5c0add660d10874,2.419727891156463,2.419727891156463,0.07285366952419281,0.9999993416481353,-0.0073909487511495805,0,0,0,,
assets/audio/units/gnar/play_sfx_gnar_gnarbasicattack_onmissilelaunch_r3_d.wav,assets/audio/units/gnar/play_sfx_gnar_gnarbasicattack_onmissilelaunch_r3_d.wav,已重导,87da2c59f685d62333d81152fc77a8dad1f0f555f086af31bc27ce18ea0d626d,570234ac946d29b9e1a4ac7c3cbd882b840d7dc64edab37bcc5d5a3fbadca6a0,2.25859410430839,2.25859410430839,0.07165390253067017,0.9999993474978974,-0.007372970943069243,0,0,0,,
assets/audio/units/gnar/play_sfx_gnar_gnarbigbasicattack2_oncast_r1_d.wav,assets/audio/units/gnar/play_sfx_gnar_gnarbigbasicattack2_oncast_r1_d.wav,已重导,ee1513265addceb89e51c25a45ef6d3315a998d1745f5542e67a5bdd93071253,d2c118c6a012c719e0b25aa8a9499235df2e38683288390cbe64573918fd7432,0.9404761904761905,0.9404761904761905,0.2737404406070709,0.9999999461196674,-0.0018527777356793789,0,0,0,,
assets/audio/units/gnar/play_sfx_gnar_gnarbigbasicattack2_oncast_r2_d.wav,assets/audio/units/gnar/play_sfx_gnar_gnarbigbasicattack2_oncast_r2_d.wav,已重导,b406258a8aca6b33b222b59690f9e67bd1d7af3dcb9e0aeadb079347a266d449,79704bc876d106188f584211cce27400faf1a4890971b937e5c2b4612f55e482,0.8974149659863946,0.8974149659863946,0.2890692353248596,0.9999999509408614,-0.001627989543014441,0,0,0,,
assets/audio/units/gnar/play_sfx_gnar_gnarbigbasicattack2_oncast_r3_d.wav,assets/audio/units/gnar/play_sfx_gnar_gnarbigbasicattack2_oncast_r3_d.wav,已重导,f39d9375e192616875a9819adc1a736e0bcb98424c43318eaa043dcc23a192b7,b63510cd957eedea936fb4bad3fbc55b130ad67909da321abc22f4d400591b68,1.1124489795918366,1.1124489795918366,0.24376149475574493,0.999999953310969,-0.00197423587883587,0,0,0,,
assets/audio/units/gnar/play_sfx_gnar_gnarbigbasicattack_oncast_r1_d.wav,assets/audio/units/gnar/play_sfx_gnar_gnarbigbasicattack_oncast_r1_d.wav,已重导,ee1513265addceb89e51c25a45ef6d3315a998d1745f5542e67a5bdd93071253,d2c118c6a012c719e0b25aa8a9499235df2e38683288390cbe64573918fd7432,0.9404761904761905,0.9404761904761905,0.2737404406070709,0.9999999461196674,-0.0018527777356793789,0,0,0,,
assets/audio/units/gnar/play_sfx_gnar_gnarbigbasicattack_oncast_r2_d.wav,assets/audio/units/gnar/play_sfx_gnar_gnarbigbasicattack_oncast_r2_d.wav,已重导,b406258a8aca6b33b222b59690f9e67bd1d7af3dcb9e0aeadb079347a266d449,79704bc876d106188f584211cce27400faf1a4890971b937e5c2b4612f55e482,0.8974149659863946,0.8974149659863946,0.2890692353248596,0.9999999509408614,-0.001627989543014441,0,0,0,,
assets/audio/units/gnar/play_sfx_gnar_gnarbigbasicattack_oncast_r3_d.wav,assets/audio/units/gnar/play_sfx_gnar_gnarbigbasicattack_oncast_r3_d.wav,已重导,f39d9375e192616875a9819adc1a736e0bcb98424c43318eaa043dcc23a192b7,b63510cd957eedea936fb4bad3fbc55b130ad67909da321abc22f4d400591b68,1.1124489795918366,1.1124489795918366,0.24376149475574493,0.999999953310969,-0.00197423587883587,0,0,0,,
assets/audio/units/gnar/play_sfx_gnar_gnarbigbasicattack_onhit_r1_d.wav,assets/audio/units/gnar/play_sfx_gnar_gnarbigbasicattack_onhit_r1_d.wav,已重导,51a3e0eeda10cfa11b83340a94d0042a6e4642e38e1af09e7a4a7e88a1431168,147a086afa3d394b8b8d8649f62690d2b6a68b480c8c26eee38d5b2f5d7871b5,1.3102947845804989,1.3102947845804989,0.28905442357063293,0.9999999383823135,-0.001922056783455339,0,0,0,,
assets/audio/units/gnar/play_sfx_gnar_gnarbigbasicattack_onhit_r2_d.wav,assets/audio/units/gnar/play_sfx_gnar_gnarbigbasicattack_onhit_r2_d.wav,已重导,b562525d8076da92c164ab1bd32e2ec922e0b9985d789a31a341bdf37cbbc94e,5145b8a1d5978ddd74b9ab76ba7399b45800b04cb8288ad46231affc704b0455,1.2101814058956917,1.2101814058956917,0.30322378873825073,0.9999999586535507,-0.0018049601265139063,0,0,0,,
assets/audio/units/gnar/play_sfx_gnar_gnarbigbasicattack_onhit_r3_d.wav,assets/audio/units/gnar/play_sfx_gnar_gnarbigbasicattack_onhit_r3_d.wav,已重导,ac5fc7832758ffff6a11694df187936badb859fc3fee4b1428aff848a8b57a16,581362b0a85366350854ac8e0d6f9f6633b12f9865b5d4fcc5de8d313c9394c5,1.2952380952380953,1.2952380952380953,0.30365848541259766,0.9999999692346979,-0.001755126077932815,0,0,0,,
assets/audio/units/gnar/play_sfx_gnar_gnarbigw_hit2_r1.wav,assets/audio/units/gnar/play_sfx_gnar_gnarbigw_hit2_r1.wav,已重导,92c9ae03fa576af1ac1c0ba044d32a997d5bfda4ac761acd9b2c0d32b9dcf305,585e4a658b07cf6e66e4e090d683fd0b6fbfefa6ad40d1c8585fe56f643ebe17,1.033718820861678,1.033718820861678,0.16331133246421814,0.9999997744366729,-0.002906677993180162,0,0,0,,
assets/audio/units/gnar/play_sfx_gnar_gnarbigw_hit2_r2.wav,assets/audio/units/gnar/play_sfx_gnar_gnarbigw_hit2_r2.wav,已重导,1912ac5e6989db920f8c441c5771e35ad74ff3a51777982b4fee78efd42471b5,4aa99b9c469eb7ae9900bf631badd8ecc136ffffd2407c945ad485e4b7c477a4,1.2351700680272109,1.2351700680272109,0.15891043841838837,0.9999997262686652,-0.003025840605828725,0,0,0,,
assets/audio/units/gnar/play_sfx_gnar_gnarbigw_hit2_r3.wav,assets/audio/units/gnar/play_sfx_gnar_gnarbigw_hit2_r3.wav,已重导,e9d294bc3270321045b8376489e123d1e59713ea604ea9c8423a15d36dae0095,58799f8883cb6b7d0579357920569fb200733ae6d64d7c263a21dca185e4b206,0.9864172335600907,0.9864172335600907,0.1611294001340866,0.9999998166892479,-0.0026675131073082394,0,0,0,,
assets/audio/units/gnar/play_sfx_gnar_gnarbigw_oncast_r.wav,assets/audio/units/gnar/play_sfx_gnar_gnarbigw_oncast_r.wav,已重导,a74d57c83e127613ca7467fd2657605c6b54849bd85154cffaa1d24f01986c81,880eef5d73462753bf497ca81f0356147b73ff956d3f1b3e236036f046d233ae,1.985419501133787,1.985419501133787,0.4625101089477539,0.9999999894855749,-0.0011445176468164921,0,0,0,,
assets/audio/units/gnar/play_sfx_gnar_gnartransform_onbuffactivate_r1.wav,assets/audio/units/gnar/play_sfx_gnar_gnartransform_onbuffactivate_r1.wav,已重导,d6295fd995d3e97d231f28f38ed0f7faae23a132ff826e51b3be98d6074639ef,e61128d449f92ce3e8103e9cfa084f83e882cfd280c8c372964eedf1d305674a,4.485306122448979,4.485306122448979,0.27283844351768494,0.9999999662650592,-0.0016333276154466593,0,0,0,,
assets/audio/units/gnar/play_sfx_gnar_gnartransform_onbuffactivate_r2.wav,assets/audio/units/gnar/play_sfx_gnar_gnartransform_onbuffactivate_r2.wav,已重导,92b15618c96733368c09f2a048623882b99494443af7bc6a23bae4979331425f,fc1fe8ef6b2defa967cece7b493638d3d15a37f4d3c10e340f316d84df192b03,3.890498866213152,3.890498866213152,0.27315762639045715,0.9999999673823098,-0.0017428912909429606,0,0,0,,
assets/audio/units/gnar/play_sfx_gnar_gnartransform_onbuffactivate_r3.wav,assets/audio/units/gnar/play_sfx_gnar_gnartransform_onbuffactivate_r3.wav,已重导,36ae1c6ebd1365dfe9c9aceafb1a84ec86514bdc5c00b3e6803204e63c51b320,13bc31dab18f107ec5288da890729973c5c9daf71f633ee4b0407d15acc5be5f,4.250702947845805,4.250702947845805,0.2641173303127289,0.999999962824323,-0.001721696981593588,0,0,0,,
assets/audio/units/gnar/play_sfx_gnar_gnartransformback_buffactivate_r1.wav,assets/audio/units/gnar/play_sfx_gnar_gnartransformback_buffactivate_r1.wav,已重导,e10c92499616fa85eabd72d7281eba44348a88f203eeab6e795b3670dcfdfb81,c112e2216b5a8e36f3d4e4b15d77247ad2679954d405614766ef324f0998d31b,1.8189115646258502,1.8189115646258502,0.2548460066318512,0.9999998775781296,-0.002449226012593755,0,0,0,,
assets/audio/units/gnar/play_sfx_gnar_gnartransformback_buffactivate_r2.wav,assets/audio/units/gnar/play_sfx_gnar_gnartransformback_buffactivate_r2.wav,已重导,3fb2f7b1acf5cc3353036fedfb43ad7109e318efbd7cd6b637855889b87cc8d2,43482aa4d59a5aba71b1b88b96891f25a74bf14c9c13d222611151667c8a9c74,1.6188662131519274,1.6188662131519274,0.26385197043418884,0.9999998667042642,-0.0024724597077505745,0,0,0,,
assets/audio/units/gnar/play_sfx_gnar_gnartransformback_buffactivate_r3.wav,assets/audio/units/gnar/play_sfx_gnar_gnartransformback_buffactivate_r3.wav,已重导,f189879cdd972304e143dec80f6eb02c5f61a411eb127681b9b3f1107960b9fb,ca8dbb3eabe4fd1f814635c2ac1fad2bcb6d12fcba3abffedc38b376053af2bf,1.8698412698412699,1.8698412698412699,0.25662901997566223,0.9999998323113457,-0.0026227507043879075,0,0,0,,
assets/audio/units/gnar/play_vo_gnar_attack2dgeneral_r1_en_us.wav,assets/audio/units/gnar/play_vo_gnar_attack2dgeneral_r1_en_us.wav,已重导,0be57ca5336552c6a6ef95d3b0909695c9ba5bbeeeced63ae5e24b8f21968582,495baab3aa4b84f09aae90fc016b46fd33f331afe736f6cc852a4d9e6c723eff,0.8475283446712019,0.8475283446712019,0.2527540326118469,0.999999965380703,10.998736910056904,0,0,0,,
assets/audio/units/gnar/play_vo_gnar_death3d_r1_zh_cn.wav,assets/audio/units/gnar/play_vo_gnar_death3d_r1_zh_cn.wav,已重导,f885c8f9dab933a633c20da6082d37808c10f02c79f3c889ebb831503a707dad,8ced65c7e7a06c375d8b5e6a06c7526b4b017c4132e698d2e9a8e1673de18631,1.5,1.5,0.22715063393115997,0.9999999819918819,12.999166398563048,0,0,0,atrim=duration=1.5;afade=t=out:st=1.0:d=0.5,
assets/audio/units/gnar/play_vo_gnar_death3d_r2_zh_cn.wav,assets/audio/units/gnar/play_vo_gnar_death3d_r2_zh_cn.wav,已重导,c7397874aafec4152ef7bd86e0cf19ee61806b20f71663afcf81d5b144f369c8,d731de9cbf6f8f7df62e2435251db2c672dd60751be26b03f613a43ed07c57ab,1.5,1.5,0.21836064755916595,0.9999999936958436,12.999302360844421,0,0,0,atrim=duration=1.5;afade=t=out:st=1.0:d=0.5,
assets/audio/units/gnar/play_vo_gnar_death3d_r3_zh_cn.wav,assets/audio/units/gnar/play_vo_gnar_death3d_r3_zh_cn.wav,已重导,945661b7bd89e541b8a962e5c30562cbefdbcd6c6d56ac106bc996c016dc86ed,e19ae6013a71bb08a31351f93196eedfc386e76f427521c51a5f7730b87cad40,1.5,1.5,0.19129885733127594,0.9999999917601513,12.999189932951742,0,0,0,atrim=duration=1.5;afade=t=out:st=1.0:d=0.5,
assets/audio/units/gnar/play_vo_gnar_laugh3dgeneral_r2_en_us.wav,assets/audio/units/gnar/play_vo_gnar_laugh3dgeneral_r2_en_us.wav,已重导,9d4eb82fefe7f9a287ceeddd994f38b74be2cb9e201df92c8bcdb8956d0da6f1,a506f093fbf6b2f8ad41f00e986434a583efa18fea4b202414e35f121595a872,1.666530612244898,1.666530612244898,0.23266224563121796,0.9999999689361768,11.998905511978048,0,0,0,,
assets/audio/units/gwen/champion_lockin_sfx_887.wav,assets/audio/units/gwen/champion_lockin_sfx_887.wav,已重导,d834a387f150f9d4330271634e6137f30aecc85debfd6c5b8ecdb1abe3363dc5,28452d8e5974273fa9ba22e7e5c49a35b2b102c8d4b5776aea99230b42a3725a,2.6,2.6,0.3500935137271881,0.9999999711371604,1.484741326329448e-06,0,0,0,,
assets/audio/units/gwen/gwen_q_active_0.wav,assets/audio/units/gwen/gwen_q_active_0.wav,已重导,702eabd85efa7907a9e239061fbcb940fae6c05536015ea78620fc59932552be,a5c4ac3a0e94ca6ec394b41299c136ed31ad42515403d493249f43649d533526,1.5,1.5,0.3941207528114319,0.9999999829547515,-0.0014095759119966494,0,0,0,,"[0:a]adelay=95:all=1[a0];[1:a]adelay=1044:all=1[a1];[a0][a1]amix=inputs=2:normalize=0,atrim=duration=1.5,afade=t=out:st=1.48:d=0.02[out]"
assets/audio/units/gwen/gwen_q_active_1.wav,assets/audio/units/gwen/gwen_q_active_1.wav,已重导,f2cef6e31864ec8a4d7d863467095768469beb59307346e982fce9ce1604fc35,c65b5825d1a501cf80de1880aec872d1c473d19e87dd0444182ae06f7cf7a308,1.5,1.5,0.3941207528114319,0.9999999809761745,-0.0014165278859113166,0,0,0,,"[0:a]adelay=95:all=1[a0];[1:a]adelay=949:all=1[a1];[2:a]adelay=1044:all=1[a2];[a0][a1][a2]amix=inputs=3:normalize=0,atrim=duration=1.5,afade=t=out:st=1.48:d=0.02[out]"
assets/audio/units/gwen/gwen_q_active_2.wav,assets/audio/units/gwen/gwen_q_active_2.wav,已重导,7139c389617fce0d1bd932f28c3f6952c2da0bf9dc5d771f4c63b9f2662a2d73,03b427f144d17a02356865510fb94ffb0d4defbf82e919776d7cfedeeeb3df64,1.5,1.5,0.3941207528114319,0.9999999792308387,-0.0014368829158853671,0,0,0,,"[0:a]adelay=95:all=1[a0];[1:a]adelay=783:all=1[a1];[2:a]adelay=949:all=1[a2];[3:a]adelay=1044:all=1[a3];[a0][a1][a2][a3]amix=inputs=4:normalize=0,atrim=duration=1.5,afade=t=out:st=1.48:d=0.02[out]"
assets/audio/units/gwen/gwen_q_active_3.wav,assets/audio/units/gwen/gwen_q_active_3.wav,已重导,73378578ac1f0c54d2da3c93372c37f25c2cd8156c27a4fdd4b4a96e6f326a5e,4765ff53d9142bc2d46fe09f8a28e96981ef00c97122f369ea14a3079abb8e0d,1.5,1.5,0.3941207528114319,0.9999999777515537,-0.0014575520297398076,0,0,0,,"[0:a]adelay=95:all=1[a0];[1:a]adelay=616:all=1[a1];[2:a]adelay=783:all=1[a2];[3:a]adelay=949:all=1[a3];[4:a]adelay=1044:all=1[a4];[a0][a1][a2][a3][a4]amix=inputs=5:normalize=0,atrim=duration=1.5,afade=t=out:st=1.48:d=0.02[out]"
assets/audio/units/gwen/gwen_w_sanctuary.wav,assets/audio/units/gwen/gwen_w_sanctuary.wav,已重导,0b0d65fe9e86b3f167446e6ef9fa6d63d00a97594027547ec5f2198d64369ef9,3169625264f659cd84b6d2c7acbe3c275b44938d01b0a092ca2f31272d60aa7a,4.0,4.0,0.28150486946105957,0.9999999737733305,-0.0019268747601777743,0,0,0,atrim=duration=4,
assets/audio/units/gwen/play_sfx_gwen_gwenbasicattack_stab_cast_r1.wav,assets/audio/units/gwen/play_sfx_gwen_gwenbasicattack_stab_cast_r1.wav,已重导,fa7b1f2365220a9b29e8fe9ae80c582dd79224b7caabf60fbf3e02ddaaca6795,8ea106ff245144fa852464a13d1066d56aa781f37cbcb409b92daa0714e44286,0.9145351473922902,0.9145351473922902,0.15826991200447083,0.9999998105054163,-0.0028290800245593236,0,0,0,,
assets/audio/units/gwen/play_sfx_gwen_gwenbasicattack_stab_cast_r2.wav,assets/audio/units/gwen/play_sfx_gwen_gwenbasicattack_stab_cast_r2.wav,已重导,0822ff9721d2d38c2a5ef97e05244995d0f189f4a2d763db91237a8ddb37595e,fdd3c2e43e8f6493435cea6774bb9e6098145fde9f22c5edb03fd35c93117296,0.9145351473922902,0.9145351473922902,0.16930218040943146,0.9999997424359639,-0.0030688974228015513,0,0,0,,
assets/audio/units/gwen/play_sfx_gwen_gwenbasicattack_stab_cast_r3.wav,assets/audio/units/gwen/play_sfx_gwen_gwenbasicattack_stab_cast_r3.wav,已重导,7ce8905797cab054a303fd45313b0285b7b51a03e87ff4f1a23330837ae8d928,624af215c28529f2844501fa6088c1f4ae8162f6f2531a31f866f4108009b21f,0.9145351473922902,0.9145351473922902,0.16415201127529144,0.9999998323171178,-0.0027650610722148596,0,0,0,,
assets/audio/units/gwen/play_sfx_gwen_gwenbasicattack_stab_hit_r1.wav,assets/audio/units/gwen/play_sfx_gwen_gwenbasicattack_stab_hit_r1.wav,已重导,29ab4f584276f1d67281d64f8a747c73544907cff61b4fb0d6518cd0eab192a6,deaa374224ce431acb8f353754e9008db84e3eac64a38040455f4cdb30c71fd4,1.1856689342403628,1.1856689342403628,0.16990946233272552,0.999999504102997,-0.003458318738979363,0,0,0,,
assets/audio/units/gwen/play_sfx_gwen_gwenbasicattack_stab_hit_r2.wav,assets/audio/units/gwen/play_sfx_gwen_gwenbasicattack_stab_hit_r2.wav,已重导,61fa7923cffd8c405e9d742dfde54452c34c3ebdadddefcce6ffb4dfe6aaeabd,3d68f16ae580e6f5b90116c9fcf391c0fcd20ecea823704739ac269d4ff3187c,1.1856689342403628,1.1856689342403628,0.2001001238822937,0.9999996890783598,-0.0027735558745350182,0,0,0,,
assets/audio/units/gwen/play_sfx_gwen_gwenbasicattack_stab_hit_r3.wav,assets/audio/units/gwen/play_sfx_gwen_gwenbasicattack_stab_hit_r3.wav,已重导,62967e25df01903fb5d67c29c14cdce850787a8da6203bb3c81c0f2fcf3176f0,ce7ea83640169b539b0049e7603b0f9f8a3e22d83a519ff42e1ecadde545cf12,1.1856689342403628,1.1856689342403628,0.1845606118440628,0.999999727165305,-0.0029184883921428433,0,0,0,,
assets/audio/units/gwen/play_sfx_gwen_gwenbasicattack_swipe_cast_r1.wav,assets/audio/units/gwen/play_sfx_gwen_gwenbasicattack_swipe_cast_r1.wav,已重导,1613c0fb0e4559391d6a2b8a0f7a01d80dd5925097148c364b4914a03f244f2c,9ed35ecb84340f1bbb101359c9d4a99a8d76372501eea0980fbd61230bf4f7d8,0.996938775510204,0.996938775510204,0.16053806245326996,0.9999998056701933,-0.0028463487003289787,0,0,0,,
assets/audio/units/gwen/play_sfx_gwen_gwenbasicattack_swipe_cast_r2.wav,assets/audio/units/gwen/play_sfx_gwen_gwenbasicattack_swipe_cast_r2.wav,已重导,01327997cf483fef2654a4b7b9d80697604e728a7fe92f58b177adad102dc0df,7dc2f48a8865e46fabe7a80995ae47b7c8115813111d74bdf956d0df30ce4852,0.996938775510204,0.996938775510204,0.1573905497789383,0.9999998126525019,-0.002607717743317771,0,0,0,,
assets/audio/units/gwen/play_sfx_gwen_gwenbasicattack_swipe_cast_r3.wav,assets/audio/units/gwen/play_sfx_gwen_gwenbasicattack_swipe_cast_r3.wav,已重导,7e8db099c411e5730aa092f036a328fee17d58c5ef0c6e8de906f845ea64fd04,dff4cc2a68d782752ff1f22def5359661af6ac43989b539353010e4ca7e54d1d,0.996938775510204,0.996938775510204,0.16480706632137299,0.9999998371482716,-0.0026942647427787877,0,0,0,,
assets/audio/units/gwen/play_sfx_gwen_gwenbasicattack_swipe_hit_r1.wav,assets/audio/units/gwen/play_sfx_gwen_gwenbasicattack_swipe_hit_r1.wav,已重导,5725b2b71cddc524800eb02430d25006a344c95fbcded0ba5ffb37ab71251588,e8218e7a359980f81b1035601216df55e91dda299279f85f84e560cb43a585d5,1.0187301587301587,1.0187301587301587,0.19483055174350739,0.999999652218583,-0.00290445526997971,0,0,0,,
assets/audio/units/gwen/play_sfx_gwen_gwenbasicattack_swipe_hit_r2.wav,assets/audio/units/gwen/play_sfx_gwen_gwenbasicattack_swipe_hit_r2.wav,已重导,ae8540af81b88235bc5cc7b6ee547e26f99924b18ce752472d625d3314add3da,3ed2bfeb397070b3625ab047cb32dcbb0e99291c813a7029c2d086743b0f265d,1.0187301587301587,1.0187301587301587,0.20481997728347778,0.9999997108285268,-0.0030472475274073924,0,0,0,,
assets/audio/units/gwen/play_sfx_gwen_gwenbasicattack_swipe_hit_r3.wav,assets/audio/units/gwen/play_sfx_gwen_gwenbasicattack_swipe_hit_r3.wav,已重导,333005e19deff6ed6ad84f16506eaeb0db50073ed63d7c87bdd0e5502df80053,b5d61453bb99acce4c27d27fca88efbf2c4c1860d9b17db7a61b401ec02ce349,1.0187301587301587,1.0187301587301587,0.2011261284351349,0.9999996945459265,-0.0029229609046472773,0,0,0,,
assets/audio/units/gwen/play_sfx_gwen_gwenq_max_stacks_buffactivate_r1.wav,assets/audio/units/gwen/play_sfx_gwen_gwenq_max_stacks_buffactivate_r1.wav,已重导,4aa81c47cfe2ac170467ef017d0cec0b2e17cd9327bf0b3e8da40ccbac1f4e37,7e0a1756c928412ea7a071f0e16f4d9887551a29312bc5f83453f05a157c0a85,2.006031746031746,2.006031746031746,0.36672738194465637,0.9999999757572259,-0.001290931408741269,0,0,0,,
assets/audio/units/gwen/play_sfx_gwen_gwenq_max_stacks_buffactivate_r2.wav,assets/audio/units/gwen/play_sfx_gwen_gwenq_max_stacks_buffactivate_r2.wav,已重导,64e357f22f06952c7e10cfd3e5b2f484f055238d8db4df7564263106805f0f29,55d2464158ae371d2581d9fad33be17289b8822925dde5acc9dc25545c8f34ad,2.006031746031746,2.006031746031746,0.3652811050415039,0.9999999752888773,-0.0013219405887555076,0,0,0,,
assets/audio/units/gwen/play_sfx_gwen_gwenq_max_stacks_buffactivate_r3.wav,assets/audio/units/gwen/play_sfx_gwen_gwenq_max_stacks_buffactivate_r3.wav,已重导,cc7229f0df2c2fea2d45022ce9a215eff1b2b659d4e75915474a7c21a62caf17,fa24606091ea3a87d2b540b5ffa2213d2c377580e0b334d067c3ccfc705c6e1f,1.8037868480725623,1.8037868480725623,0.3609786629676819,0.9999999746759609,-0.0014237487569168442,0,0,0,,
assets/audio/units/gwen/play_sfx_gwen_gwenqfirst_hit_r1.wav,assets/audio/units/gwen/play_sfx_gwen_gwenqfirst_hit_r1.wav,已重导,560556925a3025d6972ceb062e06a68b9ede59ed6b5e21be007ae92070d29862,3ac186dc9ead2407c4865e9f11ed491bd7581f41cdcf6568788bbc3d5cc59a32,0.5802947845804989,0.5802947845804989,0.2785475552082062,0.9999999255993741,-0.0018991740774946583,0,0,0,,
assets/audio/units/gwen/play_sfx_gwen_gwenqfirst_hit_r2.wav,assets/audio/units/gwen/play_sfx_gwen_gwenqfirst_hit_r2.wav,已重导,d0e1eb00c02a27312e99ab783a193c634cfdcad5a5656c9604f1a448af2cf5aa,61f3fe21b25464028bc25ee17ed6fec7d152ebdff182cb19881ec97d564a6c52,0.5802947845804989,0.5802947845804989,0.30963611602783203,0.9999999243698153,-0.0017175845828613545,0,0,0,,
assets/audio/units/gwen/play_sfx_gwen_gwenqfirst_hit_r3.wav,assets/audio/units/gwen/play_sfx_gwen_gwenqfirst_hit_r3.wav,已重导,7cc735de9943c08cbc28b125c8ece828bf239da8b50f3714b39f86f770932b66,13770bbbbf08efe733566ebd137fc46320ef033783d16dd9688dfd770228808a,0.5802947845804989,0.5802947845804989,0.25443753600120544,0.9999999117412501,-0.0019062422086636602,0,0,0,,
assets/audio/units/gwen/play_sfx_gwen_gwenqlast_hit_center_r.wav,assets/audio/units/gwen/play_sfx_gwen_gwenqlast_hit_center_r.wav,已重导,e68fc9da33605fa7a03a89c1a1fa4737cdcda14f9bd09f7d518c4f972de6923b,eebcc05be6a8245fae2cc113e2e1d2c0e1d6ca85fbda5e19915c84898d2ffc0f,2.0329478458049888,2.0329478458049888,0.39902442693710327,0.9999999246020451,-0.0016494850662429907,0,0,0,,
assets/audio/units/gwen/play_sfx_gwen_gwenqlast_hit_r1.wav,assets/audio/units/gwen/play_sfx_gwen_gwenqlast_hit_r1.wav,已重导,2427eb42a1c4a1fdbee993c64a5ceb724dc8829d2ea80eff540558606ec8887d,6d38fdb6b7c5886694774b0bfe6c155f36dbd5e4ec124a8a11b6cc66151adbee,0.5802947845804989,0.5802947845804989,0.3203178942203522,0.999999946777401,-0.0016522588763299485,0,0,0,,
assets/audio/units/gwen/play_sfx_gwen_gwenqlast_hit_r2.wav,assets/audio/units/gwen/play_sfx_gwen_gwenqlast_hit_r2.wav,已重导,9f5503b459af27828fb9af3a2c2923f5414eb157cdd7a43a1173aef5cd6980ca,b163927f5c02b4804426885aae93f679b88e651de12296cf0ca749e168e6299f,0.5802947845804989,0.5802947845804989,0.35067060589790344,0.9999999526173939,-0.0015399028965013563,0,0,0,,
assets/audio/units/gwen/play_sfx_gwen_gwenqlast_hit_r3.wav,assets/audio/units/gwen/play_sfx_gwen_gwenqlast_hit_r3.wav,已重导,b0a8cac8cdb885bbfdccc2c7e0d5291a9da0d955d3bb806fbcce80a14e349488,1320808e342de1d706615b9eff9b993ed0ce5ebe285e72f6bdab600261ca5ca5,0.5802947845804989,0.5802947845804989,0.3898088037967682,0.9999999527398113,-0.0013775575371682898,0,0,0,,
assets/audio/units/gwen/play_sfx_gwen_gwenqmiddle_hit_r1.wav,assets/audio/units/gwen/play_sfx_gwen_gwenqmiddle_hit_r1.wav,已重导,ef46cde42c52888bd82a70bdff45019abc37524e81636b3831c54edf41868a3a,77d0c2523ce523a7ab76d10b485e2a01a024dc302363debfa63f484755b5612c,0.12560090702947846,0.12560090702947846,0.14026005566120148,0.9999998607236388,-0.0032720481343788653,0,0,0,,
assets/audio/units/gwen/play_sfx_gwen_gwenqmiddle_hit_r2.wav,assets/audio/units/gwen/play_sfx_gwen_gwenqmiddle_hit_r2.wav,已重导,a882664f9ed8238cbd08c8bcb590158eb0dc9a80dda9c70b1df47046ba755342,eab088c1e813f8aad8795c3b2fcfa0a6109d9ff89c0492304cce02b59dac6e7a,0.12560090702947846,0.12560090702947846,0.1306169629096985,0.9999998700811875,-0.003227158536359527,0,0,0,,
assets/audio/units/gwen/play_sfx_gwen_gwenqmiddle_hit_r3.wav,assets/audio/units/gwen/play_sfx_gwen_gwenqmiddle_hit_r3.wav,已重导,a9dba70fcebde605d98b54ff3f436d92254a2278824f0c104de4ba7ef59db5c6,4b2aa359a9338938d176a9d2966a53b826afa362a3c29655afe61b183ac7fddc,0.12560090702947846,0.12560090702947846,0.13513384759426117,0.9999999025193158,-0.0028834620339054182,0,0,0,,
assets/audio/units/gwen/play_sfx_gwen_gwenw_buffdeactivate_r1.wav,assets/audio/units/gwen/play_sfx_gwen_gwenw_buffdeactivate_r1.wav,已重导,bb191cb4ac382f89745fe5b3cb56fe3036dcada4fa83e9bb0a73520d86f08b8e,2bc1f906e5b542997a027e5db175298f3485133ab46cdcdbfac555343f7b9b43,3.131156462585034,3.131156462585034,0.11935831606388092,0.99999979566463,-0.004016173749285902,0,0,0,,
assets/audio/units/gwen/play_sfx_gwen_gwenw_buffdeactivate_r2.wav,assets/audio/units/gwen/play_sfx_gwen_gwenw_buffdeactivate_r2.wav,已重导,be87c9f8b39f4d41678fcce165f3a75c1424809ba30802da54f2fb440521e50f,8ba42835ea2609c8152028b9280d5cd2743336575bbe9de69accf4d14a5d6158,2.967097505668934,2.967097505668934,0.11124806851148605,0.9999998967886988,-0.003558756712777256,0,0,0,,
assets/audio/units/gwen/play_sfx_gwen_gwenw_cast_r1.wav,assets/audio/units/gwen/play_sfx_gwen_gwenw_cast_r1.wav,已重导,e5dc003ce459f273f7b2d651a402f3639794af0c78645147fa22f4acbc40cf29,002bcd499259f549fb640370b65cbf0a26bb252824648809b9decd01525bea04,1.1320408163265305,1.1320408163265305,0.2423945814371109,0.9999998852391293,-0.0028608248393069005,0,0,0,,
assets/audio/units/gwen/play_sfx_gwen_gwenw_cast_r2.wav,assets/audio/units/gwen/play_sfx_gwen_gwenw_cast_r2.wav,已重导,1907c81017e3f96e62748dbd75763089679530b9903c13e4452f0aca74fa46af,7fc3edef7e8643c79738af4f4e13ae875ed42db86c4f7833bf796a49b12ddd39,1.1320408163265305,1.1320408163265305,0.20186859369277954,0.9999998868624644,-0.0029741362477661553,0,0,0,,
assets/audio/units/gwen/play_sfx_gwen_gwenw_cast_r3.wav,assets/audio/units/gwen/play_sfx_gwen_gwenw_cast_r3.wav,已重导,c5a054f17e325dc22115fa298a92987dd40ca93d291270b4b94e34c9a7fccebe,5849226f5899824b7a6ea3334694a51221ae04c432afc19adf3ab6c1ecb665f4,1.1320408163265305,1.1320408163265305,0.21574260294437408,0.9999998385486297,-0.003215433908709599,0,0,0,,
assets/audio/units/gwen/play_vo_gwen_attack2dgeneral_r17_zh_cn.wav,assets/audio/units/gwen/play_vo_gwen_attack2dgeneral_r17_zh_cn.wav,已重导,06bec619892d0ef65ce289dbbb428307f8c60fba980b0ad68c863e6ec00300df,0d3a29ef7417b4faa46fa8287877b4e00aa520296cf06e441bae241a8436bcdb,2.5769387755102042,2.5769387755102042,0.1970963180065155,0.9999999849641199,11.99899692765927,0,0,0,,
assets/audio/units/gwen/play_vo_gwen_attack2dgeneral_r20_zh_cn.wav,assets/audio/units/gwen/play_vo_gwen_attack2dgeneral_r20_zh_cn.wav,已重导,0ed15874159cfc9a13cc43418ba841c926f551e4ebaf23bee29e4e3c3f9e2038,324403888acc5f458be1eccbdd841c5e47a12dc504628bcf87269ee0b5abafdb,2.688253968253968,2.688253968253968,0.20975689589977264,0.9999999825839369,11.998994979130071,0,0,0,,
assets/audio/units/gwen/play_vo_gwen_death3d_r1_zh_cn.wav,assets/audio/units/gwen/play_vo_gwen_death3d_r1_zh_cn.wav,已重导,f0a7250105870655e2de544d4b475c9ccb3492a27d832aa474df965e24e6e4f8,3980a2b9315b57f12422a1105485aecfc039d8fca44a5eacd9ac7ce32d4ea57b,1.5,1.5,0.17687150835990906,0.9999999756835023,10.998801383522059,0,0,0,atrim=duration=1.5;afade=t=out:st=1.0:d=0.5,
assets/audio/units/gwen/play_vo_gwen_death3d_r2_zh_cn.wav,assets/audio/units/gwen/play_vo_gwen_death3d_r2_zh_cn.wav,已重导,54a45693bb3fbab828fc5a1fcfaeb3eead3f3d06240c0ed1fb324ac1517e8ab7,8911776e3716b489e0be889a1cab49d3c42693f9a4db9c270590de690a1c2421,1.5,1.5,0.24297577142715454,0.999999987226385,10.998995121026292,0,0,0,atrim=duration=1.5;afade=t=out:st=1.0:d=0.5,
assets/audio/units/gwen/play_vo_gwen_death3d_r3_zh_cn.wav,assets/audio/units/gwen/play_vo_gwen_death3d_r3_zh_cn.wav,已重导,40fd5d7a3bf8eeea786664693d5a22a8d7ada97eb9298f1f4a1e0126832371c5,a60c24043c61066478cb1c76936c54dda64020b6927dde4c0328c1677ea5f284,1.5,1.5,0.20933666825294495,0.9999999730589171,10.99888149612585,0,0,0,atrim=duration=1.5;afade=t=out:st=1.0:d=0.5,
assets/audio/units/imp/play_sfx_yorick_yorickq_ghoul_death_r1.wav,assets/audio/units/imp/play_sfx_yorick_yorickq_ghoul_death_r1.wav,已重导,7ed222bbc68116d194f2f72073a69ef3198abb487d680fb3304f4bd6fb05ab06,eb2b0e51d5fc3b17e539ba564eacc9ad0c054fc68f1a7d039c2baada5ca34bc6,1.5,1.5,0.13488534092903137,0.9999997603376543,-0.0044933907373092795,0,0,0,atrim=duration=1.5;afade=t=out:st=1.0:d=0.5,
assets/audio/units/imp/play_sfx_yorick_yorickq_ghoul_death_r2.wav,assets/audio/units/imp/play_sfx_yorick_yorickq_ghoul_death_r2.wav,已重导,50dd8ed76e10ce713f7557d23a5a457ec49d05cd5c6daeb67a4f3cca0b5f620b,fd911aa0eba8b644d12a5d7dacd6a26d2620a902ef3b6907d1539469be9c4db9,1.296689342403628,1.296689342403628,0.15654459595680237,0.9999997862004955,-0.0034670838641772768,0,0,0,,
assets/audio/units/imp/play_sfx_yorick_yorickq_ghoul_death_r3.wav,assets/audio/units/imp/play_sfx_yorick_yorickq_ghoul_death_r3.wav,已重导,abc19b2f3458808f97c95e029ccbfaeeb8bb4a0019d126e7f48f6ea3527b9e3e,4bcba5659724082599842112cca9b686c90d6404c61343dba1fd34da04c157e2,1.4570521541950114,1.4570521541950114,0.13771125674247742,0.9999997778142543,-0.004012225275478549,0,0,0,,
assets/audio/units/imp/play_sfx_yorick_yorickq_ghoulattack_cast_r1.wav,assets/audio/units/imp/play_sfx_yorick_yorickq_ghoulattack_cast_r1.wav,已重导,eff10bf52844e41c21f232fbe52278735cf67552f4693cade3cd6180080da1dc,4094a4df171cb4999bcf43e4981bbad811ff1ee5424d6ed2f014ca4b7ad26a26,0.8753061224489795,0.8753061224489795,0.06336147338151932,0.9999984435555493,-0.008820595503146372,0,0,0,,
assets/audio/units/imp/play_sfx_yorick_yorickq_summon_r1.wav,assets/audio/units/imp/play_sfx_yorick_yorickq_summon_r1.wav,已重导,d6b33380d57b0074bbe4a0bb34f6203ba8e81dd0243f04da298abbf60865d922,e3f348787175ee317751292842f260a1a5a56ce111e21c71c2c95c2679098c4d,3.250793650793651,3.250793650793651,0.1338004469871521,0.9999994859119905,-0.00490923954472805,0,0,0,,
assets/audio/units/imp/play_sfx_yorick_yorickq_summon_r2.wav,assets/audio/units/imp/play_sfx_yorick_yorickq_summon_r2.wav,已重导,600e32fefe9ed77196d87e5cc55258a38e875f7b757727d3dbfbe1bac1dcf799,7407df680d1307c5d864b34bf17ad8dc0051798b4b8554ba8442e01f89336a18,3.813877551020408,3.813877551020408,0.14524495601654053,0.9999995775995664,-0.00446459096419166,0,0,0,,
assets/audio/units/imp/play_sfx_yorick_yorickq_summon_r3.wav,assets/audio/units/imp/play_sfx_yorick_yorickq_summon_r3.wav,已重导,4dcb8852348a7f68dd7776c56e254057f297a72516ea6eaa75815910eca083fa,14790affa894b67676018422497b301ebcc4022156784adf198c015955101ba8,4.057687074829932,4.057687074829932,0.1408771574497223,0.9999995295137685,-0.004887560300478225,0,0,0,,
assets/audio/units/imp/play_sfx_yorick_yorickq_summon_r4.wav,assets/audio/units/imp/play_sfx_yorick_yorickq_summon_r4.wav,已重导,3561fd1365f4298f65a6781b4fcb50f64f1a903b1860471fbee9f5971f6d66d2,c7d901e5789fa73ddfff9617fdab888226e7d83418e0e2ce0b84fee1474ba933,3.6281179138321997,3.6281179138321997,0.14087870717048645,0.9999994075346251,-0.004873738434792992,0,0,0,,
assets/audio/units/imp/play_sfx_yorick_yorickq_summon_r5.wav,assets/audio/units/imp/play_sfx_yorick_yorickq_summon_r5.wav,已重导,28564706c0a67fcbbcff33d1f99aa017cff460a77c0146c5201416f20a7e4e37,b9bb5dd0ec122bac01aef948df3ef9376525098a6df1c5a70d800545a2163852,3.8312925170068026,3.8312925170068026,0.13256222009658813,0.9999991588714019,-0.005762749600918536,0,0,0,,
assets/audio/units/kayle/deploy_melee_1.wav,assets/audio/units/kayle/deploy_melee_1.wav,已重导,9023fc3259418a857da1712da2bdbe23b2bba5aed6e5a1d718fecfa77da544ed,44425c88741692d5092ef7079073e723a3776b5acf4e34542f8801053a601772,2.272358276643991,2.272358276643991,0.15835824608802795,0.9999999924970492,14.000001196856289,0,0,0,,
assets/audio/units/kayle/deploy_melee_2.wav,assets/audio/units/kayle/deploy_melee_2.wav,已重导,42f1b7c138b30c45a3c9d6b9a23f94ef4c780321176b49cb26f4ec34d8a719cd,fc13055458f5f1f1b5e3f4b460a8a61557f77b3ecffb461b986ea59a669f3181,2.102267573696145,2.102267573696145,0.1747766137123108,0.9999999930256473,14.000002880061238,0,0,0,,
assets/audio/units/kayle/deploy_melee_3.wav,assets/audio/units/kayle/deploy_melee_3.wav,已重导,265b41936c802e69699a3948981472aecce3fe4be69df95ceb02edb9d4ca0ec1,9dcd0e790812d73bc47c01e5b42ea2ce3155b70a462d7be7350ebeb5495f268d,2.780408163265306,2.780408163265306,0.17441338300704956,0.9999999933866629,13.999998107006665,0,0,0,,
assets/audio/units/kayle/deploy_ranged_1.wav,assets/audio/units/kayle/deploy_ranged_1.wav,已重导,c63ba38a4d6fc746a6587c331feb05247d44449a17324d0266d74e9e7a7f205a,52450283e295a626087078ef8be265115182e7c9e1644ae2bd79090102d7bb3b,3.0479591836734694,3.0479591836734694,0.18269261717796326,0.9999999945974621,14.000003193646108,0,0,0,,
assets/audio/units/kayle/deploy_ranged_2.wav,assets/audio/units/kayle/deploy_ranged_2.wav,已重导,fe5ebf0865c9dbffa2069fe929cb513b5a6a43cb0d0578f7b76a6c5cd56762d0,18bec231553f5c85bc84506b4a6fceccb20849a3abb70093e19394e0ad19e5a2,2.7685714285714287,2.7685714285714287,0.19001063704490662,0.9999999943446971,13.99999760000464,0,0,0,,
assets/audio/units/kayle/deploy_ranged_3.wav,assets/audio/units/kayle/deploy_ranged_3.wav,已重导,e48aeb5d7407e908264bf6d8ad3cf6a247658b9482dcc17472dd9872130a6995,2b5fb1b5a7cef701bf6689c5fa87a97afec093c6ef8229ca03b1942ca704c127,2.718458049886621,2.718458049886621,0.16362400352954865,0.9999999942694726,14.000016815620553,0,0,0,,
assets/audio/units/kayle/play_sfx_kayle_death3d_cast.wav,assets/audio/units/kayle/play_sfx_kayle_death3d_cast.wav,已重导,0fec02510fa39aaa7790468b3c428e7e828f589a3df0053ece3d5769e21313ee,ada670734e8607b1f7c54f7f9c69c9ec4a185c243065ce4555ba64bf3158e439,1.5,1.5,0.08146972209215164,0.9999999322170391,19.999988988838442,0,0,0,atrim=duration=1.5;afade=t=out:st=1.0:d=0.5,
assets/audio/units/kayle/play_sfx_kayle_kaylebasicattack2_oncast_r1.wav,assets/audio/units/kayle/play_sfx_kayle_kaylebasicattack2_oncast_r1.wav,已重导,594dba641e5789726218bc9051f043e8ae01bd33eb61564e1326c971a280120b,175c946b3e1b9b0e5534f2a4ab572f57f688b37150a508f7cb08f2e7110de446,1.3209977324263038,1.3209977324263038,0.14195184409618378,0.9999999681200559,12.999995311653835,0,0,0,,
assets/audio/units/kayle/play_sfx_kayle_kaylebasicattack2_oncast_r2.wav,assets/audio/units/kayle/play_sfx_kayle_kaylebasicattack2_oncast_r2.wav,已重导,ef6c4e70e76bb70c5db49638a01c2f987d87a79ceec97d81dd76661ee0c86064,f206090091731a62b73e1d0edf0a471d4fa0b2805a99230b91a4b90c46bc0f83,1.3332426303854876,1.3332426303854876,0.14891965687274933,0.9999999784722973,12.999996361303952,0,0,0,,
assets/audio/units/kayle/play_sfx_kayle_kaylebasicattack2_oncast_r3.wav,assets/audio/units/kayle/play_sfx_kayle_kaylebasicattack2_oncast_r3.wav,已重导,a2d3d8b3d1ad4c3d279abf97530ed72e04e8b210b4ef3b3a3e9272c447065ca8,1ce86f58e8819be24cb5627a9ca0691448fd4224a24ea2f6b0e274b5aceb4db0,1.1494104308390023,1.1494104308390023,0.16710473597049713,0.9999999766499816,13.000003457195561,0,0,0,,
assets/audio/units/kayle/play_sfx_kayle_kaylebasicattack2_oncast_r4.wav,assets/audio/units/kayle/play_sfx_kayle_kaylebasicattack2_oncast_r4.wav,已重导,4a9b9a0dd830187f3903ee95dc8b74a42290d0c9936462f4f11358a17b4cf91a,3cdc03d824d0b58506c118c2dd60b11203b31b16acf7cd3c774a6a454e7fb7b6,1.3373242630385487,1.3373242630385487,0.17176654934883118,0.9999999778403563,12.999981854545029,0,0,0,,
assets/audio/units/kayle/play_sfx_kayle_kaylebasicattack2_onhit_r1.wav,assets/audio/units/kayle/play_sfx_kayle_kaylebasicattack2_onhit_r1.wav,已重导,818da1d3239aa763e86e2390e09bc1f733147354a0df101d8570740e99b00594,41b7ac9246e2af7a6aecec3ef9ec2fdede03ee164c54d583f00fa528789ec3e9,0.9682993197278912,0.9682993197278912,0.1826416403055191,0.9999999849306317,12.999975162594236,0,0,0,,
assets/audio/units/kayle/play_sfx_kayle_kaylebasicattack2_onhit_r2.wav,assets/audio/units/kayle/play_sfx_kayle_kaylebasicattack2_onhit_r2.wav,已重导,3e1eae63120fa619378b583caa4aabdf34ef3ea3b43b9efc9aaed6d938145b3e,07a363b4cc811b190c6b4d9da938c0a1f31b97b4fd9706b9d10fd0fa1ec9d44a,0.9296371882086167,0.9296371882086167,0.16683191061019897,0.9999999839776559,12.999981475053254,0,0,0,,
assets/audio/units/kayle/play_sfx_kayle_kaylebasicattack2_onhit_r3.wav,assets/audio/units/kayle/play_sfx_kayle_kaylebasicattack2_onhit_r3.wav,已重导,723810b102fc439e561ab042105b2b12778ba62bf30bfc8b8b32271f53e4267d,b6e7ae548698331ad94b0d4a564fd1cef107ed0f6164dbd09cac2d8e6d62ca68,0.7309977324263038,0.7309977324263038,0.17054691910743713,0.9999999845963581,12.999992954861035,0,0,0,,
assets/audio/units/kayle/play_sfx_kayle_kaylebasicattack2_onhit_r4.wav,assets/audio/units/kayle/play_sfx_kayle_kaylebasicattack2_onhit_r4.wav,已重导,2e38e0de0ad6d0f9a4003ed7fe37037d79402c004464aaf6acaa8488d06660cd,f05820f4362dd9dcfbe7aa3cc3cd6c5218911b7198f5c5d24d4420576f48d58d,0.8886167800453515,0.8886167800453515,0.16994793713092804,0.9999999824673009,12.999965079982003,0,0,0,,
assets/audio/units/kayle/play_sfx_kayle_kaylebasicattack3_oncast_r1_d.wav,assets/audio/units/kayle/play_sfx_kayle_kaylebasicattack3_oncast_r1_d.wav,已重导,594dba641e5789726218bc9051f043e8ae01bd33eb61564e1326c971a280120b,175c946b3e1b9b0e5534f2a4ab572f57f688b37150a508f7cb08f2e7110de446,1.3209977324263038,1.3209977324263038,0.14195184409618378,0.9999999681200559,12.999995311653835,0,0,0,,
assets/audio/units/kayle/play_sfx_kayle_kaylebasicattack3_oncast_r2_d.wav,assets/audio/units/kayle/play_sfx_kayle_kaylebasicattack3_oncast_r2_d.wav,已重导,ef6c4e70e76bb70c5db49638a01c2f987d87a79ceec97d81dd76661ee0c86064,f206090091731a62b73e1d0edf0a471d4fa0b2805a99230b91a4b90c46bc0f83,1.3332426303854876,1.3332426303854876,0.14891965687274933,0.9999999784722973,12.999996361303952,0,0,0,,
assets/audio/units/kayle/play_sfx_kayle_kaylebasicattack3_oncast_r3_d.wav,assets/audio/units/kayle/play_sfx_kayle_kaylebasicattack3_oncast_r3_d.wav,已重导,a2d3d8b3d1ad4c3d279abf97530ed72e04e8b210b4ef3b3a3e9272c447065ca8,1ce86f58e8819be24cb5627a9ca0691448fd4224a24ea2f6b0e274b5aceb4db0,1.1494104308390023,1.1494104308390023,0.16710473597049713,0.9999999766499816,13.000003457195561,0,0,0,,
assets/audio/units/kayle/play_sfx_kayle_kaylebasicattack3_oncast_r4_d.wav,assets/audio/units/kayle/play_sfx_kayle_kaylebasicattack3_oncast_r4_d.wav,已重导,4a9b9a0dd830187f3903ee95dc8b74a42290d0c9936462f4f11358a17b4cf91a,3cdc03d824d0b58506c118c2dd60b11203b31b16acf7cd3c774a6a454e7fb7b6,1.3373242630385487,1.3373242630385487,0.17176654934883118,0.9999999778403563,12.999981854545029,0,0,0,,
assets/audio/units/kayle/play_sfx_kayle_kaylebasicattack3_onhit.wav,assets/audio/units/kayle/play_sfx_kayle_kaylebasicattack3_onhit.wav,已重导,d62b82646e79b2cf4f28eaaa042b88eac22799617dd37240c9c75901f307f3df,ed4b0341deaa1e44eec3c5bc1de1bfc0dd2d984f8d9f63b7e298aa696d088f23,2.246031746031746,2.246031746031746,0.18014374375343323,0.9999999823392004,12.000009509196587,0,0,0,,
assets/audio/units/kayle/play_sfx_kayle_kaylebasicattack3_onmissilecast.wav,assets/audio/units/kayle/play_sfx_kayle_kaylebasicattack3_onmissilecast.wav,已重导,082fbfbb7068c625d5ef760291558f8270b4f9f350f32cf7a88b579d5ef62f23,f292929feb3363e93d5a64fa1f7b487cfb6b2a526c682386c37cadb9e74ec603,1.0530385487528344,1.0530385487528344,0.1175336018204689,0.9999999368323564,15.999990881590186,0,0,0,,
assets/audio/units/kayle/play_sfx_kayle_kaylebasicattack4_oncast_r1_d.wav,assets/audio/units/kayle/play_sfx_kayle_kaylebasicattack4_oncast_r1_d.wav,已重导,594dba641e5789726218bc9051f043e8ae01bd33eb61564e1326c971a280120b,175c946b3e1b9b0e5534f2a4ab572f57f688b37150a508f7cb08f2e7110de446,1.3209977324263038,1.3209977324263038,0.14195184409618378,0.9999999681200559,12.999995311653835,0,0,0,,
assets/audio/units/kayle/play_sfx_kayle_kaylebasicattack4_oncast_r2_d.wav,assets/audio/units/kayle/play_sfx_kayle_kaylebasicattack4_oncast_r2_d.wav,已重导,ef6c4e70e76bb70c5db49638a01c2f987d87a79ceec97d81dd76661ee0c86064,f206090091731a62b73e1d0edf0a471d4fa0b2805a99230b91a4b90c46bc0f83,1.3332426303854876,1.3332426303854876,0.14891965687274933,0.9999999784722973,12.999996361303952,0,0,0,,
assets/audio/units/kayle/play_sfx_kayle_kaylebasicattack4_oncast_r3_d.wav,assets/audio/units/kayle/play_sfx_kayle_kaylebasicattack4_oncast_r3_d.wav,已重导,a2d3d8b3d1ad4c3d279abf97530ed72e04e8b210b4ef3b3a3e9272c447065ca8,1ce86f58e8819be24cb5627a9ca0691448fd4224a24ea2f6b0e274b5aceb4db0,1.1494104308390023,1.1494104308390023,0.16710473597049713,0.9999999766499816,13.000003457195561,0,0,0,,
assets/audio/units/kayle/play_sfx_kayle_kaylebasicattack4_oncast_r4_d.wav,assets/audio/units/kayle/play_sfx_kayle_kaylebasicattack4_oncast_r4_d.wav,已重导,4a9b9a0dd830187f3903ee95dc8b74a42290d0c9936462f4f11358a17b4cf91a,3cdc03d824d0b58506c118c2dd60b11203b31b16acf7cd3c774a6a454e7fb7b6,1.3373242630385487,1.3373242630385487,0.17176654934883118,0.9999999778403563,12.999981854545029,0,0,0,,
assets/audio/units/kayle/play_sfx_kayle_kaylebasicattack4_onhit_d.wav,assets/audio/units/kayle/play_sfx_kayle_kaylebasicattack4_onhit_d.wav,已重导,d62b82646e79b2cf4f28eaaa042b88eac22799617dd37240c9c75901f307f3df,ed4b0341deaa1e44eec3c5bc1de1bfc0dd2d984f8d9f63b7e298aa696d088f23,2.246031746031746,2.246031746031746,0.18014374375343323,0.9999999823392004,12.000009509196587,0,0,0,,
assets/audio/units/kayle/play_sfx_kayle_kaylebasicattack4_onmissilecast_d.wav,assets/audio/units/kayle/play_sfx_kayle_kaylebasicattack4_onmissilecast_d.wav,已重导,082fbfbb7068c625d5ef760291558f8270b4f9f350f32cf7a88b579d5ef62f23,f292929feb3363e93d5a64fa1f7b487cfb6b2a526c682386c37cadb9e74ec603,1.0530385487528344,1.0530385487528344,0.1175336018204689,0.9999999368323564,15.999990881590186,0,0,0,,
assets/audio/units/kayle/play_sfx_kayle_kaylebasicattack_oncast_r1_d.wav,assets/audio/units/kayle/play_sfx_kayle_kaylebasicattack_oncast_r1_d.wav,已重导,594dba641e5789726218bc9051f043e8ae01bd33eb61564e1326c971a280120b,175c946b3e1b9b0e5534f2a4ab572f57f688b37150a508f7cb08f2e7110de446,1.3209977324263038,1.3209977324263038,0.14195184409618378,0.9999999681200559,12.999995311653835,0,0,0,,
assets/audio/units/kayle/play_sfx_kayle_kaylebasicattack_oncast_r2_d.wav,assets/audio/units/kayle/play_sfx_kayle_kaylebasicattack_oncast_r2_d.wav,已重导,ef6c4e70e76bb70c5db49638a01c2f987d87a79ceec97d81dd76661ee0c86064,f206090091731a62b73e1d0edf0a471d4fa0b2805a99230b91a4b90c46bc0f83,1.3332426303854876,1.3332426303854876,0.14891965687274933,0.9999999784722973,12.999996361303952,0,0,0,,
assets/audio/units/kayle/play_sfx_kayle_kaylebasicattack_oncast_r3_d.wav,assets/audio/units/kayle/play_sfx_kayle_kaylebasicattack_oncast_r3_d.wav,已重导,a2d3d8b3d1ad4c3d279abf97530ed72e04e8b210b4ef3b3a3e9272c447065ca8,1ce86f58e8819be24cb5627a9ca0691448fd4224a24ea2f6b0e274b5aceb4db0,1.1494104308390023,1.1494104308390023,0.16710473597049713,0.9999999766499816,13.000003457195561,0,0,0,,
assets/audio/units/kayle/play_sfx_kayle_kaylebasicattack_oncast_r4_d.wav,assets/audio/units/kayle/play_sfx_kayle_kaylebasicattack_oncast_r4_d.wav,已重导,4a9b9a0dd830187f3903ee95dc8b74a42290d0c9936462f4f11358a17b4cf91a,3cdc03d824d0b58506c118c2dd60b11203b31b16acf7cd3c774a6a454e7fb7b6,1.3373242630385487,1.3373242630385487,0.17176654934883118,0.9999999778403563,12.999981854545029,0,0,0,,
assets/audio/units/kayle/play_sfx_kayle_kaylebasicattack_onhit_r1_d.wav,assets/audio/units/kayle/play_sfx_kayle_kaylebasicattack_onhit_r1_d.wav,已重导,818da1d3239aa763e86e2390e09bc1f733147354a0df101d8570740e99b00594,41b7ac9246e2af7a6aecec3ef9ec2fdede03ee164c54d583f00fa528789ec3e9,0.9682993197278912,0.9682993197278912,0.1826416403055191,0.9999999849306317,12.999975162594236,0,0,0,,
assets/audio/units/kayle/play_sfx_kayle_kaylebasicattack_onhit_r2_d.wav,assets/audio/units/kayle/play_sfx_kayle_kaylebasicattack_onhit_r2_d.wav,已重导,3e1eae63120fa619378b583caa4aabdf34ef3ea3b43b9efc9aaed6d938145b3e,07a363b4cc811b190c6b4d9da938c0a1f31b97b4fd9706b9d10fd0fa1ec9d44a,0.9296371882086167,0.9296371882086167,0.16683191061019897,0.9999999839776559,12.999981475053254,0,0,0,,
assets/audio/units/kayle/play_sfx_kayle_kaylebasicattack_onhit_r3_d.wav,assets/audio/units/kayle/play_sfx_kayle_kaylebasicattack_onhit_r3_d.wav,已重导,723810b102fc439e561ab042105b2b12778ba62bf30bfc8b8b32271f53e4267d,b6e7ae548698331ad94b0d4a564fd1cef107ed0f6164dbd09cac2d8e6d62ca68,0.7309977324263038,0.7309977324263038,0.17054691910743713,0.9999999845963581,12.999992954861035,0,0,0,,
assets/audio/units/kayle/play_sfx_kayle_kaylebasicattack_onhit_r4_d.wav,assets/audio/units/kayle/play_sfx_kayle_kaylebasicattack_onhit_r4_d.wav,已重导,2e38e0de0ad6d0f9a4003ed7fe37037d79402c004464aaf6acaa8488d06660cd,f05820f4362dd9dcfbe7aa3cc3cd6c5218911b7198f5c5d24d4420576f48d58d,0.8886167800453515,0.8886167800453515,0.16994793713092804,0.9999999824673009,12.999965079982003,0,0,0,,
assets/audio/units/kayle/play_sfx_kayle_kaylewheal_oncast_r1.wav,assets/audio/units/kayle/play_sfx_kayle_kaylewheal_oncast_r1.wav,已重导,00cf86bd4a15bea96a18e1485dbb58d6c2a45365588facc0c95e6c4cc36e414f,f54374a36ceadc32050bf93133301787b9596785d1cf33b0c386da2918a19fdd,3.336530612244898,3.336530612244898,0.1585913747549057,0.9999999872691425,11.999999694963318,0,0,0,,
assets/audio/units/kayle/play_sfx_kayle_kaylewheal_oncast_r2.wav,assets/audio/units/kayle/play_sfx_kayle_kaylewheal_oncast_r2.wav,已重导,a276d378b6ce41f6efe608a98b29dae436dada1280637f7cb111df2d08be6f6c,c51b99189a0136c80a782b28a8c49fddd05bc0f6a9a390a4fa13c145e9167e0f,3.895759637188209,3.895759637188209,0.16703470051288605,0.9999999876951636,12.000001802071337,0,0,0,,
assets/audio/units/kayle/play_sfx_kayle_kaylewheal_oncast_r3.wav,assets/audio/units/kayle/play_sfx_kayle_kaylewheal_oncast_r3.wav,已重导,60fd09e3e3bea0a01da5ae0324459f84410c3d83ebe2c5fd4bb6586f1fafd1e7,b4eda421fe827b70fcfa0b159c8f3053478c288c77297c97d7e897e2718b70ec,3.7686167800453516,3.7686167800453516,0.18332213163375854,0.999999990017535,12.000000661020273,0,0,0,,
assets/audio/units/kayle/play_sfx_kayle_kaylewheal_oncast_r4.wav,assets/audio/units/kayle/play_sfx_kayle_kaylewheal_oncast_r4.wav,已重导,ec2567d3861cbe41d3a1e2d3fc44d30e03dccdaa74081a0449da0497ac18102f,beaf238c0c048c84368156023e3abe8ae8947d5a3088517344ae864b7e991a09,3.608798185941043,3.608798185941043,0.17183393239974976,0.9999999916242437,12.000000270761412,0,0,0,,
assets/audio/units/kayle/wave_hit.wav,assets/audio/units/kayle/wave_hit.wav,已重导,287287993be73a18a901ef15fd433bc5dfea439544ba04787aade8646e7823ee,c86ac5e6e569dd5609dea2bf8918872e0cadc0c8acef3e8456f1375c85917507,1.1301587301587301,1.1301587301587301,0.19039350748062134,0.9999999858436688,10.000027301366185,0,0,0,,
assets/audio/units/kayle/wave_launch_r1.wav,assets/audio/units/kayle/wave_launch_r1.wav,已重导,f3634b5a1fd948a981bf36d2d5983833fb64680993f476c9a81d15ac7dd90d88,67cae59dac221a20407b1771e8996da23a2b1cdb081b596929fb0babe109b3b1,1.215328798185941,1.215328798185941,0.14987584948539734,0.9999999879132008,15.000030625129297,0,0,0,adelay=70:all=1,
assets/audio/units/kayle/wave_launch_r2.wav,assets/audio/units/kayle/wave_launch_r2.wav,已重导,b37017ef231c84b2d66865fde2acaf58e498fdbab4fd39a28ed165477225e555,9800d68c0fbb8dc7bf73817b4bbeab66b8428945308e7a522b6f6827ea1ce884,1.2187301587301587,1.2187301587301587,0.1355499029159546,0.999999987240977,15.000014288757075,0,0,0,adelay=70:all=1,
assets/audio/units/kayle/wave_launch_r3.wav,assets/audio/units/kayle/wave_launch_r3.wav,已重导,fb378ea10beccb614eb4550589683ea0e4d062dca1d03d93c14c4cfb510357e7,10936bfd4ea4687f43e981d630267e7b34211af5519cea5a9612b1d04e295ae2,0.9892517006802721,0.9892517006802721,0.13860656321048737,0.999999989469573,15.00000297195485,0,0,0,adelay=70:all=1,
assets/audio/units/kayle/wave_launch_r4.wav,assets/audio/units/kayle/wave_launch_r4.wav,已重导,dad7781ea819f5b61c46c8e72bfa88f9ab94bad34e19d59c8ef21055c5ef7b6f,8ea7fd031760e7857129c8dcaa57c695692a8e83f8a8f637124f2769541608a2,0.9987755102040816,0.9987755102040816,0.15976335108280182,0.999999989272747,14.999998247642928,0,0,0,adelay=70:all=1,
assets/audio/units/kayn/kayn_assassin_attack1_1.wav,assets/audio/units/kayn/kayn_assassin_attack1_1.wav,已重导,0b09181492daedb30da65b20d4837ede8544b5f8e77724f58aa17f4021926c99,3bfabaf907e9061b655db16e77d9620f1f7e31fc5bd75c9015f47256dd9e499f,1.5241496598639457,1.5241496598639457,0.15893009305000305,0.9999999738192893,9.999995336122433,0,0,0,,
assets/audio/units/kayn/kayn_assassin_attack1_2.wav,assets/audio/units/kayn/kayn_assassin_attack1_2.wav,已重导,cc7c37334d2513b89aff6f82df521c2b7e3480558f1f81a7616a59a151fbffc9,638ddb6161d97f6677659f94b6a49b8f49338ae9d22c85420322a600ff46b80f,1.3452607709750566,1.3452607709750566,0.14949677884578705,0.9999999758395398,10.00002318551967,0,0,0,,
assets/audio/units/kayn/kayn_assassin_attack2_1.wav,assets/audio/units/kayn/kayn_assassin_attack2_1.wav,已重导,0b09181492daedb30da65b20d4837ede8544b5f8e77724f58aa17f4021926c99,3bfabaf907e9061b655db16e77d9620f1f7e31fc5bd75c9015f47256dd9e499f,1.5241496598639457,1.5241496598639457,0.15893009305000305,0.9999999738192893,9.999995336122433,0,0,0,,
assets/audio/units/kayn/kayn_assassin_attack2_2.wav,assets/audio/units/kayn/kayn_assassin_attack2_2.wav,已重导,cc7c37334d2513b89aff6f82df521c2b7e3480558f1f81a7616a59a151fbffc9,638ddb6161d97f6677659f94b6a49b8f49338ae9d22c85420322a600ff46b80f,1.3452607709750566,1.3452607709750566,0.14949677884578705,0.9999999758395398,10.00002318551967,0,0,0,,
assets/audio/units/kayn/kayn_assassin_attack3_1.wav,assets/audio/units/kayn/kayn_assassin_attack3_1.wav,已重导,4e6eece6ec700f444e9aafcc5fedea6c717296a725214626820ecde0244f884c,3ce2d54c32aff02b64461bf20195da2e5a553d815d817ea7dc70452a535399a5,0.4096371882086168,0.4096371882086168,0.17767658829689026,0.9999999952490565,9.99999158645162,0,0,0,,
assets/audio/units/kayn/kayn_assassin_attack3_2.wav,assets/audio/units/kayn/kayn_assassin_attack3_2.wav,已重导,61f33510fbe40025305af9d5e5e1e57567f7f55fc813cea689ce612d6b2596e7,4fbec553eef233e0c1019c0cd21937afd8a197ed9d6c42b6a0130e359c76198d,0.4684807256235828,0.4684807256235828,0.164060577750206,0.9999999952886869,10.000006698231614,0,0,0,,
assets/audio/units/kayn/kayn_assassin_attack_hit_1.wav,assets/audio/units/kayn/kayn_assassin_attack_hit_1.wav,已重导,9a537d320690c191c2a249fea0a28a84bf60b1b959d90a8a91201ce38eb40a83,49e315ee4e81cc4d71517a60a7df204a89443582ef14dc74babbc2a5d02e0eba,0.950952380952381,0.950952380952381,0.21636560559272766,0.9999999765997662,9.000003079085966,0,0,0,,
assets/audio/units/kayn/kayn_assassin_attack_hit_2.wav,assets/audio/units/kayn/kayn_assassin_attack_hit_2.wav,已重导,eee40fd1f65949ceed7d3b59f136fad6678783a643ebf83156f0aee9229550fe,9b9b1f37cfecd2c0604ed6055b680df5b558779bdd269bf93702e0241cf7a1b3,0.8181632653061225,0.8181632653061225,0.19651223719120026,0.9999999840181181,8.99998295849852,0,0,0,,
assets/audio/units/kayn/kayn_assassin_death_1.wav,assets/audio/units/kayn/kayn_assassin_death_1.wav,已重导,15403529cf15063888a811c62ec90b0d6cec4637dc37f145c9db1c8188f3dd3d,6560b70ae4e203dee36f4ae1e3e1ca77e68cb9dc1474d4f120f7845ded3c1b5f,1.5,1.5,0.08815060555934906,0.9999999683039494,15.999984358921587,0,0,0,atrim=duration=1.5;afade=t=out:st=1.0:d=0.5,
assets/audio/units/kayn/kayn_assassin_deploy_voice_1.wav,assets/audio/units/kayn/kayn_assassin_deploy_voice_1.wav,已重导,f5b4412b4be8953ca1d7a9267bd1a18ca5567b70d2e706c49c0094f8b5c086c2,42810909b02acd80da0fcc87bde92b637246798a2723b92cdfebac714aae7de2,3.860498866213152,3.860498866213152,0.23154273629188538,0.9999999969111566,3.9999990924209943,0,0,0,,
assets/audio/units/kayn/kayn_assassin_deploy_voice_2.wav,assets/audio/units/kayn/kayn_assassin_deploy_voice_2.wav,已重导,cbfa37e49976f360669e49984842515aa857645cd5dd1e0d49f2fc62410aadd3,efc845304c41e266f529ac67c893f8af62560e7fcf278b7af84191fa4bf96f01,4.50328798185941,4.50328798185941,0.2414773553609848,0.9999999962544459,3.9999937262881353,0,0,0,,
assets/audio/units/kayn/kayn_assassin_deploy_voice_3.wav,assets/audio/units/kayn/kayn_assassin_deploy_voice_3.wav,已重导,4c3b450e5269658918d8cd42c1041a35dfa591dd129cbf9207f4f506087838c3,f23234399ea99ed65d48b85acc77814365886eb66744f938355a9bf4e0eed46c,3.372108843537415,3.372108843537415,0.179627925157547,0.9999999911986617,9.000002086608715,0,0,0,,
assets/audio/units/kayn/kayn_assassin_q_cast_1.wav,assets/audio/units/kayn/kayn_assassin_q_cast_1.wav,已重导,f5901323d534e3fca8663c1353ed854d1c73f02785153cf75d0d6bc4f03948ff,be03d69ad4638a3c0033348ff149749a6850eb70736b1aa0a6611fd01c8a7908,1.2929931972789115,1.2929931972789115,0.15942831337451935,0.9999999907683478,12.000001405584369,0,0,0,,
assets/audio/units/kayn/kayn_assassin_q_hit_1.wav,assets/audio/units/kayn/kayn_assassin_q_hit_1.wav,已重导,9a537d320690c191c2a249fea0a28a84bf60b1b959d90a8a91201ce38eb40a83,ce2e3e008c778b248ec0947062c219a0d02052da10359237613a7177d0b142c8,0.950952380952381,0.950952380952381,0.3429163694381714,0.9999999887424538,5.000008540190091,0,0,0,,
assets/audio/units/kayn/kayn_assassin_q_spin_1.wav,assets/audio/units/kayn/kayn_assassin_q_spin_1.wav,已重导,89f05b5c3c9f1ccdd677c2c729efc31e892b7dd7729adc20e6bbe8013217ef5b,40652163cbb1ac8bb6ef60354213a938f6d5b810fdf7ee1febb1df2bb0062eaa,2.3866666666666667,2.3866666666666667,0.21521660685539246,0.9999999897951922,10.99998765129403,0,0,0,,
assets/audio/units/kayn/kayn_assassin_terrain_1.wav,assets/audio/units/kayn/kayn_assassin_terrain_1.wav,已重导,00b37c9f11b3a5d6b9de2b3b0e09ee49c3956868e85498652fe807820dec751d,c358e210059919c77755e0b5c6a40a2b9f75391cbfbf8cb6bbd08d6542e59a85,4.159070294784581,4.159070294784581,0.25690194964408875,0.9999999932591724,5.999997032203716,0,0,0,,
assets/audio/units/kayn/kayn_assassin_terrain_exit.wav,assets/audio/units/kayn/kayn_assassin_terrain_exit.wav,已重导,deaf47f9dab3550ab7912b8a9f260ab029d59876e3646feb96c7331eea0f212e,e44179a94f92273f612ea4fe31a27022f717779ea7121b6639a24b504ce90ce3,3.983401360544218,3.983401360544218,0.23148219287395477,0.9999999940925679,6.999995498129547,0,0,0,,
assets/audio/units/kayn/kayn_assassin_terrain_sustain.wav,assets/audio/units/kayn/kayn_assassin_terrain_sustain.wav,已重导,8f214f28e4aac7ebc4090ae0adaa16301f9a0bb2eab8b992dc853b02708c2657,c17bdc3ab0a7f22ddbbe6e506052e88d7f028323fe940007efd4075a6e37fdc9,13.444104308390022,13.444104308390022,0.2605079710483551,0.9999999971594864,5.000001863048794,0,0,0,,
assets/audio/units/kayn/kayn_attack1_1.wav,assets/audio/units/kayn/kayn_attack1_1.wav,已重导,67f072eb7bd4b4b34438de7b337c87695d454ef3cf134eaedf2178e99bb931fe,4be95c1dec5367124163e474cda792bed6faff5a509a79f1ac6e77d15fd2cdf7,0.6380272108843538,0.6380272108843538,0.1895197629928589,0.9999999945609775,9.999991131758959,0,0,0,,
assets/audio/units/kayn/kayn_attack1_2.wav,assets/audio/units/kayn/kayn_attack1_2.wav,已重导,43bb76ce379e501b7d0ad2aae246b458fcf608d4be11621bfbccda20599011bb,72ceabd02f2dd36306ca2f51a0689855fab993fdc3553732e0acd231fd13f95c,0.75718820861678,0.75718820861678,0.1658618450164795,0.9999999938378129,9.999996015809204,0,0,0,,
assets/audio/units/kayn/kayn_attack2_1.wav,assets/audio/units/kayn/kayn_attack2_1.wav,已重导,67f072eb7bd4b4b34438de7b337c87695d454ef3cf134eaedf2178e99bb931fe,4be95c1dec5367124163e474cda792bed6faff5a509a79f1ac6e77d15fd2cdf7,0.6380272108843538,0.6380272108843538,0.1895197629928589,0.9999999945609775,9.999991131758959,0,0,0,,
assets/audio/units/kayn/kayn_attack2_2.wav,assets/audio/units/kayn/kayn_attack2_2.wav,已重导,43bb76ce379e501b7d0ad2aae246b458fcf608d4be11621bfbccda20599011bb,72ceabd02f2dd36306ca2f51a0689855fab993fdc3553732e0acd231fd13f95c,0.75718820861678,0.75718820861678,0.1658618450164795,0.9999999938378129,9.999996015809204,0,0,0,,
assets/audio/units/kayn/kayn_attack3_1.wav,assets/audio/units/kayn/kayn_attack3_1.wav,已重导,4e6eece6ec700f444e9aafcc5fedea6c717296a725214626820ecde0244f884c,3ce2d54c32aff02b64461bf20195da2e5a553d815d817ea7dc70452a535399a5,0.4096371882086168,0.4096371882086168,0.17767658829689026,0.9999999952490565,9.99999158645162,0,0,0,,
assets/audio/units/kayn/kayn_attack3_2.wav,assets/audio/units/kayn/kayn_attack3_2.wav,已重导,ddd3128775ea7ec9d7e529035e398cb54c4b878598a2b8e2ef06511a81900639,9b7c476585088c8b65caba1ebc565e9c9539332160bc6176d0d322ddbc594a7f,0.4684807256235828,0.4684807256235828,0.1657595932483673,0.999999996093183,10.000004560435904,0,0,0,,
assets/audio/units/kayn/kayn_attack_hit_1.wav,assets/audio/units/kayn/kayn_attack_hit_1.wav,已重导,9a537d320690c191c2a249fea0a28a84bf60b1b959d90a8a91201ce38eb40a83,49e315ee4e81cc4d71517a60a7df204a89443582ef14dc74babbc2a5d02e0eba,0.950952380952381,0.950952380952381,0.21636560559272766,0.9999999765997662,9.000003079085966,0,0,0,,
assets/audio/units/kayn/kayn_attack_hit_2.wav,assets/audio/units/kayn/kayn_attack_hit_2.wav,已重导,eee40fd1f65949ceed7d3b59f136fad6678783a643ebf83156f0aee9229550fe,9b9b1f37cfecd2c0604ed6055b680df5b558779bdd269bf93702e0241cf7a1b3,0.8181632653061225,0.8181632653061225,0.19651223719120026,0.9999999840181181,8.99998295849852,0,0,0,,
assets/audio/units/kayn/kayn_death_1.wav,assets/audio/units/kayn/kayn_death_1.wav,已重导,15403529cf15063888a811c62ec90b0d6cec4637dc37f145c9db1c8188f3dd3d,6560b70ae4e203dee36f4ae1e3e1ca77e68cb9dc1474d4f120f7845ded3c1b5f,1.5,1.5,0.08815060555934906,0.9999999683039494,15.999984358921587,0,0,0,atrim=duration=1.5;afade=t=out:st=1.0:d=0.5,
assets/audio/units/kayn/kayn_deploy_voice_1.wav,assets/audio/units/kayn/kayn_deploy_voice_1.wav,已重导,78da320c9573b633877287d841e96907b12eb761042a6caee143342635a25b09,686f4c93def88fa2f826a0a2a67354ea31988043753d975ae7e4f253e262a613,1.4543537414965986,1.4543537414965986,0.13184815645217896,0.9999999895517938,9.000010700111575,0,0,0,,
assets/audio/units/kayn/kayn_deploy_voice_2.wav,assets/audio/units/kayn/kayn_deploy_voice_2.wav,已重导,d615ed003b3293d2c9c2f1ad3e703a06cf5a746c12183862784258498eddc6ad,67cc2818f57c7d3a40377ebe59b3afc561949d018ba9724bb10550b5222a3938,5.726303854875283,5.726303854875283,0.9856256246566772,0.9999999805408523,-5.999999192056499,0,0,0,,
assets/audio/units/kayn/kayn_deploy_voice_3.wav,assets/audio/units/kayn/kayn_deploy_voice_3.wav,已重导,2e938eafad562583135f9647e1ac0f7dc9248adb5c1ba51688686ea6366ce497,9add88806e8016f9a42211b86e54549fc35637c3cde0d308fcd4df1c7dbd4eb0,1.446077097505669,1.446077097505669,0.2677258551120758,0.9999999999988627,-3.3202872461819955e-07,0,0,0,,
assets/audio/units/kayn/kayn_q_cast_1.wav,assets/audio/units/kayn/kayn_q_cast_1.wav,已重导,20061d0a5c3bdc001c5548cd5eb19a284834fbe246b254083d481e75cca6b955,f3ea4f15f76c38a8091e2c9f43b4d112527234eea8c8dfe1600f7ef6068de135,1.0489795918367346,1.0489795918367346,0.1510217934846878,0.9999999902463741,12.000002647599441,0,0,0,,
assets/audio/units/kayn/kayn_q_hit_1.wav,assets/audio/units/kayn/kayn_q_hit_1.wav,已重导,9a537d320690c191c2a249fea0a28a84bf60b1b959d90a8a91201ce38eb40a83,ce2e3e008c778b248ec0947062c219a0d02052da10359237613a7177d0b142c8,0.950952380952381,0.950952380952381,0.3429163694381714,0.9999999887424538,5.000008540190091,0,0,0,,
assets/audio/units/kayn/kayn_q_spin_1.wav,assets/audio/units/kayn/kayn_q_spin_1.wav,已重导,4641ed640097e88c7604b6bf6651951e0d12a625f7bcff62c36a6b03ea35af9c,ae2beed36044c0b67e7db6b73178f6b1f7c75690384dd3b445f635a14c21502a,1.636938775510204,1.636938775510204,0.21236616373062134,0.9999999887820016,11.000022178315064,0,0,0,,
assets/audio/units/kayn/kayn_slayer_attack1_1.wav,assets/audio/units/kayn/kayn_slayer_attack1_1.wav,已重导,c1977a76e5bafce20143b0ccd96f4518012465afb1c6e4459bd895ab9affc248,ae46bda9998f6c4c380fe2cd5d8abc82c1f842508b8b52af6def6a688404aef3,0.9430839002267574,0.9430839002267574,0.19006456434726715,0.9999999922376065,10.000006007705792,0,0,0,,
assets/audio/units/kayn/kayn_slayer_attack1_2.wav,assets/audio/units/kayn/kayn_slayer_attack1_2.wav,已重导,8101a0affdacff742a7c580e397ddd4194f5abd5cd18b6823c7cb7fe91c38947,965ce4dd65330fd722314cac339f149961870a428141e48e2c5935a926a9e1be,0.6969387755102041,0.6969387755102041,0.1743898093700409,0.999999992678918,10.000007669748284,0,0,0,,
assets/audio/units/kayn/kayn_slayer_attack2_1.wav,assets/audio/units/kayn/kayn_slayer_attack2_1.wav,已重导,c1977a76e5bafce20143b0ccd96f4518012465afb1c6e4459bd895ab9affc248,ae46bda9998f6c4c380fe2cd5d8abc82c1f842508b8b52af6def6a688404aef3,0.9430839002267574,0.9430839002267574,0.19006456434726715,0.9999999922376065,10.000006007705792,0,0,0,,
assets/audio/units/kayn/kayn_slayer_attack2_2.wav,assets/audio/units/kayn/kayn_slayer_attack2_2.wav,已重导,8101a0affdacff742a7c580e397ddd4194f5abd5cd18b6823c7cb7fe91c38947,965ce4dd65330fd722314cac339f149961870a428141e48e2c5935a926a9e1be,0.6969387755102041,0.6969387755102041,0.1743898093700409,0.999999992678918,10.000007669748284,0,0,0,,
assets/audio/units/kayn/kayn_slayer_attack3_1.wav,assets/audio/units/kayn/kayn_slayer_attack3_1.wav,已重导,4e6eece6ec700f444e9aafcc5fedea6c717296a725214626820ecde0244f884c,3ce2d54c32aff02b64461bf20195da2e5a553d815d817ea7dc70452a535399a5,0.4096371882086168,0.4096371882086168,0.17767658829689026,0.9999999952490565,9.99999158645162,0,0,0,,
assets/audio/units/kayn/kayn_slayer_attack3_2.wav,assets/audio/units/kayn/kayn_slayer_attack3_2.wav,已重导,ddd3128775ea7ec9d7e529035e398cb54c4b878598a2b8e2ef06511a81900639,9b7c476585088c8b65caba1ebc565e9c9539332160bc6176d0d322ddbc594a7f,0.4684807256235828,0.4684807256235828,0.1657595932483673,0.999999996093183,10.000004560435904,0,0,0,,
assets/audio/units/kayn/kayn_slayer_attack_hit_1.wav,assets/audio/units/kayn/kayn_slayer_attack_hit_1.wav,已重导,9a537d320690c191c2a249fea0a28a84bf60b1b959d90a8a91201ce38eb40a83,49e315ee4e81cc4d71517a60a7df204a89443582ef14dc74babbc2a5d02e0eba,0.950952380952381,0.950952380952381,0.21636560559272766,0.9999999765997662,9.000003079085966,0,0,0,,
assets/audio/units/kayn/kayn_slayer_attack_hit_2.wav,assets/audio/units/kayn/kayn_slayer_attack_hit_2.wav,已重导,eee40fd1f65949ceed7d3b59f136fad6678783a643ebf83156f0aee9229550fe,9b9b1f37cfecd2c0604ed6055b680df5b558779bdd269bf93702e0241cf7a1b3,0.8181632653061225,0.8181632653061225,0.19651223719120026,0.9999999840181181,8.99998295849852,0,0,0,,
assets/audio/units/kayn/kayn_slayer_death_1.wav,assets/audio/units/kayn/kayn_slayer_death_1.wav,已重导,15403529cf15063888a811c62ec90b0d6cec4637dc37f145c9db1c8188f3dd3d,6560b70ae4e203dee36f4ae1e3e1ca77e68cb9dc1474d4f120f7845ded3c1b5f,1.5,1.5,0.08815060555934906,0.9999999683039494,15.999984358921587,0,0,0,atrim=duration=1.5;afade=t=out:st=1.0:d=0.5,
assets/audio/units/kayn/kayn_slayer_deploy_voice_1.wav,assets/audio/units/kayn/kayn_slayer_deploy_voice_1.wav,已重导,33587886795983a6806934cdbc9398f17fe7131831afd30d9d903e32d9935d0d,6244c1b45e6afe8e16f32fbcc754ac3b1edbd85c13ba366533acc4084fbe8d89,1.2924943310657597,1.2924943310657597,0.1573641151189804,0.999999996368989,11.000012316734615,0,0,0,,
assets/audio/units/kayn/kayn_slayer_deploy_voice_2.wav,assets/audio/units/kayn/kayn_slayer_deploy_voice_2.wav,已重导,4887e3160417ffdd2b2702c1db2a6a15014282a4d29755513eef546de5b01643,27c61a10fe0df52afad4d5c33ebafdcb36cbf8e4ebd392c8f57771e8cd50476a,1.91437641723356,1.91437641723356,0.2056780904531479,0.9999999976684105,7.9999994499770395,0,0,0,,
assets/audio/units/kayn/kayn_slayer_deploy_voice_3.wav,assets/audio/units/kayn/kayn_slayer_deploy_voice_3.wav,已重导,c2026cdb5055f30061801eec228d92efc4d7190e0f4ee80f11a50e8d8e20b4b1,200af795fc0e0330d37c5c8e0b787db950fc3f676000036304620a1469e11f15,2.301360544217687,2.301360544217687,0.14861465990543365,0.9999999942481743,10.999990352662554,0,0,0,,
assets/audio/units/kayn/kayn_slayer_q_cast_1.wav,assets/audio/units/kayn/kayn_slayer_q_cast_1.wav,已重导,c97603c264cd7fcef0c10ce034f268b57edf6d169bdc4a3079cc480c04e9193a,cbe23c678c3ba6cd8a5f4e7ff1a1f5c4e198f79fc72213c5f3edcb26eebc941e,1.6319274376417234,1.6319274376417234,0.14764422178268433,0.9999999874219505,11.999978568708851,0,0,0,,
assets/audio/units/kayn/kayn_slayer_q_hit_1.wav,assets/audio/units/kayn/kayn_slayer_q_hit_1.wav,已重导,9a537d320690c191c2a249fea0a28a84bf60b1b959d90a8a91201ce38eb40a83,ce2e3e008c778b248ec0947062c219a0d02052da10359237613a7177d0b142c8,0.950952380952381,0.950952380952381,0.3429163694381714,0.9999999887424538,5.000008540190091,0,0,0,,
assets/audio/units/kayn/kayn_slayer_q_spin_1.wav,assets/audio/units/kayn/kayn_slayer_q_spin_1.wav,已重导,ccceceb6cc870658b92466c027785e5436e1f887f21557293a36affe509580b4,0a2fe1fb78f578cc6a024f38aee56dea5b389a7a00133ea7ca68d3edce3d7a58,2.2146938775510203,2.2146938775510203,0.2209494709968567,0.9999999891486456,11.000013925739331,0,0,0,,
assets/audio/units/kayn/kayn_slayer_terrain_1.wav,assets/audio/units/kayn/kayn_slayer_terrain_1.wav,已重导,9912aba5f306fba3ffc9ee3c70e8ac2550506e3dd275546a598acc879d08fb8a,ef9bbd9590cbd944d16a88590238127a212d4afc8619c6d03ef298aa8ed7dece,2.8454421768707485,2.8454421768707485,0.20354945957660675,0.9999999902164151,6.000000578534292,0,0,0,,
assets/audio/units/kayn/kayn_slayer_terrain_exit.wav,assets/audio/units/kayn/kayn_slayer_terrain_exit.wav,已重导,2073e98459a6d2a76e6b7ede76208c588b59734a18ccb6157805bf797474531e,fadf59d9a7c5d82b0dad66c2606319fb335b3c998097acc66c96fa18782e15de,2.142675736961451,2.142675736961451,0.22476841509342194,0.9999999943345544,6.999999001627112,0,0,0,,
assets/audio/units/kayn/kayn_slayer_terrain_sustain.wav,assets/audio/units/kayn/kayn_slayer_terrain_sustain.wav,已重导,cbcfcf0e6a6063253c69a5f45ccaef07bdf77842a219e255aa9c97f83ba42544,6bbc1c0bf4eb8f8df97e58fd57328d34dd6581deab90c5ba568845b62fc4d4cb,5.5508843537414965,5.5508843537414965,0.20918703079223633,0.9999999964093702,5.9999993417143225,0,0,0,,
assets/audio/units/kayn/kayn_terrain_1.wav,assets/audio/units/kayn/kayn_terrain_1.wav,已重导,e67b1620e4275cf82be45651955b549d2340779f061faa3389ffe5754547a3f5,5d176e9e2ffad15e1358a3b06891848845fc1cdad10b6646f6fa22a189026804,1.9236054421768707,1.9236054421768707,0.25743377208709717,0.9999999969593494,6.000000350583608,0,0,0,,
assets/audio/units/kayn/kayn_terrain_exit.wav,assets/audio/units/kayn/kayn_terrain_exit.wav,已重导,8e04e4b2cccc221b6fc0961798fbad750fad61c481cf84404d4910427acfa414,2b2c1c0089ad553032ff151a4eb9729eb4fdce4f4ffbfff32ebe9f9121e3eeb3,3.463174603174603,3.463174603174603,0.23240427672863007,0.9999999947625449,7.000000977474087,0,0,0,,
assets/audio/units/kayn/kayn_terrain_sustain.wav,assets/audio/units/kayn/kayn_terrain_sustain.wav,已重导,7d7bc4cfb9dfe4216a38997804a3f1920108fe588890fa8dc671771e7912ab3f,262eb1b91305330f5a4b26966603f08b53a09d83bea7051b471775dca8a02c62,5.843310657596372,5.843310657596372,0.1481933444738388,0.9999999935045274,4.999999267686806,0,0,0,,
assets/audio/units/lulu/attack_hit_1.wav,assets/audio/units/lulu/attack_hit_1.wav,已重导,11b3abae30a968b53bb62c1fc64408aac3b17deb7a3897d361faf698ee648f5b,e620304b9180e786ffddeaa6424d4cddfc95fb38cc884ef7c1b7ac8261ffd237,0.7603628117913832,0.7603628117913832,0.12085042148828506,0.999999031712063,18.998450482773915,0,0,0,,
assets/audio/units/lulu/attack_hit_2.wav,assets/audio/units/lulu/attack_hit_2.wav,已重导,d275e93c4c4e332529c678d3bf505b6ecb8e8c0481d53750cca2ac134c679bc4,f4ca88eeb5fe300803356e6f9cef02603256c5a7860973547e2981ae0db8b73a,0.7151927437641723,0.7151927437641723,0.11735144257545471,0.9999995273333103,18.998171116366247,0,0,0,,
assets/audio/units/lulu/attack_hit_3.wav,assets/audio/units/lulu/attack_hit_3.wav,已重导,da049315fa95356a5399b8bf1f437964eca875b9e700a2eb738faa442b028f2f,ec10ca6a77c6b178b3a8c812b8532d3a862c8c33fc5948430e31a5cbad7474ab,0.8236734693877551,0.8236734693877551,0.12281399965286255,0.9999966698928089,18.996986612282576,0,0,0,,
assets/audio/units/lulu/attack_launch_1.wav,assets/audio/units/lulu/attack_launch_1.wav,已重导,01b473b9b98acb43a98c72318d7108fe1ef808a1601a5245e71d80f65be79d6a,972e1aa5596a2caba69113aa169e12b68deb06456b6f60ccfd2371fa494c0a5a,0.6673469387755102,0.6673469387755102,0.047163885086774826,0.9999995005701036,19.998511734984827,0,0,0,,
assets/audio/units/lulu/attack_launch_2.wav,assets/audio/units/lulu/attack_launch_2.wav,已重导,8953adc7b09996f48a92af215359bf2c740ef385cb091d88cd9f7ee87d7453ac,594be9d027d1cd3c536ff6c96c1ee3491107dc43b11ceb988907591774a2eec9,0.6873922902494332,0.6873922902494332,0.06000809744000435,0.9999998003096713,19.998769023667613,0,0,0,,
assets/audio/units/lulu/attack_launch_3.wav,assets/audio/units/lulu/attack_launch_3.wav,已重导,1f9cb517b6ff1ea8f3e3a64395d9eafe13e5a915afc33fe01283d21d7f23f042,67662850a6938f51d0d157599c1a7312c5e4f356159753479ecdae8afe98b6b4,0.6930612244897959,0.6930612244897959,0.04785852134227753,0.9999998305889217,19.99867976761831,0,0,0,,
assets/audio/units/lulu/death_1.wav,assets/audio/units/lulu/death_1.wav,已重导,7ae0effd4e315887ae14bc5fcf6a01b37cc6943effa1e846a9ec71492bc8bc45,d86e00d1b072fcd7805a6534a5b36c9f4d1c568e38008940b66c7543f7244da8,3.369229024943311,3.369229024943311,0.14708317816257477,0.9999998519258988,15.998929794949426,0,0,0,,
assets/audio/units/lulu/deploy_dewdrop.wav,assets/audio/units/lulu/deploy_dewdrop.wav,已重导,3d44edca893f5637453401fa03e6084f657b83a5818229e14bbad31ec599a87a,61db17213cbeac4f9a06a3e0858621e94c20437b381b4480db699b9ac0fb12ec,2.03875283446712,2.03875283446712,0.17486953735351562,0.9999999763839831,10.998771512434276,0,0,0,,
assets/audio/units/lulu/deploy_slide.wav,assets/audio/units/lulu/deploy_slide.wav,已重导,29621453a71dc15be0097d28f608b5feacb47358a2c69a4cf4a0d3c68446335d,79b032c121e5b92d5ff3d993b80d279e9e2983791d37fe8b6f533536a8277538,2.8411791383219955,2.8411791383219955,0.22097206115722656,0.999999991550664,10.999137667044517,0,0,0,,
assets/audio/units/lulu/deploy_voice.ogg,assets/audio/units/lulu/deploy_voice.ogg,已重导,ea2d0a4528c5f52914211aa760f265353c277c7328ffcddf4adf9d810b50932e,ea2d0a4528c5f52914211aa760f265353c277c7328ffcddf4adf9d810b50932e,2.215125,2.215125,0.6394149661064148,1.0,0.0,0,0,0,,
assets/audio/units/lulu/play_sfx_lulu_lulur_oncast_r1.wav,assets/audio/units/lulu/play_sfx_lulu_lulur_oncast_r1.wav,已重导,3225586c49a0a0122ccb754f97533f30b70e45ef8834669c3a32860edbf6b2bc,95b2200710831e51beab1c1a9ef91c60afc3707c6db369e64910fd35610b0569,0.7434013605442177,0.7434013605442177,0.261421799659729,0.9999996460019056,11.998562899831601,0,0,0,,
assets/audio/units/lulu/play_sfx_lulu_lulur_oncast_r2.wav,assets/audio/units/lulu/play_sfx_lulu_lulur_oncast_r2.wav,已重导,71ef27c2edd2fe11be1bffda37d4cee54adfacfbe2c2dc914e9d5d557e59948e,3f3f2451f78521b8a69d5c883bbb3a38ee47b75e2f7ffc644829abd651848389,0.6713605442176871,0.6713605442176871,0.2685919404029846,0.9999993645027683,11.998698717291623,0,0,0,,
assets/audio/units/lulu/play_sfx_lulu_lulur_oncast_r3.wav,assets/audio/units/lulu/play_sfx_lulu_lulur_oncast_r3.wav,已重导,cd93c38bdd39781cb7397c64a4ffc96f45ca6f0bcfde5d677987569295a4585a,19f44a7419e851f690a8fedd7aad2d76fb3602396c926a34caebbdcd258f9d9f,0.7816780045351474,0.7816780045351474,0.26927757263183594,0.9999994380218792,11.99847185274599,0,0,0,,
assets/audio/units/masteryi/play_sfx_masteryi_death3d_cast.wav,assets/audio/units/masteryi/play_sfx_masteryi_death3d_cast.wav,已重导,88b6e70b5dbfd4417887497edd7ff729bd49e0a2917fd4e1ec933d9e4902b743,602573ab6f578520f7efa0acb1e14111562947d2630be4a8a577bfe97556ff08,1.5,1.5,0.14591015875339508,0.9999998965588787,-0.003219622207979531,0,0,0,atrim=duration=1.5;afade=t=out:st=1.0:d=0.5,
assets/audio/units/masteryi/play_sfx_masteryi_highlander_onbuffactivate.wav,assets/audio/units/masteryi/play_sfx_masteryi_highlander_onbuffactivate.wav,已重导,129643366431454615a473c09ea1c17864d47f6cc1b61d1b96a8fd70955f422b,e84c9e8f017c7c14595f72b14dca9f66929512c16cb37c48f9aeab37e58b1525,3.011859410430839,3.011859410430839,0.2398880273103714,0.9999999448549313,-0.0022662432199830056,0,0,0,,
assets/audio/units/masteryi/play_sfx_masteryi_highlander_onbuffdeactivate.wav,assets/audio/units/masteryi/play_sfx_masteryi_highlander_onbuffdeactivate.wav,已重导,6811627cc20edc790e5383eb67d8b4ee67245cc2506218ec6929dcd8d22af3d2,d28e99ffa7ca03b759600c3c19cd28e11fd78a335db8a8adaa957e64fbb88e9c,1.8177097505668933,1.8177097505668933,0.13329073786735535,0.9999999139181515,-0.0030049735908236064,0,0,0,,
assets/audio/units/masteryi/play_sfx_masteryi_highlander_trail.wav,assets/audio/units/masteryi/play_sfx_masteryi_highlander_trail.wav,已重导,3a0eb640dd1ceab6d3d68338182f973c335c1209945c0e671fae5d172d9c7e5c,4d3d43772d813fea1b872d90c3a312a10e1e8f176fa746900597223589d5fe76,7.637346938775511,7.637346938775511,0.14434067904949188,0.9999999357015367,-0.003964952917393084,0,0,0,,
assets/audio/units/masteryi/play_sfx_masteryi_masteryibasicattack2_oncast_r1.wav,assets/audio/units/masteryi/play_sfx_masteryi_masteryibasicattack2_oncast_r1.wav,已重导,cefba375f21626a95aea38cb1c140b29dacbdbab6ec35fecd7d3951b9bcb9eed,fe576aa242338007905039fc40bd8778e400d7554e8fea14debcfc623cbdc04a,0.4494784580498866,0.4494784580498866,0.18611174821853638,0.999999941847252,-0.002786533289351312,0,0,0,,
assets/audio/units/masteryi/play_sfx_masteryi_masteryibasicattack2_oncast_r2.wav,assets/audio/units/masteryi/play_sfx_masteryi_masteryibasicattack2_oncast_r2.wav,已重导,9ddfa83f31eb95ac89df3a276eb41811bc70d381d833b07cecaa11bd80c0307c,b57690e41f3fea0e958823aba028e47dacb96e1c620ae6150d01972d9bf01ee8,0.5592743764172335,0.5592743764172335,0.18639631569385529,0.9999999328714029,-0.0025269325808738585,0,0,0,,
assets/audio/units/masteryi/play_sfx_masteryi_masteryibasicattack2_oncast_r3.wav,assets/audio/units/masteryi/play_sfx_masteryi_masteryibasicattack2_oncast_r3.wav,已重导,dc17859d8ada20d0e16cb28e83cbbd421fe0cafb77679b2265e0ade0ec99b37f,332af9adcee97162658dde0554de897d55258145cb6a30c8931094579b5289c7,0.4580045351473923,0.4580045351473923,0.15890972316265106,0.9999999529668131,-0.0026640030118683837,0,0,0,,
assets/audio/units/masteryi/play_sfx_masteryi_masteryibasicattack2_oncast_r4.wav,assets/audio/units/masteryi/play_sfx_masteryi_masteryibasicattack2_oncast_r4.wav,已重导,11bd193fc06d6a4c187d848a8d724f773596de026f739e90c07002c0285a816d,62a3fd2ba09dede1f3e43c1f967e0264125aed44c46a907ee08b84ba3f306fe4,0.5308163265306123,0.5308163265306123,0.1700625717639923,0.9999999450366804,-0.0023882928914234257,0,0,0,,
assets/audio/units/masteryi/play_sfx_masteryi_masteryibasicattack_oncast_r1.wav,assets/audio/units/masteryi/play_sfx_masteryi_masteryibasicattack_oncast_r1.wav,已重导,07d75c85240b9218809e78afe0792d9f9b2112d79077631b8074be47a4896461,e107f4dce06fe5e2d5a9533fb99b225001a2f25ef746a1a6755fa314f0c0eea1,0.31795918367346937,0.31795918367346937,0.19500571489334106,0.9999999580248262,-0.0024006048724060022,0,0,0,,
assets/audio/units/masteryi/play_sfx_masteryi_masteryibasicattack_oncast_r2.wav,assets/audio/units/masteryi/play_sfx_masteryi_masteryibasicattack_oncast_r2.wav,已重导,a42c045a6ffc395c80977317cf33b6fc9923983f721db33e354b303b53f41896,79a96abbcd7975f500e81dd67d28b565b46511f24536a1461048c05225a60f1c,0.32326530612244897,0.32326530612244897,0.1885642260313034,0.9999999547667312,-0.0023545656396274017,0,0,0,,
assets/audio/units/masteryi/play_sfx_masteryi_masteryibasicattack_oncast_r3.wav,assets/audio/units/masteryi/play_sfx_masteryi_masteryibasicattack_oncast_r3.wav,已重导,5aafaf151b3c7664d6aac9528bbd34a3a83bb399c5127e5eea7393aeebc24027,80be34ef8cb8c5c3c0fab350eeec3c51596a8ae403fb2a7495a9410f9e47316a,0.3414285714285714,0.3414285714285714,0.1841898262500763,0.9999999348395969,-0.002595028401287689,0,0,0,,
assets/audio/units/masteryi/play_sfx_masteryi_masteryibasicattack_oncast_r4.wav,assets/audio/units/masteryi/play_sfx_masteryi_masteryibasicattack_oncast_r4.wav,已重导,0f81af01c40104826b7a960d2849783d8abd80eb41ea2809e9df8c0f4e540944,363d15aafe7d4a9f6148c71334b79675e71b808d5f2c0c2740fda8d6cb1bb1fc,0.3941043083900227,0.3941043083900227,0.1920800507068634,0.9999999427569445,-0.0025849548659126757,0,0,0,,
assets/audio/units/masteryi/play_sfx_masteryi_masteryibasicattack_oncast_r5.wav,assets/audio/units/masteryi/play_sfx_masteryi_masteryibasicattack_oncast_r5.wav,已重导,8e50dc1c16f854426497ce499002f124e2360fd80edebd24ff79c66b46af9bd7,0ea29d4427da1e60ec05b7c929019b0975b9f7345f7bbb38d39aa1c1659fe027,0.43238095238095237,0.43238095238095237,0.21648164093494415,0.9999999441073165,-0.002418873029881337,0,0,0,,
assets/audio/units/masteryi/play_sfx_masteryi_masteryibasicattack_onhit_1559186049_1153642577_r1_d.wav,assets/audio/units/masteryi/play_sfx_masteryi_masteryibasicattack_onhit_1559186049_1153642577_r1_d.wav,已重导,b7fb828c91ab593e8161b00a39338347b257c45a85a55e9f2c7762f3fd006fc3,f7a7ddb1d1e581d76bb2b63229b83ab4653691bed34db83be566e15454872cb7,0.5687074829931973,0.5687074829931973,0.20083892345428467,0.9999998864616573,-0.0028717792517865106,0,0,0,,
assets/audio/units/masteryi/play_sfx_masteryi_masteryibasicattack_onhit_1559186049_1153642577_r2_d.wav,assets/audio/units/masteryi/play_sfx_masteryi_masteryibasicattack_onhit_1559186049_1153642577_r2_d.wav,已重导,48edd760fd879c345efdce269837eddfc0afe9701fb8553f546be8985bab38ac,4504b1bc4de4e706f5ab769cc96b3e914f0d5ab0263a5c6b58e0d4371f9ff7f1,0.6447619047619048,0.6447619047619048,0.18811346590518951,0.9999998388556804,-0.002896627055125129,0,0,0,,
assets/audio/units/masteryi/play_sfx_masteryi_masteryibasicattack_onhit_1559186049_1153642577_r3_d.wav,assets/audio/units/masteryi/play_sfx_masteryi_masteryibasicattack_onhit_1559186049_1153642577_r3_d.wav,已重导,636d880a5b2ad8fddcf4d35bbd80a1a505fd3b13e3175545db0027fe126041ba,56e7825106dc9a598d01154a64b2b247f13d7b2b2aa09227c6cea61d2bf69072,0.7920861678004535,0.7920861678004535,0.19983412325382233,0.9999998731409894,-0.002727134621537087,0,0,0,,
assets/audio/units/masteryi/play_sfx_masteryi_masteryibasicattack_onhit_1559186049_1153642577_r4_d.wav,assets/audio/units/masteryi/play_sfx_masteryi_masteryibasicattack_onhit_1559186049_1153642577_r4_d.wav,已重导,a6d19a5e87f751b1326f613feacf1da20eba91fbe7768b545fdbda94fa81cf20,06e8139b02dd1de6b2ac8ced4843ef236ea2a8b9caf4a28d3e1a2ae649dd06d4,0.8359637188208616,0.8359637188208616,0.2052297443151474,0.9999998206978755,-0.0034039755570967186,0,0,0,,
assets/audio/units/masteryi/play_sfx_masteryi_masteryibasicattack_onhit_1559186049_1216965916_r1_d.wav,assets/audio/units/masteryi/play_sfx_masteryi_masteryibasicattack_onhit_1559186049_1216965916_r1_d.wav,已重导,14429be50a0b66d0f00e6d2ea59b14fd422bddf47c41445c4c32d4e97b37eca0,e5a5c35f1cced958a21f79b25beca7180f5624af8af0feb0c03116fa42e8c764,0.44580498866213153,0.44580498866213153,0.22855034470558167,0.9999998949686858,-0.0028149179296040696,0,0,0,,
assets/audio/units/masteryi/play_sfx_masteryi_masteryibasicattack_onhit_1559186049_1216965916_r2_d.wav,assets/audio/units/masteryi/play_sfx_masteryi_masteryibasicattack_onhit_1559186049_1216965916_r2_d.wav,已重导,0c4994268e8a4033bebd4b0a2047dcea0d1c1c1936036591fc9d8d595f8ab4a2,413e75718ea20e03f7cac24128cdc28f46f26aaf7b04bc028ca5ca205a031ffd,0.5457142857142857,0.5457142857142857,0.22307069599628448,0.9999999057869452,-0.0027580074394697738,0,0,0,,
assets/audio/units/masteryi/play_sfx_masteryi_masteryibasicattack_onhit_1559186049_1216965916_r3_d.wav,assets/audio/units/masteryi/play_sfx_masteryi_masteryibasicattack_onhit_1559186049_1216965916_r3_d.wav,已重导,4f4b8d01a9366679d3b6fe8a4465239571e8813f07d112a32ce69e389a386b44,71317ff14ed5ee273de4777519e5d2356ccc91442d2f060e064cdfa80cdd6527,0.4197959183673469,0.4197959183673469,0.21635158360004425,0.9999998837265486,-0.0030151904182349693,0,0,0,,
assets/audio/units/masteryi/play_sfx_masteryi_masteryibasicattack_onhit_1559186049_1216965916_r4_d.wav,assets/audio/units/masteryi/play_sfx_masteryi_masteryibasicattack_onhit_1559186049_1216965916_r4_d.wav,已重导,99067bf0df030719be98d10155cbebaa7b758fc9268f6181d011dd091604b4c3,20eb4a9666f4b14d1a36dd04507e42d0728e7f7cc94a7460ee9962e5a1ea7169,0.4011791383219955,0.4011791383219955,0.2006452977657318,0.9999999130149285,-0.002953300330890125,0,0,0,,
assets/audio/units/masteryi/play_sfx_masteryi_masteryibasicattack_onhit_1559186049_2058049674_r1_d.wav,assets/audio/units/masteryi/play_sfx_masteryi_masteryibasicattack_onhit_1559186049_2058049674_r1_d.wav,已重导,0035f604a92ac5f7fd64f79a988798f75628d2e2a677ab6d3ec95bc11a862958,308350988e8b4b9d6aa0e23b8c6c1740e6db484f8f2e372db8815207536ceeb0,0.387437641723356,0.387437641723356,0.22490589320659637,0.9999999304562339,-0.0025937899460926456,0,0,0,,
assets/audio/units/masteryi/play_sfx_masteryi_masteryibasicattack_onhit_1559186049_2058049674_r2_d.wav,assets/audio/units/masteryi/play_sfx_masteryi_masteryibasicattack_onhit_1559186049_2058049674_r2_d.wav,已重导,d5e3fccb2887743cb2babbf06706735fb71e64f352acbf7e82fe597507b65a01,b9a904bd960402f616b5f5b66f4c7e5fc355f318bd8001455cd1634e54f95302,0.3329705215419501,0.3329705215419501,0.23427779972553253,0.999999919807335,-0.0027692633160666725,0,0,0,,
assets/audio/units/masteryi/play_sfx_masteryi_masteryibasicattack_onhit_1559186049_2058049674_r3_d.wav,assets/audio/units/masteryi/play_sfx_masteryi_masteryibasicattack_onhit_1559186049_2058049674_r3_d.wav,已重导,3d9e584f382357576b1f0ce4e299f4c830950bef3d5a60eff3e2a8baf70ab39b,d995b178033a5ea32a95b887ddd266e645288acb1cb27b6dfad98c8f0127dd6d,0.3960090702947846,0.3960090702947846,0.19903628528118134,0.9999999167155647,-0.00264600994291232,0,0,0,,
assets/audio/units/masteryi/play_sfx_masteryi_masteryibasicattack_onhit_1559186049_2058049674_r4_d.wav,assets/audio/units/masteryi/play_sfx_masteryi_masteryibasicattack_onhit_1559186049_2058049674_r4_d.wav,已重导,e1b6a40117f5b7f43866dc7e1ed4592054f81fb5c9bcac8576b9b2c8e74cc71b,c79829551b72558bb2ef30124311417ed3c9030150341bae615641e1ac6b04d6,0.36594104308390024,0.36594104308390024,0.1856209933757782,0.9999999139192781,-0.002942522003988879,0,0,0,,
assets/audio/units/masteryi/play_sfx_masteryi_masteryibasicattack_onhit_1559186049_2473969246_r1_d.wav,assets/audio/units/masteryi/play_sfx_masteryi_masteryibasicattack_onhit_1559186049_2473969246_r1_d.wav,已重导,38fb593c35244719aa37947a6c02172b9ee8ef767139f2801b33b4b939beb992,c6f2697c1ddb9537104c7a30aab9263e24bba8e5b98f338f3841069545026615,0.35918367346938773,0.35918367346938773,0.21599911153316498,0.9999999064172439,-0.0025112367261055576,0,0,0,,
assets/audio/units/masteryi/play_sfx_masteryi_masteryibasicattack_onhit_1559186049_2473969246_r2_d.wav,assets/audio/units/masteryi/play_sfx_masteryi_masteryibasicattack_onhit_1559186049_2473969246_r2_d.wav,已重导,b94edaf8f0ad1d9afea6763a0d0532d66bd8a23e67fdd20ed983354eec2f4a2a,c4c32c186936818d4cd17d797bead79c1ad7bcf8d080fe993121e97026028e11,0.35315192743764173,0.35315192743764173,0.20832683145999908,0.9999999223473621,-0.0026506325208737937,0,0,0,,
assets/audio/units/masteryi/play_sfx_masteryi_masteryibasicattack_onhit_1559186049_2473969246_r3_d.wav,assets/audio/units/masteryi/play_sfx_masteryi_masteryibasicattack_onhit_1559186049_2473969246_r3_d.wav,已重导,96549bcc6b5c36f04d7b614b2a95b8d47e0b71a304d9c14c0d7552bd4642b753,beb0356a6a885a640b3cafa48d96ed9fd4b930415fb1b762ac721232b354cdb9,0.33122448979591834,0.33122448979591834,0.22890682518482208,0.9999999457773199,-0.0021692776328754823,0,0,0,,
assets/audio/units/masteryi/play_sfx_masteryi_masteryibasicattack_onhit_1559186049_2473969246_r4_d.wav,assets/audio/units/masteryi/play_sfx_masteryi_masteryibasicattack_onhit_1559186049_2473969246_r4_d.wav,已重导,701f0c73454990b63bebc30cc5e41a26366562de261e1c6b054f3d6201e9d3b3,6e88f5e0338b6b95e9a808d3ccef25e98ff9b6ebcf31310283556a244f9bb7f3,0.34340136054421766,0.34340136054421766,0.18377599120140076,0.9999999158373386,-0.003050376276254956,0,0,0,,
assets/audio/units/masteryi/play_sfx_masteryi_masteryidoublestrike_oncast_r1.wav,assets/audio/units/masteryi/play_sfx_masteryi_masteryidoublestrike_oncast_r1.wav,已重导,5df61ea194b9ed2a1a161c2a92a75751631b9d5ca0eee4cd12d76deba3d965be,1f7ccc15d333e512f258c4018c26887f35bfcbe1e4b71597431262b7a084f1a6,0.6679818594104309,0.6679818594104309,0.16373826563358307,0.9999999314504093,-0.0027844778417321064,0,0,0,,
assets/audio/units/masteryi/play_sfx_masteryi_masteryidoublestrike_oncast_r2.wav,assets/audio/units/masteryi/play_sfx_masteryi_masteryidoublestrike_oncast_r2.wav,已重导,5e3a4384efbc96ad5c20261ae8e711c93317cd1e2f02df1a28c0618181b28cb1,c086e4989c8c59555167e38972b6123ab498c0b9a807f0687edc06627e5b9767,0.6373922902494331,0.6373922902494331,0.1729220151901245,0.9999999451892436,-0.0025585660429432834,0,0,0,,
assets/audio/units/masteryi/play_sfx_masteryi_masteryidoublestrike_oncast_r3.wav,assets/audio/units/masteryi/play_sfx_masteryi_masteryidoublestrike_oncast_r3.wav,已重导,40b3244ae09ac8dafc32b183870a0ff34b74385c94dbebe657eba9a44bb21bc7,a35736f7cb064782d038d517a023631cd87f95a02c8785dc7a0a5f60e9f1d004,0.5448979591836735,0.5448979591836735,0.1778050810098648,0.9999999574045783,-0.0024178449803958306,0,0,0,,
assets/audio/units/masteryi/play_sfx_masteryi_masteryidoublestrike_onhit_1559186049_1153642577_r.wav,assets/audio/units/masteryi/play_sfx_masteryi_masteryidoublestrike_onhit_1559186049_1153642577_r.wav,已重导,97732c8ed302ed5c7194a149ce6d800f10a9b88115fed61b32ec616676a9de09,fc87113b5a2960ca44a40658e0858f75f585a03651d1815428889361a1077f6e,0.7687074829931972,0.7687074829931972,0.23720106482505798,0.9999999328266149,-0.0026265386742041533,0,0,0,,
assets/audio/units/masteryi/play_vo_masteryi_attack2dgeneral_r2_en_us.wav,assets/audio/units/masteryi/play_vo_masteryi_attack2dgeneral_r2_en_us.wav,已重导,b99fcca85d2c6713e8d05009be75e9f40a1351dead8654638add3336f00dd4b5,decc618fcabff8f9d968557f59726a3ddc9675ed8f99a3c288bb9eb4df0dcadc,1.8312698412698414,1.8312698412698414,0.21662674844264984,0.9999999754422002,12.999040698454397,0,0,0,,
assets/audio/units/melee_minion/chaos/play_sfx_sru_chaosminionmelee_sru_chaosminionmeleebasicattack2_oncast_r1.wav,assets/audio/units/melee_minion/chaos/play_sfx_sru_chaosminionmelee_sru_chaosminionmeleebasicattack2_oncast_r1.wav,已重导,8075d3d90c1e936dea06f367b5400a44f13553b9b8f6b26c0c363ef31c301c6c,bca357a1270809ad3e238bcfc253ce4b4c7963794a0a233af5858e9ce4dd5b1f,0.881859410430839,0.881859410430839,0.0016487969551235437,0.9990922923793442,-0.2400025554343069,0,0,0,,
assets/audio/units/melee_minion/chaos/play_sfx_sru_chaosminionmelee_sru_chaosminionmeleebasicattack2_oncast_r2.wav,assets/audio/units/melee_minion/chaos/play_sfx_sru_chaosminionmelee_sru_chaosminionmeleebasicattack2_oncast_r2.wav,已重导,6d36b9d539ea3c62cc74aaf88ba0da5f9830e1cf27e810213c87ba25c1d6d229,a9eece208d978b5d1cd250827579f586c701e87d6c4c0c1d6f7d4666813768c0,0.6890022675736961,0.6890022675736961,0.0016374359838664532,0.9989874056924167,-0.24063993364571412,0,0,0,,
assets/audio/units/melee_minion/chaos/play_sfx_sru_chaosminionmelee_sru_chaosminionmeleebasicattack2_oncast_r3.wav,assets/audio/units/melee_minion/chaos/play_sfx_sru_chaosminionmelee_sru_chaosminionmeleebasicattack2_oncast_r3.wav,已重导,bf44604de2b1e48d28731208d26d5d3cac7d9650d1b9465d3fdf38c2463ee511,bf3bd54737ca06d2c82aa7466fc01d4a3efc49cf8667f9fc34b2c89274185126,0.7082766439909297,0.7082766439909297,0.0016678342362865806,0.9991654890549151,-0.21215117327434194,0,0,0,,
assets/audio/units/melee_minion/chaos/play_sfx_sru_chaosminionmelee_sru_chaosminionmeleebasicattack2_onhit_r1.wav,assets/audio/units/melee_minion/chaos/play_sfx_sru_chaosminionmelee_sru_chaosminionmeleebasicattack2_onhit_r1.wav,已重导,a0858006fbf40258399e262f30bf1525b3ae0b7cd7a2b4b771c0cc4243b1363b,cfe0dcb6d624d6fcc063a51b071da81067f4aae46e53f51982dc242734c97fda,0.47374149659863946,0.47374149659863946,0.0022707288153469563,0.9995644477177101,-0.19541282327840198,0,0,0,,
assets/audio/units/melee_minion/chaos/play_sfx_sru_chaosminionmelee_sru_chaosminionmeleebasicattack2_onhit_r2.wav,assets/audio/units/melee_minion/chaos/play_sfx_sru_chaosminionmelee_sru_chaosminionmeleebasicattack2_onhit_r2.wav,已重导,fb9db450fa2b146d6adc5d6fff64eef3a89297ff004aa0c5a64ce535c79fb24e,dace9910c223a8fd96e23813c52c535c5cece9473fad0582ddd3ed37ab740b65,0.40210884353741494,0.40210884353741494,0.0020989205222576857,0.9996547638903175,-0.176930983702448,0,0,0,,
assets/audio/units/melee_minion/chaos/play_sfx_sru_chaosminionmelee_sru_chaosminionmeleebasicattack2_onhit_r3.wav,assets/audio/units/melee_minion/chaos/play_sfx_sru_chaosminionmelee_sru_chaosminionmeleebasicattack2_onhit_r3.wav,已重导,d594677c9d12f4fa341ff201510dbce569f2dbf3f7d3ac9aaae1cc8c40202abe,6c7441067533da3084405ff53fad670cebf8d26700ef6405c2102489b87dd1eb,0.424875283446712,0.424875283446712,0.002271547680720687,0.9996027076366457,-0.1904278653007238,0,0,0,,
assets/audio/units/melee_minion/chaos/play_sfx_sru_chaosminionmelee_sru_chaosminionmeleebasicattack_oncast_r1.wav,assets/audio/units/melee_minion/chaos/play_sfx_sru_chaosminionmelee_sru_chaosminionmeleebasicattack_oncast_r1.wav,已重导,58b3674e040cdd6a81902a2869d92996f10000dbfffc2e19a2df9da33d32cf03,976e15b3662255432f2cee4a452bc04aba2691e491f892f736929981d67c2443,0.8480045351473923,0.8480045351473923,0.0016727008624002337,0.9991712998074963,-0.26724267146382863,0,0,0,,
assets/audio/units/melee_minion/chaos/play_sfx_sru_chaosminionmelee_sru_chaosminionmeleebasicattack_oncast_r2.wav,assets/audio/units/melee_minion/chaos/play_sfx_sru_chaosminionmelee_sru_chaosminionmeleebasicattack_oncast_r2.wav,已重导,73a088032cb3c9f5eed977ed023ceeb6bf03b708192ea3cda2c718365b91cac1,635da13c08ce27931eb2adf97ed2dae4bdeeaaca221ad4ca4957f860b5a8c7d0,0.6317460317460317,0.6317460317460317,0.0016073518199846148,0.9991494697907435,-0.24424481106288387,0,0,0,,
assets/audio/units/melee_minion/chaos/play_sfx_sru_chaosminionmelee_sru_chaosminionmeleebasicattack_oncast_r3.wav,assets/audio/units/melee_minion/chaos/play_sfx_sru_chaosminionmelee_sru_chaosminionmeleebasicattack_oncast_r3.wav,已重导,c6ba1cda99138fa37a42e972364a47c953df0f93e917ef719c855106e130a095,d9495210450ffeef1ba835061e251e51b763fd335a2777b08096bd7d573f2f54,0.7618140589569161,0.7618140589569161,0.0015665787504985929,0.9989021338397311,-0.27019651880282336,0,0,0,,
assets/audio/units/melee_minion/chaos/play_sfx_sru_chaosminionmelee_sru_chaosminionmeleebasicattack_onhit_r1.wav,assets/audio/units/melee_minion/chaos/play_sfx_sru_chaosminionmelee_sru_chaosminionmeleebasicattack_onhit_r1.wav,已重导,a0858006fbf40258399e262f30bf1525b3ae0b7cd7a2b4b771c0cc4243b1363b,cfe0dcb6d624d6fcc063a51b071da81067f4aae46e53f51982dc242734c97fda,0.47374149659863946,0.47374149659863946,0.0022707288153469563,0.9995644477177101,-0.19541282327840198,0,0,0,,
assets/audio/units/melee_minion/chaos/play_sfx_sru_chaosminionmelee_sru_chaosminionmeleebasicattack_onhit_r2.wav,assets/audio/units/melee_minion/chaos/play_sfx_sru_chaosminionmelee_sru_chaosminionmeleebasicattack_onhit_r2.wav,已重导,fb9db450fa2b146d6adc5d6fff64eef3a89297ff004aa0c5a64ce535c79fb24e,dace9910c223a8fd96e23813c52c535c5cece9473fad0582ddd3ed37ab740b65,0.40210884353741494,0.40210884353741494,0.0020989205222576857,0.9996547638903175,-0.176930983702448,0,0,0,,
assets/audio/units/melee_minion/chaos/play_sfx_sru_chaosminionmelee_sru_chaosminionmeleebasicattack_onhit_r3.wav,assets/audio/units/melee_minion/chaos/play_sfx_sru_chaosminionmelee_sru_chaosminionmeleebasicattack_onhit_r3.wav,已重导,d594677c9d12f4fa341ff201510dbce569f2dbf3f7d3ac9aaae1cc8c40202abe,6c7441067533da3084405ff53fad670cebf8d26700ef6405c2102489b87dd1eb,0.424875283446712,0.424875283446712,0.002271547680720687,0.9996027076366457,-0.1904278653007238,0,0,0,,
assets/audio/units/melee_minion/order/play_sfx_sru_orderminionmelee_sru_orderminionmeleebasicattack2_oncast_r1.wav,assets/audio/units/melee_minion/order/play_sfx_sru_orderminionmelee_sru_orderminionmeleebasicattack2_oncast_r1.wav,已重导,ad8cf96b9b52cb0b444413c71324799e6882bb30e0aca43f8d5870ad685d6981,0bccdef77c3d57af6fe1ed386ba544b79d42a9aaae86337c6316dc1adcb22ce3,0.5591156462585034,0.5591156462585034,0.0012474815594032407,0.9992328848473011,-0.28891957496013054,0,0,0,,
assets/audio/units/melee_minion/order/play_sfx_sru_orderminionmelee_sru_orderminionmeleebasicattack2_oncast_r2.wav,assets/audio/units/melee_minion/order/play_sfx_sru_orderminionmelee_sru_orderminionmeleebasicattack2_oncast_r2.wav,已重导,10d702b4259d07675ad3195ece776f516b96ae2a765813c2a275b30f258ea132,bb5bb13ec1935ed0b5fa33beee987cbed257fb78b464bb852347072d5c3d6ad2,0.5242630385487528,0.5242630385487528,0.001185174798592925,0.9992524160435334,-0.2726069715366736,0,0,0,,
assets/audio/units/melee_minion/order/play_sfx_sru_orderminionmelee_sru_orderminionmeleebasicattack2_oncast_r3.wav,assets/audio/units/melee_minion/order/play_sfx_sru_orderminionmelee_sru_orderminionmeleebasicattack2_oncast_r3.wav,已重导,dc22f7581381d6cb497461e8c901a18bb16ebd80a562d61de764aa41810043cf,42459ca7dbe7993d304bb16e0d9d4aa96677a457ebdb7eb249fb00546dfb7732,0.5282086167800454,0.5282086167800454,0.0012200530618429184,0.998967772635708,-0.2842915596305266,0,0,0,,
assets/audio/units/melee_minion/order/play_sfx_sru_orderminionmelee_sru_orderminionmeleebasicattack2_onhit_r1.wav,assets/audio/units/melee_minion/order/play_sfx_sru_orderminionmelee_sru_orderminionmeleebasicattack2_onhit_r1.wav,已重导,54d7da1b42feb3c05dd9065a859fcf7cef7cc05f251a017238016e4428fb9f3e,5690c7d70055e3431e1b2afdb72d3b044fc3340f5e4ad310d56f6ee23eba818f,0.8302947845804989,0.8302947845804989,0.0016083003720268607,0.9993610310638473,-0.23722510165461358,0,0,0,,
assets/audio/units/melee_minion/order/play_sfx_sru_orderminionmelee_sru_orderminionmeleebasicattack2_onhit_r2.wav,assets/audio/units/melee_minion/order/play_sfx_sru_orderminionmelee_sru_orderminionmeleebasicattack2_onhit_r2.wav,已重导,1cd387b4dab8ec777b6f1b90ce3a1ad11975e05fca392c1cbe17cf2ac37f5381,25e7821516e566360ae7c786cf47b16e8c2600fc031aa0990a95403cf36f8d52,0.7792290249433107,0.7792290249433107,0.0015389139298349619,0.9993250266805667,-0.24231442391045255,0,0,0,,
assets/audio/units/melee_minion/order/play_sfx_sru_orderminionmelee_sru_orderminionmeleebasicattack2_onhit_r3.wav,assets/audio/units/melee_minion/order/play_sfx_sru_orderminionmelee_sru_orderminionmeleebasicattack2_onhit_r3.wav,已重导,048906aa9beeec2fdc88c31222ecc5d44c3e7df89597a661a88e990983b99fa1,0b4b36f75df37065334953bcaa79496c2e8f09aae606077a32bae4924be37e18,0.616031746031746,0.616031746031746,0.001587636535987258,0.999421948678083,-0.2316051401512389,0,0,0,,
assets/audio/units/melee_minion/order/play_sfx_sru_orderminionmelee_sru_orderminionmeleebasicattack_oncast_r1.wav,assets/audio/units/melee_minion/order/play_sfx_sru_orderminionmelee_sru_orderminionmeleebasicattack_oncast_r1.wav,已重导,7a6c09f37cff07cb77dd97b70188a7b4cc625b95dacf43c3b1a99e99afa4c423,52299157c0358295a5e57ef7c92e8b6df774f2c61e5a869ecd460cf10f5c3998,0.61,0.61,0.0012081762542948127,0.999019557481585,-0.28432281745714527,0,0,0,,
assets/audio/units/melee_minion/order/play_sfx_sru_orderminionmelee_sru_orderminionmeleebasicattack_oncast_r2.wav,assets/audio/units/melee_minion/order/play_sfx_sru_orderminionmelee_sru_orderminionmeleebasicattack_oncast_r2.wav,已重导,abfbce314c34ec9f696ce298c33e1276b9b03cbfac49569738daaed71fa92e21,7475110b7b808db206a3b6fffd35e16ffbad94d92073eb126fd9f7e63318260c,0.6037414965986394,0.6037414965986394,0.0011912868358194828,0.9987101452444462,-0.3458916982455129,0,0,0,,
assets/audio/units/melee_minion/order/play_sfx_sru_orderminionmelee_sru_orderminionmeleebasicattack_oncast_r3.wav,assets/audio/units/melee_minion/order/play_sfx_sru_orderminionmelee_sru_orderminionmeleebasicattack_oncast_r3.wav,已重导,fae7c9471aa1d382e7c366a919b65b30f4a8fec008839d2f1a4a0fcc0fcd447f,1f6d099f78ff62c27cd75c40e82e8a42b140cc3a2e93512906fae8dcec0e03a8,0.5849433106575964,0.5849433106575964,0.0012309462763369083,0.9990508010981191,-0.2844180437321102,0,0,0,,
assets/audio/units/melee_minion/order/play_sfx_sru_orderminionmelee_sru_orderminionmeleebasicattack_onhit_r1.wav,assets/audio/units/melee_minion/order/play_sfx_sru_orderminionmelee_sru_orderminionmeleebasicattack_onhit_r1.wav,已重导,54d7da1b42feb3c05dd9065a859fcf7cef7cc05f251a017238016e4428fb9f3e,5690c7d70055e3431e1b2afdb72d3b044fc3340f5e4ad310d56f6ee23eba818f,0.8302947845804989,0.8302947845804989,0.0016083003720268607,0.9993610310638473,-0.23722510165461358,0,0,0,,
assets/audio/units/melee_minion/order/play_sfx_sru_orderminionmelee_sru_orderminionmeleebasicattack_onhit_r2.wav,assets/audio/units/melee_minion/order/play_sfx_sru_orderminionmelee_sru_orderminionmeleebasicattack_onhit_r2.wav,已重导,1cd387b4dab8ec777b6f1b90ce3a1ad11975e05fca392c1cbe17cf2ac37f5381,25e7821516e566360ae7c786cf47b16e8c2600fc031aa0990a95403cf36f8d52,0.7792290249433107,0.7792290249433107,0.0015389139298349619,0.9993250266805667,-0.24231442391045255,0,0,0,,
assets/audio/units/melee_minion/order/play_sfx_sru_orderminionmelee_sru_orderminionmeleebasicattack_onhit_r3.wav,assets/audio/units/melee_minion/order/play_sfx_sru_orderminionmelee_sru_orderminionmeleebasicattack_onhit_r3.wav,已重导,048906aa9beeec2fdc88c31222ecc5d44c3e7df89597a661a88e990983b99fa1,0b4b36f75df37065334953bcaa79496c2e8f09aae606077a32bae4924be37e18,0.616031746031746,0.616031746031746,0.001587636535987258,0.999421948678083,-0.2316051401512389,0,0,0,,
assets/audio/units/minion_shared/spawn_r1.wav,assets/audio/units/minion_shared/spawn_r1.wav,已重导,785389fe6af79722f2b1d09271b43e6cc9adb4c45750027ba11edd4d6a16f475,f6546c82b551376274c699d77a80ebcd785d2fd87c44b789ea2ea4b49b6e76c0,1.763514739229025,1.763514739229025,0.06503447145223618,0.9999987589006205,-0.006440103153604236,0,0,0,,
assets/audio/units/minion_shared/spawn_r2.wav,assets/audio/units/minion_shared/spawn_r2.wav,已重导,a3e74c7ed24f0e0d75e3338ce5ad905283bf722a3667585f1b6f45d1f5710e85,af6f6d105a03811d61a22f4f7e844672f409ac49be3fcc5a45b487a319750f7d,1.6336507936507936,1.6336507936507936,0.05541496351361275,0.99999868189368,-0.008007574786050731,0,0,0,,
assets/audio/units/minion_shared/spawn_r3.wav,assets/audio/units/minion_shared/spawn_r3.wav,已重导,f9f8ffe832342cd5b9f2917cbb0b2322c57279845fdb468ff8113dde957ab5d4,235a781e4c4ced48b1f3d6c879f4343636d2bc83aa80eec8e6e894487a2073a5,1.9058049886621315,1.9058049886621315,0.05173775926232338,0.9999987305052569,-0.008062642437406488,0,0,0,,
assets/audio/units/missfortune/play_sfx_missfortune_missfortunebasicattack2_oncast_r1.wav,assets/audio/units/missfortune/play_sfx_missfortune_missfortunebasicattack2_oncast_r1.wav,已重导,ae321590fdfd0d7b650ff16270336928931c06ebebbb228efb61c9491ed852a0,cdd399a8783861b7320a41ca67f2993f304144f3885a4f252f6c589b5d311a87,1.1053968253968254,1.1053968253968254,0.1581285148859024,0.9999987636409775,-0.0048650530644178515,0,0,0,,
assets/audio/units/missfortune/play_sfx_missfortune_missfortunebasicattack2_oncast_r2.wav,assets/audio/units/missfortune/play_sfx_missfortune_missfortunebasicattack2_oncast_r2.wav,已重导,2ab43016fd870291ef93a6b7b40c22e630c9adca030e6db3b82c03617cfcdde9,3070838dd264b85ff20eb88e2aed4cb260a99c724efb1883a0e6566d1703220a,0.9545804988662131,0.9545804988662131,0.13091184198856354,0.9999973301088583,-0.006501996914316296,0,0,0,,
assets/audio/units/missfortune/play_sfx_missfortune_missfortunebasicattack2_oncast_r3.wav,assets/audio/units/missfortune/play_sfx_missfortune_missfortunebasicattack2_oncast_r3.wav,已重导,9d1d1e59c9ec51c9dd803373ca383a47846647ccb84f67c155e85581936bed1a,fa9f59bee36b46b46eb74a46f26a44c2e5ed06218e1b06d26f750637c432a2c1,1.6403401360544219,1.6403401360544219,0.08885657042264938,0.9999975500055457,-0.008818200869975918,0,0,0,,
assets/audio/units/missfortune/play_sfx_missfortune_missfortunebasicattack_oncast_r1_d.wav,assets/audio/units/missfortune/play_sfx_missfortune_missfortunebasicattack_oncast_r1_d.wav,已重导,ae321590fdfd0d7b650ff16270336928931c06ebebbb228efb61c9491ed852a0,cdd399a8783861b7320a41ca67f2993f304144f3885a4f252f6c589b5d311a87,1.1053968253968254,1.1053968253968254,0.1581285148859024,0.9999987636409775,-0.0048650530644178515,0,0,0,,
assets/audio/units/missfortune/play_sfx_missfortune_missfortunebasicattack_oncast_r2_d.wav,assets/audio/units/missfortune/play_sfx_missfortune_missfortunebasicattack_oncast_r2_d.wav,已重导,2ab43016fd870291ef93a6b7b40c22e630c9adca030e6db3b82c03617cfcdde9,3070838dd264b85ff20eb88e2aed4cb260a99c724efb1883a0e6566d1703220a,0.9545804988662131,0.9545804988662131,0.13091184198856354,0.9999973301088583,-0.006501996914316296,0,0,0,,
assets/audio/units/missfortune/play_sfx_missfortune_missfortunebasicattack_oncast_r3_d.wav,assets/audio/units/missfortune/play_sfx_missfortune_missfortunebasicattack_oncast_r3_d.wav,已重导,9d1d1e59c9ec51c9dd803373ca383a47846647ccb84f67c155e85581936bed1a,fa9f59bee36b46b46eb74a46f26a44c2e5ed06218e1b06d26f750637c432a2c1,1.6403401360544219,1.6403401360544219,0.08885657042264938,0.9999975500055457,-0.008818200869975918,0,0,0,,
assets/audio/units/missfortune/play_sfx_missfortune_missfortunebasicattack_onhit_1559186049_1153642577_r1_d.wav,assets/audio/units/missfortune/play_sfx_missfortune_missfortunebasicattack_onhit_1559186049_1153642577_r1_d.wav,已重导,af7b14727cefa4af2908f23f9edb5eb8f6aa2270230afe03c17b2fd5eb6a8177,26c41de3212365f9fb68bbbe0dee970f4a30eba864667e9083ad55ebfd6c5073,0.8960090702947846,0.8960090702947846,0.14890623092651367,0.9999998466890361,-0.003237685554776061,0,0,0,,
assets/audio/units/missfortune/play_sfx_missfortune_missfortunebasicattack_onhit_1559186049_1153642577_r2_d.wav,assets/audio/units/missfortune/play_sfx_missfortune_missfortunebasicattack_onhit_1559186049_1153642577_r2_d.wav,已重导,9ce341570219da46492efdf8923d7365c46561ae1b8b0bb1423af683dbe0d1c5,6342c29767e5145168b57c54cab0f2fe6fdcf12fa842b092455afb0a994a2714,0.7808163265306123,0.7808163265306123,0.152788445353508,0.9999998509920501,-0.003214074598408523,0,0,0,,
assets/audio/units/missfortune/play_sfx_missfortune_missfortunebasicattack_onhit_1559186049_1153642577_r3_d.wav,assets/audio/units/missfortune/play_sfx_missfortune_missfortunebasicattack_onhit_1559186049_1153642577_r3_d.wav,已重导,e43cecab03669e15cff3d33f7e545be6a0308c2b1dcf663aeca74e80ae800796,036bfc1e8a4b40cf01d1665cacb3a7d44422624d39166c5bab2129a0314e3257,0.7819727891156463,0.7819727891156463,0.18986102938652039,0.9999998660417657,-0.002848932965258703,0,0,0,,
assets/audio/units/missfortune/play_sfx_missfortune_missfortunebasicattack_onhit_1559186049_1153642577_r4_d.wav,assets/audio/units/missfortune/play_sfx_missfortune_missfortunebasicattack_onhit_1559186049_1153642577_r4_d.wav,已重导,eeac177a4df904cbf86ddd6747fd4baafc265ef0ed54fe168fcba918d297de1c,c222e208b93cf4db7a2591a04f7b9d895a02a6771a0ee55555b91fa87d886376,0.7602040816326531,0.7602040816326531,0.154685378074646,0.9999998503173518,-0.0029174032009493004,0,0,0,,
assets/audio/units/missfortune/play_sfx_missfortune_missfortunebasicattack_onhit_1559186049_1153642577_r5_d.wav,assets/audio/units/missfortune/play_sfx_missfortune_missfortunebasicattack_onhit_1559186049_1153642577_r5_d.wav,已重导,2d1259e1b7bcd7a246847fd44e13e2c1739fd28b9abc21c422cf2606ebc083e7,f489f7cc53603ea1dbe34d1752f6ba76a5bbc69b81b4d79b6586771dc3e50c32,0.9724716553287982,0.9724716553287982,0.16328364610671997,0.9999998124725337,-0.003397478497476441,0,0,0,,
assets/audio/units/missfortune/play_sfx_missfortune_missfortunebasicattack_onhit_1559186049_1153642577_r6_d.wav,assets/audio/units/missfortune/play_sfx_missfortune_missfortunebasicattack_onhit_1559186049_1153642577_r6_d.wav,已重导,c885d76cb9f3642bfcc118d844944c2dd9947eddb87e89cc9ae8b7f098a90650,7a1d967a89489e7c174527505db9ff8e4ab03ca8e51c5c890031d5e2ee89aeae,0.7590476190476191,0.7590476190476191,0.16545701026916504,0.9999998489105324,-0.0029846542364883617,0,0,0,,
assets/audio/units/missfortune/play_sfx_missfortune_missfortunebasicattack_onhit_1559186049_1216965916_r1_d.wav,assets/audio/units/missfortune/play_sfx_missfortune_missfortunebasicattack_onhit_1559186049_1216965916_r1_d.wav,已重导,c97c091328d723f02c36a0ca05a09f38b37f879b1ab6d635074dd746dcdaf98b,cfe8a9d7d9d861afb5d29bbc1f13121b2340dbf533c9cb980e67e59c726030ec,1.6681179138321995,1.6681179138321995,0.1548706591129303,0.9999997712350766,-0.0030025537931097084,0,0,0,,
assets/audio/units/missfortune/play_sfx_missfortune_missfortunebasicattack_onhit_1559186049_1216965916_r2_d.wav,assets/audio/units/missfortune/play_sfx_missfortune_missfortunebasicattack_onhit_1559186049_1216965916_r2_d.wav,已重导,2b7bb901fcaafd7b3083d8caed1a94b60cfd8832c5381f24758da4e3b9073093,d10e0d032e5ffdd58a676604884598404d8294ab7b269cb29eeafbb7308eed1f,1.2185714285714286,1.2185714285714286,0.1523086428642273,0.9999997523625095,-0.0032369216039613825,0,0,0,,
assets/audio/units/missfortune/play_sfx_missfortune_missfortunebasicattack_onhit_1559186049_1216965916_r3_d.wav,assets/audio/units/missfortune/play_sfx_missfortune_missfortunebasicattack_onhit_1559186049_1216965916_r3_d.wav,已重导,a00556fbd822278a6bd95c1b274deda49933cdf53ca63b6fba48261a50d797a9,dcfdc2e1a7c048943efd16193571741a15c37a1d302650a7f89ba2cf6fe723ef,1.3508843537414965,1.3508843537414965,0.1522696614265442,0.9999997967498631,-0.0033038867159247303,0,0,0,,
assets/audio/units/missfortune/play_sfx_missfortune_missfortunebasicattack_onhit_1559186049_1216965916_r4_d.wav,assets/audio/units/missfortune/play_sfx_missfortune_missfortunebasicattack_onhit_1559186049_1216965916_r4_d.wav,已重导,0318e3066a4fd1a29c7a6d9f3ed080ce662c1e24ae9a6a141c7b8959356f9b18,fc52b673ee5fe0e1d8817ffeab541a08ed05a61bb391092eb033c18b40d89add,1.2529251700680273,1.2529251700680273,0.14739705622196198,0.9999997374975221,-0.0035930141962849885,0,0,0,,
assets/audio/units/missfortune/play_sfx_missfortune_missfortunebasicattack_onhit_1559186049_1216965916_r5_d.wav,assets/audio/units/missfortune/play_sfx_missfortune_missfortunebasicattack_onhit_1559186049_1216965916_r5_d.wav,已重导,ebd0b9a9c708c373dbf30695263cb5411c1f6a4299aec287be7158b12bfd5074,fecda13d767d3b864b1051f74f0e1c0a71c5848966b6a9b35c2988e7a306f93a,1.049501133786848,1.049501133786848,0.15094947814941406,0.9999997176835637,-0.003264966605011593,0,0,0,,
assets/audio/units/missfortune/play_sfx_missfortune_missfortunebasicattack_onhit_1559186049_1216965916_r6_d.wav,assets/audio/units/missfortune/play_sfx_missfortune_missfortunebasicattack_onhit_1559186049_1216965916_r6_d.wav,已重导,a8a3309faf1956a70b36c2db69e92b57a3d7bc44ceb5430e6883fbb246dcbae5,c6bcdf457880b450cda7e50f3ebc04921e3f09bade45bd1f7e7a1a961014d7d6,1.5708163265306123,1.5708163265306123,0.16565431654453278,0.9999998229502796,-0.0028134107667983203,0,0,0,,
assets/audio/units/missfortune/play_sfx_missfortune_missfortunebasicattack_onhit_1559186049_2058049674_r1_d.wav,assets/audio/units/missfortune/play_sfx_missfortune_missfortunebasicattack_onhit_1559186049_2058049674_r1_d.wav,已重导,84bcb19296bd7387daddb4fdbb0374073c127fb91a032d9f593d7a12d29abca1,df2ebeee5fc8dd4333a7e00cfa00445f9efc8a4df0c9527a8b6c90b175b382d9,1.1203854875283448,1.1203854875283448,0.17609010636806488,0.9999998738062807,-0.0026100806869049356,0,0,0,,
assets/audio/units/missfortune/play_sfx_missfortune_missfortunebasicattack_onhit_1559186049_2058049674_r2_d.wav,assets/audio/units/missfortune/play_sfx_missfortune_missfortunebasicattack_onhit_1559186049_2058049674_r2_d.wav,已重导,a058ad36f90fd6fb118e573166f7043dec325c30582bc33b86dbd0c17a47bdaa,54487c7edda728744249c395f52d73c6c882ff726f490e324a4bd732c913ad9a,1.0880045351473924,1.0880045351473924,0.1685834378004074,0.9999999091779586,-0.0023903177255583654,0,0,0,,
assets/audio/units/missfortune/play_sfx_missfortune_missfortunebasicattack_onhit_1559186049_2058049674_r3_d.wav,assets/audio/units/missfortune/play_sfx_missfortune_missfortunebasicattack_onhit_1559186049_2058049674_r3_d.wav,已重导,92d53d0e50db774bbede9eae218f821e078ef747f3bc6e0908ea8bc96ede7b43,c242870476763effbc5020cf5d87e2d6f74062c7c12285722e42316d8aa73c0f,1.2903174603174603,1.2903174603174603,0.16670751571655273,0.9999998589039829,-0.0026114718078596977,0,0,0,,
assets/audio/units/missfortune/play_sfx_missfortune_missfortunebasicattack_onhit_1559186049_2058049674_r4_d.wav,assets/audio/units/missfortune/play_sfx_missfortune_missfortunebasicattack_onhit_1559186049_2058049674_r4_d.wav,已重导,304e11d77dfdbb663c19d6e61a543a32897f8811423f8fb9cdf3efaa8fe556d8,fb32a349e1236c7f92314bc8f4178953f3f3c101ea4787e114ca71ea22139039,1.053922902494331,1.053922902494331,0.1694963574409485,0.9999999124145715,-0.0025266079302009733,0,0,0,,
assets/audio/units/missfortune/play_sfx_missfortune_missfortunebasicattack_onhit_1559186049_2058049674_r5_d.wav,assets/audio/units/missfortune/play_sfx_missfortune_missfortunebasicattack_onhit_1559186049_2058049674_r5_d.wav,已重导,4ef179f056e4ecf4bc46984b5bc5369942e3d176186d678f6723863a1e70df5a,7af6926c289501d9615d87b4ed81f809df8d53652e5479e841a77a0354b8959f,1.0936507936507935,1.0936507936507935,0.1709233969449997,0.9999998752555644,-0.002619402882412321,0,0,0,,
assets/audio/units/missfortune/play_sfx_missfortune_missfortunebasicattack_onhit_1559186049_2058049674_r6_d.wav,assets/audio/units/missfortune/play_sfx_missfortune_missfortunebasicattack_onhit_1559186049_2058049674_r6_d.wav,已重导,f4e50afa5a46822b6d726a89dad5b1c19a41d719b06848ae7ffd114764c0edd3,4251bd836745c0bc106c29906ff7f65ee0fb734fcc13fcc6ae737d23d70b786c,1.1656009070294784,1.1656009070294784,0.1667294055223465,0.9999998732802102,-0.0028726804981078374,0,0,0,,
assets/audio/units/missfortune/play_sfx_missfortune_missfortunebasicattack_onhit_1559186049_2473969246_r1_d.wav,assets/audio/units/missfortune/play_sfx_missfortune_missfortunebasicattack_onhit_1559186049_2473969246_r1_d.wav,已重导,87b6448d2c8c7342349c75ac001c99126df7e55beea2b9a39e872dbae63c2375,8c697a23d14c6ccd4fe903e0af4371a192586bfb3b24ddf8210a23136ad83d6b,0.7650566893424037,0.7650566893424037,0.1599433422088623,0.9999998551813215,-0.002951081171792549,0,0,0,,
assets/audio/units/missfortune/play_sfx_missfortune_missfortunebasicattack_onhit_1559186049_2473969246_r2_d.wav,assets/audio/units/missfortune/play_sfx_missfortune_missfortunebasicattack_onhit_1559186049_2473969246_r2_d.wav,已重导,7b4c32217f89832c28ba0a20c727fb0b8c2f4b4f0c75329badb5d8643e3309b2,c78eeedf117658273e39e7feeb3a0d5a50d732ce21faa210737e7461725afed8,0.8006122448979592,0.8006122448979592,0.15438678860664368,0.9999998360318563,-0.0030372676304968255,0,0,0,,
assets/audio/units/missfortune/play_sfx_missfortune_missfortunebasicattack_onhit_1559186049_2473969246_r3_d.wav,assets/audio/units/missfortune/play_sfx_missfortune_missfortunebasicattack_onhit_1559186049_2473969246_r3_d.wav,已重导,8e0bc23ad34bb40c0d70d3ef308be3087a4bdde5da90c7e4bc24541deb423b60,53b52904ae348abc2849faff3521ff89725e4b191333280ed98b13f126d11256,0.6959183673469388,0.6959183673469388,0.14388428628444672,0.999999761386477,-0.0035998457922931343,0,0,0,,
assets/audio/units/missfortune/play_sfx_missfortune_missfortunebasicattack_onhit_1559186049_2473969246_r4_d.wav,assets/audio/units/missfortune/play_sfx_missfortune_missfortunebasicattack_onhit_1559186049_2473969246_r4_d.wav,已重导,17009c403ddca4918ce8a6ce17923b7c9cc0931dbbc5afefcad51087b1943508,ae25fde586da188f9e817211aa9b15a7b49512f7252f7fc6bca102c299314e84,1.099047619047619,1.099047619047619,0.15139126777648926,0.9999999106407809,-0.002684434671884313,0,0,0,,
assets/audio/units/missfortune/play_sfx_missfortune_missfortunebasicattack_onhit_1559186049_2473969246_r5_d.wav,assets/audio/units/missfortune/play_sfx_missfortune_missfortunebasicattack_onhit_1559186049_2473969246_r5_d.wav,已重导,5e74f26d75b5490bc8c4771b01616ace69a659bc5edec6ad318fe64d8560406c,521e3bebbf84791c9e529412fd5af87d553ae909708dc46b42ae8c6acfd1d176,0.8473242630385488,0.8473242630385488,0.15482957661151886,0.9999999056236213,-0.002781620580045551,0,0,0,,
assets/audio/units/missfortune/play_sfx_missfortune_missfortunebasicattack_onhit_1559186049_2473969246_r6_d.wav,assets/audio/units/missfortune/play_sfx_missfortune_missfortunebasicattack_onhit_1559186049_2473969246_r6_d.wav,已重导,50eb9659586119f793e67a25674596bdbd11fed98deb0f500326e156a643034f,9a9fd870f4ad4d909b3ff5429b55659953d5090361a232b572851b4a42978dc0,0.9365759637188209,0.9365759637188209,0.1463719755411148,0.9999998401651778,-0.0035221869531841337,0,0,0,,
assets/audio/units/missfortune/play_sfx_missfortune_missfortunebasicattack_onmissilecast_r1_d.wav,assets/audio/units/missfortune/play_sfx_missfortune_missfortunebasicattack_onmissilecast_r1_d.wav,已重导,c07d20a74bc8814c08e572f8ed46491669dc5a2e6b3b8175b728990bbe8cb607,18e36d86d9c389a3e05bdbc69534c96b4858dd74e746fdc211dc83257cfcd3ff,2.0323129251700682,2.0323129251700682,0.18530237674713135,0.9999997400863864,-0.002814422636519119,0,0,0,,
assets/audio/units/missfortune/play_sfx_missfortune_missfortunebasicattack_onmissilecast_r2_d.wav,assets/audio/units/missfortune/play_sfx_missfortune_missfortunebasicattack_onmissilecast_r2_d.wav,已重导,ead0906fb50f4eb8d3f760cb14ce10bb8eb1a4cfd12f502f2f299d3e3909f7b7,7d45dbdee57534b92a69e8d1e14a2fbae71c2a41db249d8fc23c2bd041fd37f9,2.1740362811791383,2.1740362811791383,0.1807534098625183,0.9999996809279488,-0.0028484237797614404,0,0,0,,
assets/audio/units/missfortune/play_sfx_missfortune_missfortunebasicattack_onmissilecast_r3_d.wav,assets/audio/units/missfortune/play_sfx_missfortune_missfortunebasicattack_onmissilecast_r3_d.wav,已重导,9c283d5e58e6d927a75e90b9c4afb91ae9155092b744baf4a1dd41dd84ae8e93,f685a687bbc136398b6cc16cb7b97ca69fcfac1674b62d748c3380cad0f69691,2.0559637188208617,2.0559637188208617,0.19893008470535278,0.9999998492652923,-0.0022672658819018576,0,0,0,,
assets/audio/units/missfortune/play_sfx_missfortune_missfortunebasicattack_onmissilelaunch_r1_d.wav,assets/audio/units/missfortune/play_sfx_missfortune_missfortunebasicattack_onmissilelaunch_r1_d.wav,已重导,bd03645dac10b8db3702755cc7340355043bc17577fbae2d8cf0db5da6db9aa7,9ce7fb3ad4fb47235cf393892114052aa6661184534eb19d9ace6380774675da,1.2844897959183674,1.2844897959183674,0.1101904883980751,0.9999973744424284,-0.008480139007640105,0,0,0,,
assets/audio/units/missfortune/play_sfx_missfortune_missfortunebasicattack_onmissilelaunch_r2_d.wav,assets/audio/units/missfortune/play_sfx_missfortune_missfortunebasicattack_onmissilelaunch_r2_d.wav,已重导,c72b0b50310914ee7672b714d580f3e90f467d2580807865761d7f3ee3abc3a6,7d72df1c810145850d9571b15fe559a7d7accd3388c7fdf4c89df40987026fd6,1.5436054421768708,1.5436054421768708,0.11098424345254898,0.9999979942619595,-0.008129790566181027,0,0,0,,
assets/audio/units/missfortune/play_sfx_missfortune_missfortunebasicattack_onmissilelaunch_r3_d.wav,assets/audio/units/missfortune/play_sfx_missfortune_missfortunebasicattack_onmissilelaunch_r3_d.wav,已重导,51b396c715c7ecfdb516ebfa6f495219cca2f3362fbc61cfec789d8f44609002,67ad336e2c92764ab87788dbfe9d94baad241b6ac9c52ebe20621e4e0872ecc4,1.8831972789115645,1.8831972789115645,0.10177647322416306,0.999997085026677,-0.007809151253406967,0,0,0,,
assets/audio/units/missfortune/play_sfx_missfortune_missfortunepassiveattack_oncast_r1_d.wav,assets/audio/units/missfortune/play_sfx_missfortune_missfortunepassiveattack_oncast_r1_d.wav,已重导,8b4efb126783c06ff86281af7842a26cb7a9e42ce766b052e7cf856a0043498a,cb05ec63006c324d0721badbb20b9d14c9c3932c84724ad914d5ec67914d9466,0.34061224489795916,0.34061224489795916,0.05882341042160988,0.9999976035067568,-0.009009304683309544,0,0,0,,
assets/audio/units/missfortune/play_sfx_missfortune_missfortunepassiveattack_oncast_r2_d.wav,assets/audio/units/missfortune/play_sfx_missfortune_missfortunepassiveattack_oncast_r2_d.wav,已重导,64dad881f0823c35f18b4c497e23e02a319bca09b18514d85af283d3df8e1eca,9f94f59c86063a866670354ef536fb7d5f9154d62ac949862b9dd674c3be6fce,0.306281179138322,0.306281179138322,0.0658869817852974,0.9999977867963025,-0.011090416003354555,0,0,0,,
assets/audio/units/missfortune/play_sfx_missfortune_missfortunepassiveattack_onhit_1559186049_1153642577_r1_d.wav,assets/audio/units/missfortune/play_sfx_missfortune_missfortunepassiveattack_onhit_1559186049_1153642577_r1_d.wav,已重导,e772f103df571d0ed9c668b66b045580ca32d9190af3d4f23a63642a247037c1,8125728a0c15903d545797d71a78c781110a183467de0423f594a6bd96d08806,0.9494331065759637,0.9494331065759637,0.2322794795036316,0.9999999455597351,-0.001619439279367166,0,0,0,,
assets/audio/units/missfortune/play_sfx_missfortune_missfortunepassiveattack_onhit_1559186049_1153642577_r2_d.wav,assets/audio/units/missfortune/play_sfx_missfortune_missfortunepassiveattack_onhit_1559186049_1153642577_r2_d.wav,已重导,9558be6add717809591068b3958dc422e42d2cb46b22e7cbdc17db7117bafa6c,fce020fbd41a080887ff14ba17b97eab9108cb25dd2617d976aaed28c3b75de1,0.996281179138322,0.996281179138322,0.2382742166519165,0.999999934103348,-0.001791809952843983,0,0,0,,
assets/audio/units/missfortune/play_sfx_missfortune_missfortunepassiveattack_onhitlocation_d.wav,assets/audio/units/missfortune/play_sfx_missfortune_missfortunepassiveattack_onhitlocation_d.wav,已重导,516343c20fdab8625535c61b609d845273d7ca56ed973d1a6843ef1e7a795d35,36e34d8732a4ccf27064377608e287d8ef8fe7cc007bac5e9dc09ea67e4eb9d1,1.0934467120181406,1.0934467120181406,0.18253974616527557,0.9999995546403823,-0.0026896913503738325,0,0,0,,
assets/audio/units/missfortune/play_sfx_missfortune_missfortunepassiveattack_onmissilecast_r1_d.wav,assets/audio/units/missfortune/play_sfx_missfortune_missfortunepassiveattack_onmissilecast_r1_d.wav,已重导,a4a7a5354135a605b346df575b9272da08e333ef50fe249e4bd7ab88f476abcf,7237d705bfbcb3652bd86bea7fcbf8d7277d8f91551d8289fbba945f18f7fac3,1.6603854875283446,1.6603854875283446,0.2654217779636383,0.9999999400729174,-0.001782067348023726,0,0,0,,
assets/audio/units/missfortune/play_sfx_missfortune_missfortunepassiveattack_onmissilecast_r2_d.wav,assets/audio/units/missfortune/play_sfx_missfortune_missfortunepassiveattack_onmissilecast_r2_d.wav,已重导,0fb9f34b4fdf6ca5c86382b6c54cd3eb8a48fb1f199303bce8251a1fac949d2c,1215098ec8c596c56435248cedb83ea7fcbc14aa3c94cc9fb658f54860ad76af,1.511111111111111,1.511111111111111,0.24684502184391022,0.9999999581109823,-0.0017448750949282514,0,0,0,,
assets/audio/units/missfortune/play_sfx_missfortune_missfortunepassiveattack_onmissilelaunch_r1_d.wav,assets/audio/units/missfortune/play_sfx_missfortune_missfortunepassiveattack_onmissilelaunch_r1_d.wav,已重导,6f6f11c40724005f41c87710402330ccf395de4fcfbe7f67f65f4d93823ba4d6,d2495f1668a64c2b7af783d090fa018c0700d8171ddbf0d806a509850f28fb4c,0.9043537414965986,0.9043537414965986,0.13901865482330322,0.999999772967229,-0.0032513172557629135,0,0,0,,
assets/audio/units/missfortune/play_sfx_missfortune_missfortunepassiveattack_onmissilelaunch_r2_d.wav,assets/audio/units/missfortune/play_sfx_missfortune_missfortunepassiveattack_onmissilelaunch_r2_d.wav,已重导,68d2071f1aa627ecfa7897d4b62414efca911d50f0fd758c6596cda7d28e9826,599172c9fca26a7b998f53fac39c7b395084f1274697c5de69901759e932d727,0.6647619047619048,0.6647619047619048,0.1390296369791031,0.9999998594604326,-0.0032475694517040982,0,0,0,,
assets/audio/units/missfortune/play_sfx_missfortune_missfortuneviciousstrikes_onbuffactivate_r1.wav,assets/audio/units/missfortune/play_sfx_missfortune_missfortuneviciousstrikes_onbuffactivate_r1.wav,已重导,278db8c8c7c47bc6b04d0f3dfc664cd9203e3695a26d0f04081507c68ac95d2c,06b66c4e9c4bbc4b921d1405ec1a036b5033335bf326aaa4f25088054a351639,6.010634920634921,6.010634920634921,0.013481814414262772,0.9999794169974597,-0.045020907728738666,0,0,0,,
assets/audio/units/missfortune/play_sfx_missfortune_missfortuneviciousstrikes_onbuffactivate_r2.wav,assets/audio/units/missfortune/play_sfx_missfortune_missfortuneviciousstrikes_onbuffactivate_r2.wav,已重导,627041db0e33c8cca102b29b882823130e793abeefe0bfbfeac3880cb3742268,07f21e6fa5886e15cf03d352b2d389e474fa94c66be63e7adf0424d20917b34e,6.1788208616780045,6.1788208616780045,0.017007632181048393,0.9999812265118332,-0.04228491625525618,0,0,0,,
assets/audio/units/missfortune/play_sfx_missfortune_missfortuneviciousstrikes_onbuffdeactivate_r1.wav,assets/audio/units/missfortune/play_sfx_missfortune_missfortuneviciousstrikes_onbuffdeactivate_r1.wav,已重导,c69323639422a17b1dc2ee27ce8541c997006507f5a13e402e43df7af02aac5d,ecd75f60f18253751a9e1a3db00d49df5ff628d075f3c118db48ab4a27e9aa20,1.0277551020408164,1.0277551020408164,0.19077369570732117,0.9999998027791481,-0.0030092994689433715,0,0,0,,
assets/audio/units/missfortune/play_sfx_missfortune_missfortuneviciousstrikes_onbuffdeactivate_r2.wav,assets/audio/units/missfortune/play_sfx_missfortune_missfortuneviciousstrikes_onbuffdeactivate_r2.wav,已重导,32efe3086405b6f2d5e9be00fb8d4e53c21ef37f0d25872523e5c52067d3db48,40ccc076203000390dca8a2a23a81bfcff6b6ba22eef22f86e1d8e16eabf91b5,0.9555555555555556,0.9555555555555556,0.1659870445728302,0.9999997478872364,-0.0035016226303334146,0,0,0,,
assets/audio/units/missfortune/play_sfx_missfortune_missfortuneviciousstrikes_oncast_r1.wav,assets/audio/units/missfortune/play_sfx_missfortune_missfortuneviciousstrikes_oncast_r1.wav,已重导,aba6f783ba3ebacd9da7d28736e21da311616b5d1a8300b47a1eb8bc273beda9,c47516aa6e9b56b7ed3165d15fcfd2a6c6c3dfd1946373b82305c165f97aa314,2.924625850340136,2.924625850340136,0.24493321776390076,0.9999994941478151,-0.0032898986395663177,0,0,0,,
assets/audio/units/missfortune/play_sfx_missfortune_missfortuneviciousstrikes_oncast_r2.wav,assets/audio/units/missfortune/play_sfx_missfortune_missfortuneviciousstrikes_oncast_r2.wav,已重导,4a895927a353d1248d05bca4af01ba3d649c11b086f81b8c0a0f01c2d240242a,ea1f8b8c15b03130b37b6b1fffd81be83b1cac24040ce9f67acc3fa3983d727e,2.168888888888889,2.168888888888889,0.20067483186721802,0.9999995547074452,-0.003409204444367155,0,0,0,,
assets/audio/units/missfortune/play_vo_missfortune_death3d_r1_zh_cn.wav,assets/audio/units/missfortune/play_vo_missfortune_death3d_r1_zh_cn.wav,已重导,67b10d9f959b7ad4ac2cf83ab8d418d6284ba6d6cd6877c52f4f47e8d2925577,5ea04ad27aefe94188ae12a3b92ae732ba6ce5cd258cc1de90801168bc48da50,1.5,1.5,0.2832011580467224,0.9999999851783931,5.9989028477332305,0,0,0,atrim=duration=1.5;afade=t=out:st=1.0:d=0.5,
assets/audio/units/missfortune/play_vo_missfortune_death3d_r2_zh_cn.wav,assets/audio/units/missfortune/play_vo_missfortune_death3d_r2_zh_cn.wav,已重导,51de4a026228b91a3bf4e87eb1bb62e96899335bde354f7f99fe8c20934d5102,563c138ebfbf225d369ed184b61e980f1a29ab9d043562b958d05bbe3753231a,1.5,1.5,0.31082889437675476,0.9999999875631309,5.998856285943762,0,0,0,atrim=duration=1.5;afade=t=out:st=1.0:d=0.5,
assets/audio/units/missfortune/play_vo_missfortune_death3d_r3_zh_cn.wav,assets/audio/units/missfortune/play_vo_missfortune_death3d_r3_zh_cn.wav,已重导,85bf4c5d4e2f985477d83356da68899b4db5fbbef53587e2c8a0e14600ee3816,a7fa799aaacdf2e50f3ba9e8fe7c1af3394750f93b686ecec7e3e3ce82039e45,1.5,1.5,0.28989318013191223,0.9999999837211303,5.998815702123135,0,0,0,atrim=duration=1.5;afade=t=out:st=1.0:d=0.5,
assets/audio/units/missfortune/play_vo_missfortune_death3d_r4_zh_cn.wav,assets/audio/units/missfortune/play_vo_missfortune_death3d_r4_zh_cn.wav,已重导,fcbe6a36df492c47d40bf5bc52268ef885e53252ede82c7c753b3ba112307997,16547907d1d7439566b1205ee3ad2aefff9657142b001afce2d8c3de9916fb40,1.5,1.5,0.29604485630989075,0.9999999803393945,5.998762129157212,0,0,0,atrim=duration=1.5;afade=t=out:st=1.0:d=0.5,
assets/audio/units/missfortune/play_vo_missfortune_move2dstandard_r1_zh_cn.wav,assets/audio/units/missfortune/play_vo_missfortune_move2dstandard_r1_zh_cn.wav,已重导,f6bd64d97b87ba7114910a28cf85f470db3d71544ac1f57201011e9bf52cabc2,614cd4ac1265304646654b556d6d1de32a55236d98af4223c98d5a2aa6bf29ce,1.6718367346938776,1.6718367346938776,0.2459733784198761,0.9999999912599957,10.999208387058788,0,0,0,,
assets/audio/units/ornn/charge_knockup_1.wav,assets/audio/units/ornn/charge_knockup_1.wav,已重导,69e91ff52b9a88833307eee34ca0a34c49bf1bd0f9f9415494b3e296d1a8c243,700ac1fd758985d2bf0bc991164aa03189a16097921ddad50d445496e4eb4eb5,1.8999773242630384,1.8999773242630384,0.17775335907936096,0.9999999924026145,13.999992048079639,0,0,0,,
assets/audio/units/ornn/charge_step_1.wav,assets/audio/units/ornn/charge_step_1.wav,已重导,024ec7fa0a782caf2c42e2d13bddac7c7a188e79d864f68dd4a2e02293fc2d44,82216f51ba7fb828db28d19c488153317aea5bd33b3dfbd07e4a6b2862c4eb0b,0.6539455782312925,0.6539455782312925,0.22694367170333862,0.9999999937847273,11.000020212702957,0,0,0,,
assets/audio/units/ornn/charge_step_2.wav,assets/audio/units/ornn/charge_step_2.wav,已重导,846b6faf1ec381284da976429d9ddb96afe09e2b0305e4e5bec906ebf3b57f76,791442e36786a62c7bd43436dc27097bcd7ea58f4526d936cfbc0c205612697c,0.619092970521542,0.619092970521542,0.21446162462234497,0.9999999943765869,11.000005201727829,0,0,0,,
assets/audio/units/ornn/charge_step_3.wav,assets/audio/units/ornn/charge_step_3.wav,已重导,d93f75017990f4ecce1aadc5f24878c593e86769efa3a7c475d8499476154df5,bd06b6c7041043263486144f45f4c7c08e0619322fdff1600cba79518f0c40a5,0.6642403628117913,0.6642403628117913,0.2222680151462555,0.9999999934941054,10.99998756574717,0,0,0,,
assets/audio/units/ornn/charge_step_4.wav,assets/audio/units/ornn/charge_step_4.wav,已重导,70602fce8948aaf369c0c0f08444cb4c76214ab51fb8687c966847627717659c,fee1b2f867bbe53224fcbe48162138561f6410ceb05bb8e6abecc4fa55b5409c,0.7118820861678005,0.7118820861678005,0.23039063811302185,0.9999999957869289,11.000007463274555,0,0,0,,
assets/audio/units/ornn/charge_step_5.wav,assets/audio/units/ornn/charge_step_5.wav,已重导,652b23c5d020caa6151394420771f2b2ce563cf8dd4a960c5b66d40d6b05ffb3,158ddc6e0c8a8e3ac421e26031aaa4b9f49d9fc8301ede334fe6604f5a6b1297,0.6903401360544218,0.6903401360544218,0.20410411059856415,0.9999999936268497,11.000006500020252,0,0,0,,
assets/audio/units/ornn/charge_trail_hit_1.wav,assets/audio/units/ornn/charge_trail_hit_1.wav,已重导,f6214842979c93a945788fba3952e39a4de9bc30d23388c450cea2f7c1f29341,6125fee37e6d9a1cdd7cac264ec9bfcf858e1dacf290c59fe3f79be3cb333337,1.184829931972789,1.184829931972789,0.2014625370502472,0.9999999856130326,13.999988604395812,0,0,0,,
assets/audio/units/ornn/charge_trail_hit_2.wav,assets/audio/units/ornn/charge_trail_hit_2.wav,已重导,a93e8561d3300548549133305a7f738f6bea1bec135985a0a7e5169a07838bd4,c05e015658d0614b4e2b6586e27e1ebe31e5342e590e28ea3c4d48ad0459ab3f,1.2,1.2,0.17614580690860748,0.999999993233939,14.000003543957071,0,0,0,,
assets/audio/units/ornn/charge_trail_hit_3.wav,assets/audio/units/ornn/charge_trail_hit_3.wav,已重导,577b3d0e8b64644931c64e5668cea74fca9d53a68706cf42daf611e9f6d4bcb7,3f9a288c4b4e67575203f9a059f5bc1aea60fa593ce3890d6d07fbf6a7da9d82,1.276077097505669,1.276077097505669,0.19360162317752838,0.9999999928574621,14.000008850800327,0,0,0,,
assets/audio/units/ornn/charge_trail_hit_4.wav,assets/audio/units/ornn/charge_trail_hit_4.wav,已重导,eb4a3035a84b66d5ebb5378625943fc8fdf8b1fabc3e1a771ea39d1ca00e11ae,88531cbabaed143e29e82864912fb97f8345300b41692843837a411b28ad7df8,1.2190022675736962,1.2190022675736962,0.18065646290779114,0.9999999900889963,14.000016970065694,0,0,0,,
assets/audio/units/ornn/charge_trail_hit_5.wav,assets/audio/units/ornn/charge_trail_hit_5.wav,已重导,f4a520b3d2f2ff711003429e684797c32774d9dc855f2e10a3fe234064f4d311,ae9f23eda3331ee56d502191089c6502f8c35d0f8f69a539db5628f1e341306d,1.3315419501133787,1.3315419501133787,0.18589884042739868,0.999999984346915,13.999998244635632,0,0,0,,
assets/audio/units/ornn/deploy_ban_zh_cn.ogg,assets/audio/units/ornn/deploy_ban_zh_cn.wav,已重导,6cb6c8a05d9037f5da71f945595846d45d3231d955fd88ecc6b087cb95c48d1b,c14542283b5d4e36a3a6c8cb0b85fc3287579da8001cf1075cb660fe81a4f7e0,3.6646875,3.6646875,1.0820181369781494,0.9999990866491736,-0.001160322671154555,0,0,0,,
assets/audio/units/ornn/deploy_choose_zh_cn.wav,assets/audio/units/ornn/deploy_choose_zh_cn.wav,已重导,ed50ad00e7bef266d5781e09630c6b3f83fd648dfc75d3cf35d5efc1859c49d3,60e64cea5abed07f96107ca169112fa746ceb0a179ebea198dd3f6db8d6e3808,3.8853333333333335,3.8853333333333335,0.9994751811027527,0.999999995309089,1.9034514418217662e-06,0,0,0,,
assets/audio/units/ornn/deploy_quality_zh_cn.wav,assets/audio/units/ornn/deploy_quality_zh_cn.wav,已重导,4d31ac4ca824ed8e4443fef7734cdaf19f1fc31f32760810995e2d6179e28945,c1025d48608aee05fee0821b658d162761c8eed2b6409f242e12366fd3193b76,2.727641723356009,2.727641723356009,0.23832747340202332,0.9999959463585462,12.997582122226454,0,0,0,,
assets/audio/units/ornn/forge_arrive_1.wav,assets/audio/units/ornn/forge_arrive_1.wav,已重导,47d7e0deefba9611c6a59ad4386e10b122a6ba01a5629dba6fa2e95ce0f3037e,2e3336597d096d93c006fa988a1bce8b28f2b6c6d06b72409b303bf96f71b3ca,1.422108843537415,1.422108843537415,0.1421646773815155,0.9999998597750014,15.99999184942902,0,0,0,,
assets/audio/units/ornn/forge_final_strike.wav,assets/audio/units/ornn/forge_final_strike.wav,已重导,e22d4ab772df1b7b7d684dad3cacd57b24c43654fcae58526ee1c2661c738472,c954bd56c13410ef5f2138981cc9a59f730dd1b34276439e52ba668957b9b1cc,1.8976643990929705,1.8976643990929705,0.13844119012355804,0.9999999675203352,16.000002465994434,0,0,0,atrim=start=3.5;asetpts=PTS-STARTPTS;afade=t=in:ns=88,
assets/audio/units/ornn/play_sfx_ornn_ornnbasicattack2_oncast_r1.wav,assets/audio/units/ornn/play_sfx_ornn_ornnbasicattack2_oncast_r1.wav,已重导,06892806c02eee0db5e343cf56b2e97d2e03f9f979f816983e99b8c8b562d1f6,dbd576515bf6916a21749299148120b087886cc201fcc76f1cfb8d09d75db6b2,0.9825850340136054,0.9825850340136054,0.17758457362651825,0.9999999906301742,13.000004377085672,0,0,0,,
assets/audio/units/ornn/play_sfx_ornn_ornnbasicattack2_oncast_r2.wav,assets/audio/units/ornn/play_sfx_ornn_ornnbasicattack2_oncast_r2.wav,已重导,c43ab083f8fe32685e9a5af42fab68d5793592c948327c25f11ebd9dd17e351c,8be2c4608e0498168e0c959f06253eec513f3ed34ace225de54949b974638191,0.8872562358276644,0.8872562358276644,0.1788681596517563,0.9999999905120311,12.999994484090733,0,0,0,,
assets/audio/units/ornn/play_sfx_ornn_ornnbasicattack2_oncast_r3.wav,assets/audio/units/ornn/play_sfx_ornn_ornnbasicattack2_oncast_r3.wav,已重导,6c27bd3b52e70e54904a8da02a8a070ef5dc4acc17ae8fe976b0b9ccc891e39f,66b7c600fcfdbcabba311df80acca1134bc43468707d0a6f06f3f379c190fce7,1.170702947845805,1.170702947845805,0.17198330163955688,0.9999999897831723,12.999995847471899,0,0,0,,
assets/audio/units/ornn/play_sfx_ornn_ornnbasicattack2_onhit_1559186049_1153642577_r1.wav,assets/audio/units/ornn/play_sfx_ornn_ornnbasicattack2_onhit_1559186049_1153642577_r1.wav,已重导,dfcaa5efdadcac72b181636fa309e01a27488847647a8fb5ab5de9ad1ba47bcc,9704c5336c40573db623a93be0bdef877655058fd569168cb6f8812e49dd5b41,0.9999773242630385,0.9999773242630385,0.18960455060005188,0.9999999907834609,12.999992057835733,0,0,0,,
assets/audio/units/ornn/play_sfx_ornn_ornnbasicattack2_onhit_1559186049_1153642577_r2.wav,assets/audio/units/ornn/play_sfx_ornn_ornnbasicattack2_onhit_1559186049_1153642577_r2.wav,已重导,4ffad53346cd0519fe52ae6a70c0bbab935a067dc9a916c6a4e7ba0fa2c6aa67,7433a80f7a9145fb1637dffa6802a1eaf2f86e4bed7b1f5482f28c063fc32893,0.9999773242630385,0.9999773242630385,0.1891505867242813,0.9999999921646906,13.000011367743838,0,0,0,,
assets/audio/units/ornn/play_sfx_ornn_ornnbasicattack2_onhit_1559186049_1153642577_r3.wav,assets/audio/units/ornn/play_sfx_ornn_ornnbasicattack2_onhit_1559186049_1153642577_r3.wav,已重导,0b930259f5d4b45bb195e7c4d33d5a59b18b59cf4d75efa9bae04bb1e2978e81,df0f9287be017e665493ec64e80d480c40cb1c40f0945ab61aff0d3f2b7084c7,0.9999773242630385,0.9999773242630385,0.18133755028247833,0.9999999914785723,12.999998623197282,0,0,0,,
assets/audio/units/ornn/play_sfx_ornn_ornnbasicattack3_oncast_r1_d.wav,assets/audio/units/ornn/play_sfx_ornn_ornnbasicattack3_oncast_r1_d.wav,已重导,06892806c02eee0db5e343cf56b2e97d2e03f9f979f816983e99b8c8b562d1f6,dbd576515bf6916a21749299148120b087886cc201fcc76f1cfb8d09d75db6b2,0.9825850340136054,0.9825850340136054,0.17758457362651825,0.9999999906301742,13.000004377085672,0,0,0,,
assets/audio/units/ornn/play_sfx_ornn_ornnbasicattack3_oncast_r2_d.wav,assets/audio/units/ornn/play_sfx_ornn_ornnbasicattack3_oncast_r2_d.wav,已重导,c43ab083f8fe32685e9a5af42fab68d5793592c948327c25f11ebd9dd17e351c,8be2c4608e0498168e0c959f06253eec513f3ed34ace225de54949b974638191,0.8872562358276644,0.8872562358276644,0.1788681596517563,0.9999999905120311,12.999994484090733,0,0,0,,
assets/audio/units/ornn/play_sfx_ornn_ornnbasicattack3_oncast_r3_d.wav,assets/audio/units/ornn/play_sfx_ornn_ornnbasicattack3_oncast_r3_d.wav,已重导,6c27bd3b52e70e54904a8da02a8a070ef5dc4acc17ae8fe976b0b9ccc891e39f,66b7c600fcfdbcabba311df80acca1134bc43468707d0a6f06f3f379c190fce7,1.170702947845805,1.170702947845805,0.17198330163955688,0.9999999897831723,12.999995847471899,0,0,0,,
assets/audio/units/ornn/play_sfx_ornn_ornnbasicattack3_onhit_1559186049_1153642577_r1_d.wav,assets/audio/units/ornn/play_sfx_ornn_ornnbasicattack3_onhit_1559186049_1153642577_r1_d.wav,已重导,dfcaa5efdadcac72b181636fa309e01a27488847647a8fb5ab5de9ad1ba47bcc,9704c5336c40573db623a93be0bdef877655058fd569168cb6f8812e49dd5b41,0.9999773242630385,0.9999773242630385,0.18960455060005188,0.9999999907834609,12.999992057835733,0,0,0,,
assets/audio/units/ornn/play_sfx_ornn_ornnbasicattack3_onhit_1559186049_1153642577_r2_d.wav,assets/audio/units/ornn/play_sfx_ornn_ornnbasicattack3_onhit_1559186049_1153642577_r2_d.wav,已重导,4ffad53346cd0519fe52ae6a70c0bbab935a067dc9a916c6a4e7ba0fa2c6aa67,7433a80f7a9145fb1637dffa6802a1eaf2f86e4bed7b1f5482f28c063fc32893,0.9999773242630385,0.9999773242630385,0.1891505867242813,0.9999999921646906,13.000011367743838,0,0,0,,
assets/audio/units/ornn/play_sfx_ornn_ornnbasicattack3_onhit_1559186049_1153642577_r3_d.wav,assets/audio/units/ornn/play_sfx_ornn_ornnbasicattack3_onhit_1559186049_1153642577_r3_d.wav,已重导,0b930259f5d4b45bb195e7c4d33d5a59b18b59cf4d75efa9bae04bb1e2978e81,df0f9287be017e665493ec64e80d480c40cb1c40f0945ab61aff0d3f2b7084c7,0.9999773242630385,0.9999773242630385,0.18133755028247833,0.9999999914785723,12.999998623197282,0,0,0,,
assets/audio/units/ornn/play_sfx_ornn_ornnbasicattack_oncast_r1_d.wav,assets/audio/units/ornn/play_sfx_ornn_ornnbasicattack_oncast_r1_d.wav,已重导,06892806c02eee0db5e343cf56b2e97d2e03f9f979f816983e99b8c8b562d1f6,dbd576515bf6916a21749299148120b087886cc201fcc76f1cfb8d09d75db6b2,0.9825850340136054,0.9825850340136054,0.17758457362651825,0.9999999906301742,13.000004377085672,0,0,0,,
assets/audio/units/ornn/play_sfx_ornn_ornnbasicattack_oncast_r2_d.wav,assets/audio/units/ornn/play_sfx_ornn_ornnbasicattack_oncast_r2_d.wav,已重导,c43ab083f8fe32685e9a5af42fab68d5793592c948327c25f11ebd9dd17e351c,8be2c4608e0498168e0c959f06253eec513f3ed34ace225de54949b974638191,0.8872562358276644,0.8872562358276644,0.1788681596517563,0.9999999905120311,12.999994484090733,0,0,0,,
assets/audio/units/ornn/play_sfx_ornn_ornnbasicattack_oncast_r3_d.wav,assets/audio/units/ornn/play_sfx_ornn_ornnbasicattack_oncast_r3_d.wav,已重导,6c27bd3b52e70e54904a8da02a8a070ef5dc4acc17ae8fe976b0b9ccc891e39f,66b7c600fcfdbcabba311df80acca1134bc43468707d0a6f06f3f379c190fce7,1.170702947845805,1.170702947845805,0.17198330163955688,0.9999999897831723,12.999995847471899,0,0,0,,
assets/audio/units/ornn/play_sfx_ornn_ornnbasicattack_onhit_1559186049_1153642577_r1_d.wav,assets/audio/units/ornn/play_sfx_ornn_ornnbasicattack_onhit_1559186049_1153642577_r1_d.wav,已重导,dfcaa5efdadcac72b181636fa309e01a27488847647a8fb5ab5de9ad1ba47bcc,9704c5336c40573db623a93be0bdef877655058fd569168cb6f8812e49dd5b41,0.9999773242630385,0.9999773242630385,0.18960455060005188,0.9999999907834609,12.999992057835733,0,0,0,,
assets/audio/units/ornn/play_sfx_ornn_ornnbasicattack_onhit_1559186049_1153642577_r2_d.wav,assets/audio/units/ornn/play_sfx_ornn_ornnbasicattack_onhit_1559186049_1153642577_r2_d.wav,已重导,4ffad53346cd0519fe52ae6a70c0bbab935a067dc9a916c6a4e7ba0fa2c6aa67,7433a80f7a9145fb1637dffa6802a1eaf2f86e4bed7b1f5482f28c063fc32893,0.9999773242630385,0.9999773242630385,0.1891505867242813,0.9999999921646906,13.000011367743838,0,0,0,,
assets/audio/units/ornn/play_sfx_ornn_ornnbasicattack_onhit_1559186049_1153642577_r3_d.wav,assets/audio/units/ornn/play_sfx_ornn_ornnbasicattack_onhit_1559186049_1153642577_r3_d.wav,已重导,0b930259f5d4b45bb195e7c4d33d5a59b18b59cf4d75efa9bae04bb1e2978e81,df0f9287be017e665493ec64e80d480c40cb1c40f0945ab61aff0d3f2b7084c7,0.9999773242630385,0.9999773242630385,0.18133755028247833,0.9999999914785723,12.999998623197282,0,0,0,,
assets/audio/units/ornn/play_sfx_ornn_ornne_buffonmoveend_explosion_r.wav,assets/audio/units/ornn/play_sfx_ornn_ornne_buffonmoveend_explosion_r.wav,已重导,f4c311eff71c6048e3f730bcb875b58d9a8ee050ff5e2d717a5e0d1a8b920e6f,a897b47afd283561a607b74fb9aadcb4c994019df6746bf6767f5655c252b2ad,3.3999773242630384,3.3999773242630384,0.2023957520723343,0.9999999964495229,9.999996478758685,0,0,0,,
assets/audio/units/ornn/play_sfx_ornn_ornne_oncast.wav,assets/audio/units/ornn/play_sfx_ornn_ornne_oncast.wav,已重导,ca08ac205c4e1eb809083553f7e90b2de6eeb7b4a1ef195631c5e7815eb04035,8f684dfbf670e76116e12814edaa26489b01ac0a0527077bfa27429a059505e9,2.486780045351474,2.486780045351474,0.22183223068714142,0.9999999919987218,11.000000360784806,0,0,0,,
assets/audio/units/ornn/play_vo_ornn_death3d_r1_zh_cn.wav,assets/audio/units/ornn/play_vo_ornn_death3d_r1_zh_cn.wav,已重导,d61dbe38e67645347b67f14129af2b33f8ba4001969548173923b1efa1acc5a4,12fd927db0c9601e7a546cef2d7b61ad75fc2971c91ce21e7a0043d21844b81e,1.5,1.5,0.2241857498884201,0.9999999950339703,12.999281286090394,0,0,0,atrim=duration=1.5;afade=t=out:st=1.0:d=0.5,
assets/audio/units/ornn/play_vo_ornn_death3d_r2_zh_cn.wav,assets/audio/units/ornn/play_vo_ornn_death3d_r2_zh_cn.wav,已重导,c37a342e7212b628bf1ff7498790df6978725719ea99de8fb4807ae9cb9a5ea6,6ccf2b2d3c82ce0d67e869b9827a0afbf38df6c8ef939b93f0785db95cdbe13d,1.5,1.5,0.22202171385288239,0.999999995257023,12.999297416121173,0,0,0,atrim=duration=1.5;afade=t=out:st=1.0:d=0.5,
assets/audio/units/ornn/play_vo_ornn_death3d_r3_zh_cn.wav,assets/audio/units/ornn/play_vo_ornn_death3d_r3_zh_cn.wav,已重导,d449cd4577007a5dec972140e96a84346c0d3202d42dff142706a5456640bd7e,b3c1f0e14c25c8482e9275a9f34539269ede268b8827a49bdfd3bc1b67308fc1,1.5,1.5,0.2101428359746933,0.9999999871251884,12.999190285018678,0,0,0,atrim=duration=1.5;afade=t=out:st=1.0:d=0.5,
assets/audio/units/pantheon/pantheon_r_arrival_original.wav,assets/audio/units/pantheon/pantheon_r_arrival_original.wav,已重导,58e11435c486ca321d8e763a099929ea2e097e39df9b0a895aa65ffa103d5681,d2f6ee9aa8f256059d2eee84ed60a971cbf64d142b461ad466c143940bfb0a47,3.45,3.45,0.3427095115184784,0.9683390107758891,,0,0,0,,"[0:a]adelay=0:all=1[a0];[1:a]adelay=200:all=1[a1];[2:a]adelay=200:all=1[a2];[3:a]adelay=650:all=1[a3];[4:a]adelay=650:all=1[a4];[5:a]adelay=1300:all=1[a5];[a0][a1][a2][a3][a4][a5]amix=inputs=6:normalize=0,atrim=duration=3.45,afade=t=out:st=3.33:d=0.12[out]"
assets/audio/units/pantheon/play_sfx_pantheon_death3d.wav,assets/audio/units/pantheon/play_sfx_pantheon_death3d.wav,已重导,85ec33e0e86e5914908f6588774cd871cd074e80304f02e704fd5ed725a11a91,9f30425a41f1895d99f1555200686d27bd51beb9390da920c07434d3a3851ceb,1.5,1.5,0.15822190046310425,0.9999999830262462,14.679600825563073,0,0,0,atrim=duration=1.5;afade=t=out:st=1.0:d=0.5,
assets/audio/units/pantheon/play_sfx_pantheon_pantheonbasicattack2_oncast_r1.wav,assets/audio/units/pantheon/play_sfx_pantheon_pantheonbasicattack2_oncast_r1.wav,已重导,528f993bc736a607d8c9fd469fb7913036cb12fe527183d55edfca39a2a59f72,3aba9cfc19320577e61f2cc1ad9cc9e9f790a73c2479ec2db0e5accb5e236049,0.9499092970521542,0.9499092970521542,0.11884686350822449,0.9999999702290029,16.679606554104886,0,0,0,,
assets/audio/units/pantheon/play_sfx_pantheon_pantheonbasicattack2_oncast_r2.wav,assets/audio/units/pantheon/play_sfx_pantheon_pantheonbasicattack2_oncast_r2.wav,已重导,331c3c4695f2bc8883ea83c4c2a6884040fb6bbf295df9134d882be296419129,6ce913a7d6d713aa7f8194c51f7c9e2dcde16795d1c2141d93508cc8672cbd14,0.8723582766439909,0.8723582766439909,0.11750268191099167,0.999999971510635,16.679689055936,0,0,0,,
assets/audio/units/pantheon/play_sfx_pantheon_pantheonbasicattack2_oncast_r3.wav,assets/audio/units/pantheon/play_sfx_pantheon_pantheonbasicattack2_oncast_r3.wav,已重导,b3a08a1a75b668404ab758f719a4faf6603c462bdc6e86f403f3284e13a6d670,c03a786ddfcc971086278e4f5a26637e2d9935af421c66f9c7701455126df9c6,0.9115192743764172,0.9115192743764172,0.12247584015130997,0.9999999720908664,16.679672182372467,0,0,0,,
assets/audio/units/pantheon/play_sfx_pantheon_pantheonbasicattack2_onhit_1559186049_1153642577_r1.wav,assets/audio/units/pantheon/play_sfx_pantheon_pantheonbasicattack2_onhit_1559186049_1153642577_r1.wav,已重导,7b9f15954d2ee5180f4653bbde7b6d97fbec58dc0fd262528521eb47306252fc,c85f05f8a8e7be06ac5cd5799fbd617bce171ff6b3edf5a4a5d88bc18a2cd31d,0.8914285714285715,0.8914285714285715,0.17544761300086975,0.9999999902998368,13.679629468700451,0,0,0,,
assets/audio/units/pantheon/play_sfx_pantheon_pantheonbasicattack2_onhit_1559186049_1153642577_r2.wav,assets/audio/units/pantheon/play_sfx_pantheon_pantheonbasicattack2_onhit_1559186049_1153642577_r2.wav,已重导,ccec0019a4172740978003a4332515ec3bf7a1e226d78e657a820e32284fdd13,1a6aa3053650eba0d924aec23f23d9b025eb5717a141797f4c4862d597104f7f,0.8491156462585034,0.8491156462585034,0.18428483605384827,0.9999999914866029,13.679626878498583,0,0,0,,
assets/audio/units/pantheon/play_sfx_pantheon_pantheonbasicattack2_onhit_1559186049_1153642577_r3.wav,assets/audio/units/pantheon/play_sfx_pantheon_pantheonbasicattack2_onhit_1559186049_1153642577_r3.wav,已重导,4e7ca48357ee155560832c4897ea59a853bdde718a36cadcf895746e585251be,e75949e8a88fbb1def956eb0565d15f57341bf18b10b018f2296d36cf585aee5,0.8230839002267574,0.8230839002267574,0.1807616800069809,0.9999999906133319,13.679644635483768,0,0,0,,
assets/audio/units/pantheon/play_sfx_pantheon_pantheonbasicattack3_oncast_r1.wav,assets/audio/units/pantheon/play_sfx_pantheon_pantheonbasicattack3_oncast_r1.wav,已重导,a41cd18391165ec9d47879a8e5ba7f3bdbe0b9a8d8609f1f3b3191d7ad794f53,bc83a992bf9657763b07036b9fe9f94a8b5611ef0c2b279e5d6dec1788faea92,1.0438321995464852,1.0438321995464852,0.10892841964960098,0.9999999709645444,17.679654338160084,0,0,0,,
assets/audio/units/pantheon/play_sfx_pantheon_pantheonbasicattack3_oncast_r2.wav,assets/audio/units/pantheon/play_sfx_pantheon_pantheonbasicattack3_oncast_r2.wav,已重导,196629ac7937836a32952493adb7bf8d4c7c6f0a803fc31c9a31a5e0d58c4fcf,e8fba2fbe42ec50e3b506de317f980628820720aac1a330a2134a5b977d1e21a,0.9246938775510204,0.9246938775510204,0.11233552545309067,0.9999999671694718,17.679665328779436,0,0,0,,
assets/audio/units/pantheon/play_sfx_pantheon_pantheonbasicattack3_oncast_r3.wav,assets/audio/units/pantheon/play_sfx_pantheon_pantheonbasicattack3_oncast_r3.wav,已重导,2c89395f9eb652735855fd9d84c76567e159ad7154483a2d668b74b74b2b3f21,fd72d9701754bf1190090eadfe0ab802247aacd1e1da99c6a8b80fbce049e1ec,0.9986848072562359,0.9986848072562359,0.11517971009016037,0.9999999717331558,17.679679878858025,0,0,0,,
assets/audio/units/pantheon/play_sfx_pantheon_pantheonbasicattack3_onhit_1559186049_1153642577_r1.wav,assets/audio/units/pantheon/play_sfx_pantheon_pantheonbasicattack3_onhit_1559186049_1153642577_r1.wav,已重导,b59d23e10859b8a770d43ed81e5f6c055651ab058eff74b482f08504c374fe1a,d5fb68d33dd61a5f3df7d10370dda39caa2c557e7768d75a69a005bfcc8023a9,0.8706349206349207,0.8706349206349207,0.1845090091228485,0.9999999818771357,13.679636439213034,0,0,0,,
assets/audio/units/pantheon/play_sfx_pantheon_pantheonbasicattack3_onhit_1559186049_1153642577_r2.wav,assets/audio/units/pantheon/play_sfx_pantheon_pantheonbasicattack3_onhit_1559186049_1153642577_r2.wav,已重导,74cd3bebda65373a7be6a3ca8f55afa9b3aa3a23873ed82ad6433205ac4606ab,2560ceeda64122729f32128355a73e460a037cef93b7fefbd3bd25c226c27544,0.8958503401360545,0.8958503401360545,0.17678852379322052,0.9999999863748841,13.679641631572677,0,0,0,,
assets/audio/units/pantheon/play_sfx_pantheon_pantheonbasicattack3_onhit_1559186049_1153642577_r3.wav,assets/audio/units/pantheon/play_sfx_pantheon_pantheonbasicattack3_onhit_1559186049_1153642577_r3.wav,已重导,82a53d38c25ff63a82d555474330b0aa281a9b284630500daa88c95a1ae7d616,28f58a3f633a97a86836c4ae9a6df0e8300df5e1e4844b2fd322916fbb7e30ae,0.840453514739229,0.840453514739229,0.18150216341018677,0.9999999807312453,13.679619559879704,0,0,0,,
assets/audio/units/pantheon/play_sfx_pantheon_pantheonbasicattack_oncast_r1.wav,assets/audio/units/pantheon/play_sfx_pantheon_pantheonbasicattack_oncast_r1.wav,已重导,f5339872e1ab63e2750ad9acaf6026c0c97e8faeddb0121d649c79539d7c4c60,20f5d7059457bc2d2f07362fb99913fd06488fa22008d53ac3d649a81691b58c,0.9893877551020408,0.9893877551020408,0.08769962936639786,0.9999999592088686,19.67960923009214,0,0,0,,
assets/audio/units/pantheon/play_sfx_pantheon_pantheonbasicattack_oncast_r2.wav,assets/audio/units/pantheon/play_sfx_pantheon_pantheonbasicattack_oncast_r2.wav,已重导,8e968e605fd9fa9965f0cf0a4a70c2039719794db7ed109d286a26761d0451f5,40662cc74fb69c8940bcc3542e67fcf57ec1df50d07ca42f3dacd00499278b8a,1.0559410430839002,1.0559410430839002,0.08850222080945969,0.9999999497672158,19.679613137164935,0,0,0,,
assets/audio/units/pantheon/play_sfx_pantheon_pantheonbasicattack_oncast_r3.wav,assets/audio/units/pantheon/play_sfx_pantheon_pantheonbasicattack_oncast_r3.wav,已重导,ad71af980badca4ec439916e53ccdde02bd97d2f0ecc47cec8b0930f44f7df52,87939d7e6ce377eff83379d15e4df2e3b04ba1683b62270beba764e7f7523f70,1.019047619047619,1.019047619047619,0.08366351574659348,0.9999999528594016,19.679691899531594,0,0,0,,
assets/audio/units/pantheon/play_sfx_pantheon_pantheonbasicattack_onhit_1559186049_1153642577_r1.wav,assets/audio/units/pantheon/play_sfx_pantheon_pantheonbasicattack_onhit_1559186049_1153642577_r1.wav,已重导,b59d23e10859b8a770d43ed81e5f6c055651ab058eff74b482f08504c374fe1a,a91efbcb7a7409a6458109b397297035cc15fe9c9d49376ed912bba873a8f54e,0.8706349206349207,0.8706349206349207,0.2322830855846405,0.9999999883869977,11.6796572993881,0,0,0,,
assets/audio/units/pantheon/play_sfx_pantheon_pantheonbasicattack_onhit_1559186049_1153642577_r2.wav,assets/audio/units/pantheon/play_sfx_pantheon_pantheonbasicattack_onhit_1559186049_1153642577_r2.wav,已重导,82a53d38c25ff63a82d555474330b0aa281a9b284630500daa88c95a1ae7d616,834b75f359fd1756ae5322d19697762c052b5ee108f84c2528f3bda353dc556b,0.840453514739229,0.840453514739229,0.2284976840019226,0.9999999877927285,11.679657011065894,0,0,0,,
assets/audio/units/pantheon/play_sfx_pantheon_pantheonbasicattack_onhit_1559186049_1153642577_r3.wav,assets/audio/units/pantheon/play_sfx_pantheon_pantheonbasicattack_onhit_1559186049_1153642577_r3.wav,已重导,74cd3bebda65373a7be6a3ca8f55afa9b3aa3a23873ed82ad6433205ac4606ab,bf1d067c87b54c84fd137af0d12304ee39ac21c7a85847384dd6d6a3bc4d4a8b,0.8958503401360545,0.8958503401360545,0.22256356477737427,0.9999999911949511,11.679647325231954,0,0,0,,
assets/audio/units/pantheon/play_sfx_pantheon_pantheonpassiveready_onbuffactivate.wav,assets/audio/units/pantheon/play_sfx_pantheon_pantheonpassiveready_onbuffactivate.wav,已重导,c3814b3ae3aa47853506783793f41d828b7df685212af75f5cd1bcf688f4cd21,e8ccdf0810f58583e7f9786f678e03a3a9b0080053db580d2f37f1b9b96ca442,2.6789115646258503,2.6789115646258503,0.14329232275485992,0.999999984287268,15.67966263338979,0,0,0,,
assets/audio/units/pantheon/play_sfx_pantheon_pantheonqtap_cast_empowered_lua_r1.wav,assets/audio/units/pantheon/play_sfx_pantheon_pantheonqtap_cast_empowered_lua_r1.wav,已重导,6124daece6315737534d0c8ad74a98710630e783b6846de7ea90b0f99bc74c0e,43c69ad75be3134fa9a4333ebe27e861a960b1d2e92a180016ed75a83da7ae62,1.3475736961451248,1.3475736961451248,0.22698354721069336,0.9999999922753399,10.679658336353658,0,0,0,,
assets/audio/units/pantheon/play_sfx_pantheon_pantheonqtap_cast_empowered_lua_r2.wav,assets/audio/units/pantheon/play_sfx_pantheon_pantheonqtap_cast_empowered_lua_r2.wav,已重导,b5ba345a34f5ebf3effdbd2b9ed42ab5e81f531b2d12cddea3c2e57662f923d5,b74d1d3e182c57388c12264e9c0af65383cf689dd6528563e822574329a45a2a,1.4243083900226758,1.4243083900226758,0.23555853962898254,0.9999999922066048,10.679644715805507,0,0,0,,
assets/audio/units/pantheon/play_sfx_pantheon_pantheonqtap_cast_empowered_lua_r3.wav,assets/audio/units/pantheon/play_sfx_pantheon_pantheonqtap_cast_empowered_lua_r3.wav,已重导,244a9f38f956f783a7219ac591beb2e4d9705ffea8a4b294150db87db9c49ddb,57709c1b189b41871c0c7620287d9e68b106587533e332afd4569b400c59694a,1.3133333333333332,1.3133333333333332,0.25162163376808167,0.9999999952548034,10.679647765184633,0,0,0,,
assets/audio/units/pantheon/play_sfx_pantheon_pantheonqtap_cast_lua_r1.wav,assets/audio/units/pantheon/play_sfx_pantheon_pantheonqtap_cast_lua_r1.wav,已重导,340b50e63b439b97a9807a138bdde1532bf7a2a2e7143eaca79b5d76a9c628c6,d598be3c6f927e006ed2a16536156e4301123d2f9e682840f6f6adde57c031a9,1.1691156462585035,1.1691156462585035,0.203833669424057,0.9999999847612061,12.679650171006775,0,0,0,,
assets/audio/units/pantheon/play_sfx_pantheon_pantheonqtap_cast_lua_r2.wav,assets/audio/units/pantheon/play_sfx_pantheon_pantheonqtap_cast_lua_r2.wav,已重导,fadfda33b7fb54c18c15dee26f616db7a22b6722c6beaca952501a8183fe9a02,8881233b6e94a373d63a19dc027c9d8e76e864f1139972dcf8940a468e6e4bcf,1.1164625850340135,1.1164625850340135,0.18821224570274353,0.9999999860088277,12.679620493257728,0,0,0,,
assets/audio/units/pantheon/play_sfx_pantheon_pantheonqtap_cast_lua_r3.wav,assets/audio/units/pantheon/play_sfx_pantheon_pantheonqtap_cast_lua_r3.wav,已重导,c1b8de2e32e9a90ff70f87a3d06ee25e036520ba8212203d7f178fc4fa10742e,226f2c085212c9ba3376df8446bd8e2d584dcefab3a4fce24ed1fe0f356bb58b,1.1597278911564626,1.1597278911564626,0.1812172532081604,0.999999985062902,12.6796450399441,0,0,0,,
assets/audio/units/pantheon/play_sfx_pantheon_pantheonqtap_hit_empowered_vfx_r1.wav,assets/audio/units/pantheon/play_sfx_pantheon_pantheonqtap_hit_empowered_vfx_r1.wav,已重导,07f5d43b9b7af3e2bbfb029987391f8f792ee6dc8599f37e71d90df09cde6ed9,c8febb88d475335e06f5799e9b19615fa61d91e0c4a588fe16e4eafc3188993e,2.5719727891156463,2.5719727891156463,0.27922913432121277,0.9999999932590001,8.679662612015264,0,0,0,,
assets/audio/units/pantheon/play_sfx_pantheon_pantheonqtap_hit_empowered_vfx_r2.wav,assets/audio/units/pantheon/play_sfx_pantheon_pantheonqtap_hit_empowered_vfx_r2.wav,已重导,bcb0a57c41b63e2a5cfb3fc186bbe802e2ca9285d7d98964541983f5948a192f,7bd015642674a1ecffafba571358ffa12d3a966db930bad0e6d541fa430cb8fd,2.3811791383219956,2.3811791383219956,0.3146688640117645,0.9999999942650396,8.679657115732544,0,0,0,,
assets/audio/units/pantheon/play_sfx_pantheon_pantheonqtap_hit_empowered_vfx_r3.wav,assets/audio/units/pantheon/play_sfx_pantheon_pantheonqtap_hit_empowered_vfx_r3.wav,已重导,b3d9ab3fb56053a8d3a3638a381b0c213e18ade1e24107bc65cbbc1996d6578c,1fe5a55d915d2f9705289f655fab12f585ce227f0e844daaeb87d550800c84ed,2.5601587301587303,2.5601587301587303,0.3132005035877228,0.999999995342453,8.679649877562085,0,0,0,,
assets/audio/units/pantheon/play_sfx_pantheon_pantheonqtap_hit_vfx_r1.wav,assets/audio/units/pantheon/play_sfx_pantheon_pantheonqtap_hit_vfx_r1.wav,已重导,f4c6e52855b1daa033b42dc92cc6b38b6a8d9a5c596e43828c1680958563d4a8,faac89f868fb1c43efc289285833f48f286c604450919a9c6cf513093fe6fea6,1.4680498866213152,1.4680498866213152,0.27941837906837463,0.9999999917127603,9.67963852105472,0,0,0,,
assets/audio/units/pantheon/play_sfx_pantheon_pantheonqtap_hit_vfx_r2.wav,assets/audio/units/pantheon/play_sfx_pantheon_pantheonqtap_hit_vfx_r2.wav,已重导,f5cb8a5930d0ea5a122ea173ea2bdcc4cfe5965a5f85d4576937edd1f8a90017,dfe1c88bb83d6e7a885f26598c5964aceb7c02ac40030f426c72bc0d5e666ec7,1.595124716553288,1.595124716553288,0.26339587569236755,0.9999999912389028,9.67966962448979,0,0,0,,
assets/audio/units/pantheon/play_sfx_pantheon_pantheonqtap_hit_vfx_r3.wav,assets/audio/units/pantheon/play_sfx_pantheon_pantheonqtap_hit_vfx_r3.wav,已重导,8bc917f49b424d5d108295a764f6ab81b592cbdb0210183859206ad1590d3f61,443f0f90f1dbc720d83dd8ab3f8b8bad775abb755fcbfdf8e9b522e2cb2e6a7f,1.5690249433106576,1.5690249433106576,0.26745185256004333,0.9999999889775564,9.679661965481692,0,0,0,,
assets/audio/units/pantheon/play_vo_pantheon_death3d_r1_zh_cn.wav,assets/audio/units/pantheon/play_vo_pantheon_death3d_r1_zh_cn.wav,已重导,944a7d89b2fed1d21c0779a3a72e28edcb816b14d071ca6aa14269ff36304b77,8086182f44a432aaba231af2427c55a620fcee1832e8cc0eb53ebad4363c1165,1.5,1.5,0.32427480816841125,0.9999999869104104,7.999032143916299,0,0,0,atrim=duration=1.5;afade=t=out:st=1.0:d=0.5,
assets/audio/units/pantheon/play_vo_pantheon_death3d_r2_zh_cn.wav,assets/audio/units/pantheon/play_vo_pantheon_death3d_r2_zh_cn.wav,已重导,b2c8f135a26939d51ca8330d89b05a628a4afae0ad7d72d94a2f3d41de2a5803,84d0c13195d419bd1460b5e96b30a696511e624281101fa80bd252f90978dff4,1.5,1.5,0.3652722239494324,0.9999999928617752,7.99925156111195,0,0,0,atrim=duration=1.5;afade=t=out:st=1.0:d=0.5,
assets/audio/units/pantheon/play_vo_pantheon_death3d_r3_zh_cn.wav,assets/audio/units/pantheon/play_vo_pantheon_death3d_r3_zh_cn.wav,已重导,bfce5c6f9e5766e6f9cc89da5bc613d95350a31296b32bb21929e37c1bcf4000,beefe824af0e4f6a1e7b8b5c6e6a41550ab21574106e354b2542ddfc0599f3e8,1.5,1.5,0.367837518453598,0.9999999934097651,7.999260349868744,0,0,0,atrim=duration=1.5;afade=t=out:st=1.0:d=0.5,
assets/audio/units/pix/play_sfx_lulu_lulupassivemissile_hit_r1.wav,assets/audio/units/pix/play_sfx_lulu_lulupassivemissile_hit_r1.wav,已重导,e85f7eac8cc4bbf8557f11ebc0253a6255817abff0886304e2a5865cf25ca908,1a3c013e32b3f3ea10071acb2f135cc95b170eba8999de54a921a404cc5d7719,0.4905215419501134,0.4905215419501134,0.06269665062427521,0.9999988685578521,-0.00827582353570357,0,0,0,,
assets/audio/units/pix/play_sfx_lulu_lulupassivemissile_hit_r2.wav,assets/audio/units/pix/play_sfx_lulu_lulupassivemissile_hit_r2.wav,已重导,1bb3bc7fb7cabf2bf627b6d63aa1fcf1dcda9412aae98f26c170d54df0c5aed1,89591c09c83922b7151168d3e88682aae5047c251d766963e4ddca2d39744a53,0.48471655328798186,0.48471655328798186,0.06078498438000679,0.9999989119943729,-0.008655127136626395,0,0,0,,
assets/audio/units/pix/play_sfx_lulu_lulupassivemissile_hit_r3.wav,assets/audio/units/pix/play_sfx_lulu_lulupassivemissile_hit_r3.wav,已重导,2afca56a81cbca0093d62c4fb7fbf1d47aeb91bb4347d9c621d40cabbe06263b,b1f70fe748993f73deed0a4aa01dac1c83e11f4d3b5544d5622144863eb58aa2,0.4704081632653061,0.4704081632653061,0.05943848937749863,0.9999989920683914,-0.008871208815212072,0,0,0,,
assets/audio/units/pix/play_sfx_lulu_lulupassivemissilecontroller_onmissilecast_r1.wav,assets/audio/units/pix/play_sfx_lulu_lulupassivemissilecontroller_onmissilecast_r1.wav,已重导,0684269a8bf1396ab4ccd3a0466a197a50cabd8f57e1803a779c7028a70a49d0,c90265a3b57d9746d8159983530d7665cac2e346605993aa1ab689755b8a077d,0.4575056689342404,0.4575056689342404,0.22067485749721527,0.9999999012492001,-0.003263727814485956,0,0,0,,
assets/audio/units/pix/play_sfx_lulu_lulupassivemissilecontroller_onmissilecast_r2.wav,assets/audio/units/pix/play_sfx_lulu_lulupassivemissilecontroller_onmissilecast_r2.wav,已重导,31d3ecf8efe863088bd222fa84f1af12857ee7fa4429977ffe5377db611f2f8f,64b3591cefd58e024e621251eadd92d79c029c02259e9a87e1d182f2b0fecaa9,0.45970521541950116,0.45970521541950116,0.17339035868644714,0.9999998601677763,-0.0034927641028606065,0,0,0,,
assets/audio/units/pix/play_sfx_lulu_lulupassivemissilecontroller_onmissilecast_r3.wav,assets/audio/units/pix/play_sfx_lulu_lulupassivemissilecontroller_onmissilecast_r3.wav,已重导,9e4026eb72131d8a3072da39de9240c616954d1ff8a6ed5434ef84dc8d341335,74cbefa2d4d10a5d624e2aaa8c65ad8b6029ae44c9e77413e23c8e465aeea4be,0.6422675736961452,0.6422675736961452,0.2063986212015152,0.999999902892465,-0.0029535148945601945,0,0,0,,
assets/audio/units/ranged_minion/chaos/play_sfx_sru_chaosminionranged_sru_chaosminionrangedbasicattack2_oncast_r1.wav,assets/audio/units/ranged_minion/chaos/play_sfx_sru_chaosminionranged_sru_chaosminionrangedbasicattack2_oncast_r1.wav,已重导,1cd39f115b221f2b1b6f24f229db12d9669c8369f0467360085862b7b4770825,5a92154fb8a06c3427eb6f0573cbed0681b35418c32c139a87c9114b1276abc8,1.3128798185941044,1.3128798185941044,0.0014309639809653163,0.9987675466192826,-0.35651581462619036,0,0,0,,
assets/audio/units/ranged_minion/chaos/play_sfx_sru_chaosminionranged_sru_chaosminionrangedbasicattack2_oncast_r2.wav,assets/audio/units/ranged_minion/chaos/play_sfx_sru_chaosminionranged_sru_chaosminionrangedbasicattack2_oncast_r2.wav,已重导,36ec6036dad12da78098cd779a88cb4fbb4e6ae4bdea7bd40b5ca5def7a97ec3,805893136e07620f0fa92af76c3e0807a7d5cd6e2aac5276ae464a2409d963f8,1.3740362811791382,1.3740362811791382,0.0013996573397889733,0.9987291652656415,-0.3878275282510451,0,0,0,,
assets/audio/units/ranged_minion/chaos/play_sfx_sru_chaosminionranged_sru_chaosminionrangedbasicattack2_oncast_r3.wav,assets/audio/units/ranged_minion/chaos/play_sfx_sru_chaosminionranged_sru_chaosminionrangedbasicattack2_oncast_r3.wav,已重导,360c7170fb211c17060b1ab9d7ba13d3bc6f75e496c57bb65b4bef60aa868f20,ffc64987542f73b5ae9c9a037b2b826477a630f8da5bd6d0fd5cec859cf81bab,1.4667120181405895,1.4667120181405895,0.0014941057888790965,0.9985680857759679,-0.34447533449110274,0,0,0,,
assets/audio/units/ranged_minion/chaos/play_sfx_sru_chaosminionranged_sru_chaosminionrangedbasicattack2_onhit_r1.wav,assets/audio/units/ranged_minion/chaos/play_sfx_sru_chaosminionranged_sru_chaosminionrangedbasicattack2_onhit_r1.wav,已重导,f96ce0412164079da4777de4d0a26c677a602fc141f4a2556533c2765ba31550,48ccfb655992b443eeef689d130d01cf85e8491d8f28e7ed9ffb6d31f1b52be8,1.0565759637188208,1.0565759637188208,0.001836162991821766,0.9992923054655375,-0.24473444796644314,0,0,0,,
assets/audio/units/ranged_minion/chaos/play_sfx_sru_chaosminionranged_sru_chaosminionrangedbasicattack2_onhit_r2.wav,assets/audio/units/ranged_minion/chaos/play_sfx_sru_chaosminionranged_sru_chaosminionrangedbasicattack2_onhit_r2.wav,已重导,025764e37f743e8b0c8e6f7bdf71909f46ab4ddcb0f5ee4564f7a53f617af4c2,a16159e3dcd051e544567e287345ecdf207fa767c32c095904d51a10e4deb048,0.9225396825396825,0.9225396825396825,0.0018980917520821095,0.9995264271376828,-0.19512477516277527,0,0,0,,
assets/audio/units/ranged_minion/chaos/play_sfx_sru_chaosminionranged_sru_chaosminionrangedbasicattack2_onhit_r3.wav,assets/audio/units/ranged_minion/chaos/play_sfx_sru_chaosminionranged_sru_chaosminionrangedbasicattack2_onhit_r3.wav,已重导,5ab6593646ccb403e82e436264b68b155c3ca66cb7956bb5d8d4cbab98b23af9,d47254501290d949b2dfce097bb7bc353ba9ef4d398f9eb8afe1931788fc190d,0.7402721088435374,0.7402721088435374,0.0016506925458088517,0.9991994190622303,-0.2846365337502216,0,0,0,,
assets/audio/units/ranged_minion/chaos/play_sfx_sru_chaosminionranged_sru_chaosminionrangedbasicattack_oncast_r1.wav,assets/audio/units/ranged_minion/chaos/play_sfx_sru_chaosminionranged_sru_chaosminionrangedbasicattack_oncast_r1.wav,已重导,1cd39f115b221f2b1b6f24f229db12d9669c8369f0467360085862b7b4770825,5a92154fb8a06c3427eb6f0573cbed0681b35418c32c139a87c9114b1276abc8,1.3128798185941044,1.3128798185941044,0.0014309639809653163,0.9987675466192826,-0.35651581462619036,0,0,0,,
assets/audio/units/ranged_minion/chaos/play_sfx_sru_chaosminionranged_sru_chaosminionrangedbasicattack_oncast_r2.wav,assets/audio/units/ranged_minion/chaos/play_sfx_sru_chaosminionranged_sru_chaosminionrangedbasicattack_oncast_r2.wav,已重导,36ec6036dad12da78098cd779a88cb4fbb4e6ae4bdea7bd40b5ca5def7a97ec3,805893136e07620f0fa92af76c3e0807a7d5cd6e2aac5276ae464a2409d963f8,1.3740362811791382,1.3740362811791382,0.0013996573397889733,0.9987291652656415,-0.3878275282510451,0,0,0,,
assets/audio/units/ranged_minion/chaos/play_sfx_sru_chaosminionranged_sru_chaosminionrangedbasicattack_oncast_r3.wav,assets/audio/units/ranged_minion/chaos/play_sfx_sru_chaosminionranged_sru_chaosminionrangedbasicattack_oncast_r3.wav,已重导,360c7170fb211c17060b1ab9d7ba13d3bc6f75e496c57bb65b4bef60aa868f20,ffc64987542f73b5ae9c9a037b2b826477a630f8da5bd6d0fd5cec859cf81bab,1.4667120181405895,1.4667120181405895,0.0014941057888790965,0.9985680857759679,-0.34447533449110274,0,0,0,,
assets/audio/units/ranged_minion/chaos/play_sfx_sru_chaosminionranged_sru_chaosminionrangedbasicattack_onhit_r1.wav,assets/audio/units/ranged_minion/chaos/play_sfx_sru_chaosminionranged_sru_chaosminionrangedbasicattack_onhit_r1.wav,已重导,f96ce0412164079da4777de4d0a26c677a602fc141f4a2556533c2765ba31550,48ccfb655992b443eeef689d130d01cf85e8491d8f28e7ed9ffb6d31f1b52be8,1.0565759637188208,1.0565759637188208,0.001836162991821766,0.9992923054655375,-0.24473444796644314,0,0,0,,
assets/audio/units/ranged_minion/chaos/play_sfx_sru_chaosminionranged_sru_chaosminionrangedbasicattack_onhit_r2.wav,assets/audio/units/ranged_minion/chaos/play_sfx_sru_chaosminionranged_sru_chaosminionrangedbasicattack_onhit_r2.wav,已重导,025764e37f743e8b0c8e6f7bdf71909f46ab4ddcb0f5ee4564f7a53f617af4c2,a16159e3dcd051e544567e287345ecdf207fa767c32c095904d51a10e4deb048,0.9225396825396825,0.9225396825396825,0.0018980917520821095,0.9995264271376828,-0.19512477516277527,0,0,0,,
assets/audio/units/ranged_minion/chaos/play_sfx_sru_chaosminionranged_sru_chaosminionrangedbasicattack_onhit_r3.wav,assets/audio/units/ranged_minion/chaos/play_sfx_sru_chaosminionranged_sru_chaosminionrangedbasicattack_onhit_r3.wav,已重导,5ab6593646ccb403e82e436264b68b155c3ca66cb7956bb5d8d4cbab98b23af9,d47254501290d949b2dfce097bb7bc353ba9ef4d398f9eb8afe1931788fc190d,0.7402721088435374,0.7402721088435374,0.0016506925458088517,0.9991994190622303,-0.2846365337502216,0,0,0,,
assets/audio/units/ranged_minion/order/play_sfx_sru_orderminionranged_sru_orderminionrangedbasicattack2_oncast_r1.wav,assets/audio/units/ranged_minion/order/play_sfx_sru_orderminionranged_sru_orderminionrangedbasicattack2_oncast_r1.wav,已重导,f7480cadfb92ac2bdae13c917441bd3195155a5e384cafc33fc37a920dd7dda8,b7586ab5093854543712a4fe31e1daa945975bbd81b1bcd00addc9086cdf3cc7,1.7096371882086168,1.7096371882086168,0.0015396615490317345,0.9987646384401216,-0.34856996761018566,0,0,0,,
assets/audio/units/ranged_minion/order/play_sfx_sru_orderminionranged_sru_orderminionrangedbasicattack2_oncast_r2.wav,assets/audio/units/ranged_minion/order/play_sfx_sru_orderminionranged_sru_orderminionrangedbasicattack2_oncast_r2.wav,已重导,2594065e2a2908261edbf41a7c0625caf53f7ecdf5588655753b96bc03e8e71c,c500982295690603b1d4dc7a7c54b9ba06494eaf8db7bb4dcd84eb36734b5ec7,1.6226757369614513,1.6226757369614513,0.0015234084567055106,0.998640204149829,-0.38795473239251643,0,0,0,,
assets/audio/units/ranged_minion/order/play_sfx_sru_orderminionranged_sru_orderminionrangedbasicattack2_oncast_r3.wav,assets/audio/units/ranged_minion/order/play_sfx_sru_orderminionranged_sru_orderminionrangedbasicattack2_oncast_r3.wav,已重导,468b287c9a3c6e12af0587c9f811c32ff246ef6a3260d0ae20bc918d219fb6f6,bc9c63f286375757afad283db81b973e81fc2c73b837a1d331843a03cb592718,1.570702947845805,1.570702947845805,0.0014751226408407092,0.9985554446934369,-0.332281914667626,0,0,0,,
assets/audio/units/ranged_minion/order/play_sfx_sru_orderminionranged_sru_orderminionrangedbasicattack2_onhit_r1.wav,assets/audio/units/ranged_minion/order/play_sfx_sru_orderminionranged_sru_orderminionrangedbasicattack2_onhit_r1.wav,已重导,d6adaeb533088af67e4e6d9ab054f171c2f470ae5302a51fb7a396e1c99f94ca,5f386bb73194f7546dc11d48006cf98ca16cdf4eebc7e8ec354e581b13093707,1.0649206349206348,1.0649206349206348,0.0016380250453948975,0.9989836918994557,-0.29233566155869745,0,0,0,,
assets/audio/units/ranged_minion/order/play_sfx_sru_orderminionranged_sru_orderminionrangedbasicattack2_onhit_r2.wav,assets/audio/units/ranged_minion/order/play_sfx_sru_orderminionranged_sru_orderminionrangedbasicattack2_onhit_r2.wav,已重导,28b28409af3d71b992973cd7b963acd9ab37b8300736d89633520a5fa694bfff,5ae87b1a04195077d7ac02b49e18265bde15eb935acb5f480cb5f5623688beb3,0.9229251700680272,0.9229251700680272,0.001712005352601409,0.9993607920965771,-0.22638324431154233,0,0,0,,
assets/audio/units/ranged_minion/order/play_sfx_sru_orderminionranged_sru_orderminionrangedbasicattack2_onhit_r3.wav,assets/audio/units/ranged_minion/order/play_sfx_sru_orderminionranged_sru_orderminionrangedbasicattack2_onhit_r3.wav,已重导,96dc48ae1c8aa2cc98eb096721ffb370547437bd8d6eb71d523ad1fd45a8c871,a5312664b197c41658a6f5be75daf9af7174f93e26cd2712ecfeea9382616d16,0.9073922902494331,0.9073922902494331,0.0015186434611678123,0.9991066146355146,-0.3167795507387177,0,0,0,,
assets/audio/units/ranged_minion/order/play_sfx_sru_orderminionranged_sru_orderminionrangedbasicattack_oncast_r1.wav,assets/audio/units/ranged_minion/order/play_sfx_sru_orderminionranged_sru_orderminionrangedbasicattack_oncast_r1.wav,已重导,f7480cadfb92ac2bdae13c917441bd3195155a5e384cafc33fc37a920dd7dda8,b7586ab5093854543712a4fe31e1daa945975bbd81b1bcd00addc9086cdf3cc7,1.7096371882086168,1.7096371882086168,0.0015396615490317345,0.9987646384401216,-0.34856996761018566,0,0,0,,
assets/audio/units/ranged_minion/order/play_sfx_sru_orderminionranged_sru_orderminionrangedbasicattack_oncast_r2.wav,assets/audio/units/ranged_minion/order/play_sfx_sru_orderminionranged_sru_orderminionrangedbasicattack_oncast_r2.wav,已重导,2594065e2a2908261edbf41a7c0625caf53f7ecdf5588655753b96bc03e8e71c,c500982295690603b1d4dc7a7c54b9ba06494eaf8db7bb4dcd84eb36734b5ec7,1.6226757369614513,1.6226757369614513,0.0015234084567055106,0.998640204149829,-0.38795473239251643,0,0,0,,
assets/audio/units/ranged_minion/order/play_sfx_sru_orderminionranged_sru_orderminionrangedbasicattack_oncast_r3.wav,assets/audio/units/ranged_minion/order/play_sfx_sru_orderminionranged_sru_orderminionrangedbasicattack_oncast_r3.wav,已重导,468b287c9a3c6e12af0587c9f811c32ff246ef6a3260d0ae20bc918d219fb6f6,bc9c63f286375757afad283db81b973e81fc2c73b837a1d331843a03cb592718,1.570702947845805,1.570702947845805,0.0014751226408407092,0.9985554446934369,-0.332281914667626,0,0,0,,
assets/audio/units/ranged_minion/order/play_sfx_sru_orderminionranged_sru_orderminionrangedbasicattack_onhit_r1.wav,assets/audio/units/ranged_minion/order/play_sfx_sru_orderminionranged_sru_orderminionrangedbasicattack_onhit_r1.wav,已重导,d6adaeb533088af67e4e6d9ab054f171c2f470ae5302a51fb7a396e1c99f94ca,5f386bb73194f7546dc11d48006cf98ca16cdf4eebc7e8ec354e581b13093707,1.0649206349206348,1.0649206349206348,0.0016380250453948975,0.9989836918994557,-0.29233566155869745,0,0,0,,
assets/audio/units/ranged_minion/order/play_sfx_sru_orderminionranged_sru_orderminionrangedbasicattack_onhit_r2.wav,assets/audio/units/ranged_minion/order/play_sfx_sru_orderminionranged_sru_orderminionrangedbasicattack_onhit_r2.wav,已重导,28b28409af3d71b992973cd7b963acd9ab37b8300736d89633520a5fa694bfff,5ae87b1a04195077d7ac02b49e18265bde15eb935acb5f480cb5f5623688beb3,0.9229251700680272,0.9229251700680272,0.001712005352601409,0.9993607920965771,-0.22638324431154233,0,0,0,,
assets/audio/units/ranged_minion/order/play_sfx_sru_orderminionranged_sru_orderminionrangedbasicattack_onhit_r3.wav,assets/audio/units/ranged_minion/order/play_sfx_sru_orderminionranged_sru_orderminionrangedbasicattack_onhit_r3.wav,已重导,96dc48ae1c8aa2cc98eb096721ffb370547437bd8d6eb71d523ad1fd45a8c871,a5312664b197c41658a6f5be75daf9af7174f93e26cd2712ecfeea9382616d16,0.9073922902494331,0.9073922902494331,0.0015186434611678123,0.9991066146355146,-0.3167795507387177,0,0,0,,
assets/audio/units/rift_herald/attack_hit_1_1.wav,assets/audio/units/rift_herald/attack_hit_1_1.wav,已重导,e06e847bde3cf69a5e971bc2ccfe037908cb34cba6d938de647bdfb7a170767f,0a1bafa4b0135c8f4d372f8dda90c97034f9292deea48585bf6f2bf76ab96684,1.9457596371882087,1.9457596371882087,0.15350379049777985,0.9999997559358136,-0.0032710672816757495,0,0,0,,
assets/audio/units/rift_herald/attack_hit_1_2.wav,assets/audio/units/rift_herald/attack_hit_1_2.wav,已重导,66a3add3c3860306490e24b7f94f017102b5ea17fdd0e1e7573ed64761b7dd8f,b66352782ae8e63242c388d7b4f591d7a775072d61236560a5c778e93b1a8190,2.863219954648526,2.863219954648526,0.15294811129570007,0.9999998460645945,-0.003069396881193536,0,0,0,,
assets/audio/units/rift_herald/attack_hit_2_1.wav,assets/audio/units/rift_herald/attack_hit_2_1.wav,已重导,b560879152ec1e298e21add117875e1722c86e9d507808a9cbf781241b5f8b65,48c35abe621007ff068aab14c2f127dc01998bb2c9efe4e4ec6b54283c60df33,1.4288888888888889,1.4288888888888889,0.1831859052181244,0.9999998808471583,-0.002907729619506666,0,0,0,,
assets/audio/units/rift_herald/attack_hit_2_2.wav,assets/audio/units/rift_herald/attack_hit_2_2.wav,已重导,97524f16506b029fae5b8581e8f6c0d455fedb9ea840bee1a36cef20542dee85,1ccf3395a4865de3bb1fa1c4af233e1e59a3feecaa3cee614092012778d04914,1.4975736961451247,1.4975736961451247,0.18536388874053955,0.9999998641090652,-0.0029674689953495957,0,0,0,,
assets/audio/units/rift_herald/attack_swing_1_1.wav,assets/audio/units/rift_herald/attack_swing_1_1.wav,已重导,fd189d3710389d8988f48dade43c0f89b12c13b454f2c624355010bd972cf4fb,7852826c8617ec36664246751b8ad87e0e2990465861b55be80f77005eebb47e,1.5043310657596372,1.5043310657596372,0.2626277208328247,0.999999967403898,-0.0017234075277261162,0,0,0,,
assets/audio/units/rift_herald/attack_swing_2_1.wav,assets/audio/units/rift_herald/attack_swing_2_1.wav,已重导,085c22fc4bbb6d544b6d4cdbe3d6df2c21a5f176db1b194407a8ec0c98e9621f,e775378eb6d5ccc6fcdac521f54624c837e6fb189a062315fcc63f925f7dcee7,1.442108843537415,1.442108843537415,0.2614036202430725,0.999999971553604,-0.001817986648195939,0,0,0,,
assets/audio/units/rift_herald/death_1.wav,assets/audio/units/rift_herald/death_1.wav,已重导,7b1d997bf470beef7227c196fdf51f3d99122eb1453e3d178d0e36225ddb2b29,a7f1aaea15c6cd8229f21f135ad81a40cbed809e422ce69343a6e470920fb343,1.5,1.5,0.4774278998374939,0.9999999950277674,-0.0012555109912604713,0,0,0,atrim=duration=1.5;afade=t=out:st=1.0:d=0.5,
assets/audio/units/rift_herald/deploy_start_1.wav,assets/audio/units/rift_herald/deploy_start_1.wav,已重导,97f2e54b40a75ae74d1dacdb756e0b53d07fcd78b63810d1633d0635dd894a05,d3e30d3b295ac4dcd3465dc142fbdc216e8630297e3c6fbc3e68f0b045ab4e59,3.138707482993197,3.138707482993197,0.2758617103099823,0.9999999687498482,-0.0018765695233470458,0,0,0,,
assets/audio/units/rift_herald/rush_hit_1.wav,assets/audio/units/rift_herald/rush_hit_1.wav,已重导,2f79b858caea4b1edd22ccef1cc7ad460ead58b7fdade9087785129543a61057,0a0f0fc295e312e1d8b7ab6a97d2841fa9ff692a4fb26ed7cf564c6e47f2dd95,3.065578231292517,3.065578231292517,0.43840909004211426,0.9999999937819815,-0.0009693309247118604,0,0,0,,
assets/audio/units/rift_herald/rush_hit_2.wav,assets/audio/units/rift_herald/rush_hit_2.wav,已重导,c47abd0a747c27d3f0c8f4312e88315ebb922b3946cb814b35d9fff024dd8f0b,5b9e25da7358244dbbecc12f4eeb875c50145ff75f33eee98af0b3187c0c584c,2.2489342403628116,2.2489342403628116,0.44990575313568115,0.9999999957149026,-0.0009682057449335992,0,0,0,,
assets/audio/units/rift_herald/rush_hit_3.wav,assets/audio/units/rift_herald/rush_hit_3.wav,已重导,7c897212115f8462286774a7143cfbb9f685115b40f467c61adad7fc8f435c5e,d15dc3862696a380dfd464e64e4c45df2cb626071f9f5f4ac16199e407db2ea1,2.4859410430839004,2.4859410430839004,0.4335944950580597,0.9999999953771747,-0.000983209550695982,0,0,0,,
assets/audio/units/rift_herald/rush_hit_4.wav,assets/audio/units/rift_herald/rush_hit_4.wav,已重导,3567e69cd3cbc11e70f9b7a733db37dc7081f9020fae3c7c4068d00bef5b20d6,533ba4d2ccc13c6474a91acbb83b13b9bc0780c77ae615537b7048ff3db5ef9c,2.8484126984126985,2.8484126984126985,0.41091567277908325,0.9999999938049051,-0.0009743814994708621,0,0,0,,
assets/audio/units/rift_herald/rush_path_hit_1.wav,assets/audio/units/rift_herald/rush_path_hit_1.wav,已重导,37a9380013a3793b8ca83e3dc97277a0d4e68dee82874e49c2871a064755f3e1,2359e3713644d71143d0c149a7282beed4cefc362947e13e0efc1a6928986c1b,1.9666666666666666,1.9666666666666666,0.27144888043403625,0.9999999464294542,-0.0016057576070331115,0,0,0,,
assets/audio/units/rift_herald/rush_path_hit_2.wav,assets/audio/units/rift_herald/rush_path_hit_2.wav,已重导,2107fa2aabe6ef437cc61f725a01c65c549437ec07c43243038c244d511643af,e7f20e49ee6c1c2b82e8bc3f1d5a3eeca3a765ea7971b25904071551a4ee3362,1.9666666666666666,1.9666666666666666,0.27682575583457947,0.9999999695926965,-0.0016382659963859135,0,0,0,,
assets/audio/units/rift_herald/rush_path_hit_3.wav,assets/audio/units/rift_herald/rush_path_hit_3.wav,已重导,6c73117b3d1e7a9ab873660ca868b7cdeb85a552ffeb7134a88d9cd184c4e637,8030f536531253e6427f826faf4c6a48818b0f8f6c8a2995b3d99e693127281e,1.9666666666666666,1.9666666666666666,0.27776217460632324,0.9999999507704069,-0.0016627268923519929,0,0,0,,
assets/audio/units/rift_herald/rush_path_hit_4.wav,assets/audio/units/rift_herald/rush_path_hit_4.wav,已重导,10dff25451103dba19b0c078cd0c24a71d7a77a5c364509240f32ef80ac7cda6,3a71b46d20e066abeee06980d3923044d901bd3ef84da3818fb9b69a0264a7a3,1.9666666666666666,1.9666666666666666,0.27058225870132446,0.9999999529137706,-0.0016626284197698807,0,0,0,,
assets/audio/units/rift_herald/rush_prepare_1.wav,assets/audio/units/rift_herald/rush_prepare_1.wav,已重导,4533ae61377b288c5577cdcecf7a7f8527d3ac1a75cfe6793908c73d2ca5e64a,09421ae2dd7fb56fae28d89a6d4d3179f1ff793aa30bed9cc0bb3cf9614acfab,4.816780045351474,4.816780045351474,0.30096501111984253,0.9999999314570129,-0.002246556769377959,0,0,0,,
assets/audio/units/rift_herald/rush_start_1.wav,assets/audio/units/rift_herald/rush_start_1.wav,已重导,c437ff3318b5b421f97c317302bc6df10bcf0289283699d21962dace1615912d,984992a3349e57be9439288cafcd83adc7e5ac12fdffbcacf8699c3fa213743e,1.4999773242630385,1.4999773242630385,0.38541218638420105,0.9999999905974593,-0.0010141858779844745,0,0,0,,
assets/audio/units/rift_herald/spinning_punch_hit_1.wav,assets/audio/units/rift_herald/spinning_punch_hit_1.wav,已重导,b560879152ec1e298e21add117875e1722c86e9d507808a9cbf781241b5f8b65,48c35abe621007ff068aab14c2f127dc01998bb2c9efe4e4ec6b54283c60df33,1.4288888888888889,1.4288888888888889,0.1831859052181244,0.9999998808471583,-0.002907729619506666,0,0,0,,
assets/audio/units/rift_herald/spinning_punch_hit_2.wav,assets/audio/units/rift_herald/spinning_punch_hit_2.wav,已重导,97524f16506b029fae5b8581e8f6c0d455fedb9ea840bee1a36cef20542dee85,1ccf3395a4865de3bb1fa1c4af233e1e59a3feecaa3cee614092012778d04914,1.4975736961451247,1.4975736961451247,0.18536388874053955,0.9999998641090652,-0.0029674689953495957,0,0,0,,
assets/audio/units/rift_herald/spinning_punch_release_1.wav,assets/audio/units/rift_herald/spinning_punch_release_1.wav,已重导,71849cde5f0ed23787f513a2f768a4d2c9808564f63f5a93311d4a63c7dd90d2,a33df6c54a64acda4c9aa3aae0410080ace1f034e01c643053c186697f8703d7,2.0549433106575963,2.0549433106575963,0.38705042004585266,0.9999999636715342,-0.0014692436194279005,0,0,0,,
assets/audio/units/rift_herald/spinning_punch_start_1.wav,assets/audio/units/rift_herald/spinning_punch_start_1.wav,已重导,981a323a82ab9f847388aef4845570c188e5db55c208e32ca9c13c18afbba19a,891e4769bbd0234ded0177c4eff7608e7e5c95b9cba496dac2f527cd0a203e95,3.4199773242630385,3.4199773242630385,0.23938558995723724,0.9999998712698189,-0.0026221211808686376,0,0,0,,
assets/audio/units/sett/play_sfx_sett_respawn3d_buffactivate_intro.wav,assets/audio/units/sett/play_sfx_sett_respawn3d_buffactivate_intro.wav,已重导,75582f6e0ff846e8e160769dc5333885fc7b98ecaf6baf86654e25bbb0485a99,362d1a8324f4244b28e903d674895d33b13bd997ddaffd4b4ecddf60e49e239f,1.0,1.0,0.3224645256996155,0.9999993948674776,-0.005272029607460159,0,0,0,atrim=duration=1;afade=t=out:st=0.95:d=0.05,
assets/audio/units/sett/play_sfx_sett_settbasicattack2_cast_r1.wav,assets/audio/units/sett/play_sfx_sett_settbasicattack2_cast_r1.wav,已重导,0099966944bf801615722736dbe99a378493f1d2dc4074d1cbec5dffb9f482f5,96e55743ec33466f1c50127fb478aaa593d921f2f907ba0e1aab04ca55447ee8,0.8421995464852607,0.8421995464852607,0.19597630202770233,0.9999997565694921,-0.004091499182378536,0,0,0,,
assets/audio/units/sett/play_sfx_sett_settbasicattack2_cast_r2.wav,assets/audio/units/sett/play_sfx_sett_settbasicattack2_cast_r2.wav,已重导,7725197a58d026b7965669bb3e48a13a7e7d4a2e00e9b531add3498ebe390c5f,524c0f0c67cf960a8b14b042eb5a3bf983ef6363073109364941870b2c81dae3,0.8421995464852607,0.8421995464852607,0.17187514901161194,0.9999998337180349,-0.003496601049197917,0,0,0,,
assets/audio/units/sett/play_sfx_sett_settbasicattack2_cast_r3.wav,assets/audio/units/sett/play_sfx_sett_settbasicattack2_cast_r3.wav,已重导,646640b72aec605f26d02070e90113281f853b8b905c425574b5615602f1c4e5,a3abf523948d36bea8749f809f2a55ffebceb0ac7a7daf06f806280a6bc5e1e3,0.8421995464852607,0.8421995464852607,0.2438802719116211,0.9999997750407096,-0.003613086562099743,0,0,0,,
assets/audio/units/sett/play_sfx_sett_settbasicattack2_onhit_1559186049_1153642577_r1.wav,assets/audio/units/sett/play_sfx_sett_settbasicattack2_onhit_1559186049_1153642577_r1.wav,已重导,20d768b4af15015bfc1bdaddfd8ab744c7769431c3bed2376dfdef3515919f42,47454f1dda1030da3dc0dcc8a636212d1c1daf1880ce540e71f6b00529a8d38f,0.7938095238095239,0.7938095238095239,0.22512008249759674,0.9999999662631834,-0.001561488375543827,0,0,0,,
assets/audio/units/sett/play_sfx_sett_settbasicattack2_onhit_1559186049_1153642577_r2.wav,assets/audio/units/sett/play_sfx_sett_settbasicattack2_onhit_1559186049_1153642577_r2.wav,已重导,95523094edb501e1ad88e579f5504f39df81b4c3a54be07977a94fc79ce46220,43713dd5ecda4bbd001aedb5b87dea192dc9f702fd8cdf4886b7bcebd308fec5,0.7724036281179139,0.7724036281179139,0.23584634065628052,0.9999999618716043,-0.0016016999306957104,0,0,0,,
assets/audio/units/sett/play_sfx_sett_settbasicattack2_onhit_1559186049_1153642577_r3.wav,assets/audio/units/sett/play_sfx_sett_settbasicattack2_onhit_1559186049_1153642577_r3.wav,已重导,fe1575c4acc04ac97972ea5ebef9b0e851d765b2b7277be37a712205858feed3,98f2a34f8ea34bbd815b193ac55cfc2d55198b3353fbe0f64a6a7a0476239ffb,0.850702947845805,0.850702947845805,0.23982034623622894,0.9999999666649125,-0.001629333019830381,0,0,0,,
assets/audio/units/sett/play_sfx_sett_settbasicattack3_onhit_1559186049_1153642577_r1.wav,assets/audio/units/sett/play_sfx_sett_settbasicattack3_onhit_1559186049_1153642577_r1.wav,已重导,ac9d100ab275873361f8d3c6c4befdb7042161bba291d25197a968d22dbbaaba,761f5cc87b755d94e3c00bee23a7719f4f01784ccfbc08e6635ee3d95a7c346a,0.7080725623582766,0.7080725623582766,0.15362928807735443,0.9999999225970867,-0.0020877946919318604,0,0,0,,
assets/audio/units/sett/play_sfx_sett_settbasicattack3_onhit_1559186049_1153642577_r2.wav,assets/audio/units/sett/play_sfx_sett_settbasicattack3_onhit_1559186049_1153642577_r2.wav,已重导,5631c1847f30e58125f8c1b91511a93b7390243f2c928db2ec324a610d489f47,cd5df0f269aa3d97714da9eba6014211ec0f2abf7a94ced6de74439097617e09,0.7080725623582766,0.7080725623582766,0.15307733416557312,0.9999998958009313,-0.002308201336752467,0,0,0,,
assets/audio/units/sett/play_sfx_sett_settbasicattack3_onhit_1559186049_1153642577_r3.wav,assets/audio/units/sett/play_sfx_sett_settbasicattack3_onhit_1559186049_1153642577_r3.wav,已重导,39c0713dead2c65b8ab9ca1cfbdb7e2946fb3b8ca58783505874f140c828ffad,2262403dd387dd9cf780979e2093c8b60554091e0fe07a0f2a31100cf0234c31,0.7080725623582766,0.7080725623582766,0.14591039717197418,0.9999999195787806,-0.002085303797359081,0,0,0,,
assets/audio/units/sett/play_sfx_sett_settbasicattack4_onhit_1559186049_1153642577_r1_d.wav,assets/audio/units/sett/play_sfx_sett_settbasicattack4_onhit_1559186049_1153642577_r1_d.wav,已重导,20d768b4af15015bfc1bdaddfd8ab744c7769431c3bed2376dfdef3515919f42,47454f1dda1030da3dc0dcc8a636212d1c1daf1880ce540e71f6b00529a8d38f,0.7938095238095239,0.7938095238095239,0.22512008249759674,0.9999999662631834,-0.001561488375543827,0,0,0,,
assets/audio/units/sett/play_sfx_sett_settbasicattack4_onhit_1559186049_1153642577_r2_d.wav,assets/audio/units/sett/play_sfx_sett_settbasicattack4_onhit_1559186049_1153642577_r2_d.wav,已重导,95523094edb501e1ad88e579f5504f39df81b4c3a54be07977a94fc79ce46220,43713dd5ecda4bbd001aedb5b87dea192dc9f702fd8cdf4886b7bcebd308fec5,0.7724036281179139,0.7724036281179139,0.23584634065628052,0.9999999618716043,-0.0016016999306957104,0,0,0,,
assets/audio/units/sett/play_sfx_sett_settbasicattack4_onhit_1559186049_1153642577_r3_d.wav,assets/audio/units/sett/play_sfx_sett_settbasicattack4_onhit_1559186049_1153642577_r3_d.wav,已重导,fe1575c4acc04ac97972ea5ebef9b0e851d765b2b7277be37a712205858feed3,98f2a34f8ea34bbd815b193ac55cfc2d55198b3353fbe0f64a6a7a0476239ffb,0.850702947845805,0.850702947845805,0.23982034623622894,0.9999999666649125,-0.001629333019830381,0,0,0,,
assets/audio/units/sett/play_sfx_sett_settbasicattack_cast_r1.wav,assets/audio/units/sett/play_sfx_sett_settbasicattack_cast_r1.wav,已重导,671dddadeab887709ad96339f63eccabdf435f64702fa8cd24a92bd56abaea42,5c845d174be1f6961e031d78390d0b001d7cbf48b005d62c066b321b7c94891c,0.7499319727891156,0.7499319727891156,0.20889413356781006,0.9999998614069414,-0.0027714991134372394,0,0,0,,
assets/audio/units/sett/play_sfx_sett_settbasicattack_cast_r2.wav,assets/audio/units/sett/play_sfx_sett_settbasicattack_cast_r2.wav,已重导,4e2d10783765b20720d72ae6ac02747f282af444547885258a60db593c6cdf9e,fb92d25d86ca71228dfd154afa28d5c68d73ec9cf3dc461cd41fcf03a5d5fbf9,0.7546258503401361,0.7546258503401361,0.22686311602592468,0.9999998042045929,-0.003120859769381085,0,0,0,,
assets/audio/units/sett/play_sfx_sett_settbasicattack_cast_r3.wav,assets/audio/units/sett/play_sfx_sett_settbasicattack_cast_r3.wav,已重导,09a2a70e892cab2475f072a1296f201d29f315d52408ad745344cae96e044b5a,183be5f06c39120cb50dbf8cda2f8428da4495c12e58be053db56c621b5a49b2,0.8592743764172336,0.8592743764172336,0.2050236314535141,0.9999998440141601,-0.0025006771748683153,0,0,0,,
assets/audio/units/sett/play_sfx_sett_settbasicattack_onhit_1559186049_1153642577_r1_d.wav,assets/audio/units/sett/play_sfx_sett_settbasicattack_onhit_1559186049_1153642577_r1_d.wav,已重导,ac9d100ab275873361f8d3c6c4befdb7042161bba291d25197a968d22dbbaaba,761f5cc87b755d94e3c00bee23a7719f4f01784ccfbc08e6635ee3d95a7c346a,0.7080725623582766,0.7080725623582766,0.15362928807735443,0.9999999225970867,-0.0020877946919318604,0,0,0,,
assets/audio/units/sett/play_sfx_sett_settbasicattack_onhit_1559186049_1153642577_r2_d.wav,assets/audio/units/sett/play_sfx_sett_settbasicattack_onhit_1559186049_1153642577_r2_d.wav,已重导,5631c1847f30e58125f8c1b91511a93b7390243f2c928db2ec324a610d489f47,cd5df0f269aa3d97714da9eba6014211ec0f2abf7a94ced6de74439097617e09,0.7080725623582766,0.7080725623582766,0.15307733416557312,0.9999998958009313,-0.002308201336752467,0,0,0,,
assets/audio/units/sett/play_sfx_sett_settbasicattack_onhit_1559186049_1153642577_r3_d.wav,assets/audio/units/sett/play_sfx_sett_settbasicattack_onhit_1559186049_1153642577_r3_d.wav,已重导,39c0713dead2c65b8ab9ca1cfbdb7e2946fb3b8ca58783505874f140c828ffad,2262403dd387dd9cf780979e2093c8b60554091e0fe07a0f2a31100cf0234c31,0.7080725623582766,0.7080725623582766,0.14591039717197418,0.9999999195787806,-0.002085303797359081,0,0,0,,
assets/audio/units/sett/play_sfx_sett_settw_cast_r1.wav,assets/audio/units/sett/play_sfx_sett_settw_cast_r1.wav,已重导,433f0c5c391e3ff2cf13d0b59b5862f41af6c034dfa7078f1c9222643ff111e3,9d0cff5956a07c313a3a7083012ba62d5fa8546f52a22c4d9dacc75d5e6512b6,2.5346485260770977,2.5346485260770977,0.33279773592948914,0.9999999776270359,-0.0016371209410181314,0,0,0,,
assets/audio/units/sett/play_sfx_sett_settw_cast_r2.wav,assets/audio/units/sett/play_sfx_sett_settw_cast_r2.wav,已重导,9522e8e6e1480ffed8c1c78d90c88663b5692174eed0a5d5e1c36c62d79f9baa,39cbac04256085f952eebfb2f77d4f9c5e793e2292153334cd5f169d9ff475ca,2.3981632653061222,2.3981632653061222,0.310158908367157,0.9999999758515556,-0.001699309065774223,0,0,0,,
assets/audio/units/sett/play_sfx_sett_settw_hit_center_sweetener_r1.wav,assets/audio/units/sett/play_sfx_sett_settw_hit_center_sweetener_r1.wav,已重导,78e6f8cc350266659da28c0ab3354090a64c792478b5c02f364cf941efdc5a44,79e14f4a2d591ee999c3731ec0fe4a3856ffb0db800c660cfba3a0f34ac467f7,1.3923809523809523,1.3923809523809523,0.16515696048736572,0.9999994571785367,-0.003952707704614597,0,0,0,,
assets/audio/units/sett/play_sfx_sett_settw_hit_center_sweetener_r2.wav,assets/audio/units/sett/play_sfx_sett_settw_hit_center_sweetener_r2.wav,已重导,7d8ff3895bf0d64bd496a348181bd544ae58ca1bd8af3c3a1c4d8ebc589f847c,a0b3007ffffabd2885e4fa248e6d37469c20d5c4916a00a72ae4119d4c5b990f,1.3923809523809523,1.3923809523809523,0.17320169508457184,0.9999994755163663,-0.0038092805223984188,0,0,0,,
assets/audio/units/sett/play_sfx_sett_settw_hit_r1.wav,assets/audio/units/sett/play_sfx_sett_settw_hit_r1.wav,已重导,f67a25352740c1f6f5464167c5e0a3ec462c15c236fbb43425c4723f0499b0a7,024285f163aae50edcfb00602a2b2587a887b282d33385b89d5a9bf223a9a5b9,1.6256235827664398,1.6256235827664398,0.3785710036754608,0.9999999687393305,-0.001422922833483212,0,0,0,,
assets/audio/units/sett/play_sfx_sett_settw_hit_r2.wav,assets/audio/units/sett/play_sfx_sett_settw_hit_r2.wav,已重导,46349e1e6d3bf89f50ff29f4181ddc726f7ac25195f6bc4312dd6664c34eebc5,62d306eabdd91e5734fe2e07e33b7ca2eb446d1268b1a6997b3a995f18195280,1.6679365079365078,1.6679365079365078,0.3729737401008606,0.9999999786233108,-0.001291476163087094,0,0,0,,
assets/audio/units/sett/play_sfx_sett_settw_maxed_cast.wav,assets/audio/units/sett/play_sfx_sett_settw_maxed_cast.wav,已重导,6554e94833ae89c1acf9a496d16a0eb78d7eb941db3538bb0d7473422478deb2,53aa43de188f49caaa494076d00794255f8ffe8b9456da6769e6ed82f2ed6fe7,3.457482993197279,3.457482993197279,0.34942105412483215,0.999999977785247,-0.0014483644646526598,0,0,0,,
assets/audio/units/sett/play_sfx_sett_settw_maxed_hit_center_sweetener_r1.wav,assets/audio/units/sett/play_sfx_sett_settw_maxed_hit_center_sweetener_r1.wav,已重导,08fbc8e31c234ed90425a0dfe1d26a65dd615b0f87286eb70b952fe94911cedd,243f050b9c0e7d7dc764e5077b7146d8d5d7c1487b441ebbb94c1f813db98802,1.3923809523809523,1.3923809523809523,0.27450618147850037,0.9999997852910799,-0.0025153779889732514,0,0,0,,
assets/audio/units/sett/play_sfx_sett_settw_maxed_hit_center_sweetener_r2.wav,assets/audio/units/sett/play_sfx_sett_settw_maxed_hit_center_sweetener_r2.wav,已重导,657bdf2b59e5861057e5594a63f86d8a499c386038a8bdd5cbdb26fe08c447f4,69ea17e3ddf6e7348cf4000f376d3fc7818bd3251347ab232ff92b4bf6bd13c0,1.3923809523809523,1.3923809523809523,0.26175615191459656,0.9999997689385787,-0.002646813687497326,0,0,0,,
assets/audio/units/sett/play_sfx_sett_settw_maxed_hit_r1.wav,assets/audio/units/sett/play_sfx_sett_settw_maxed_hit_r1.wav,已重导,f29a85cb750ed4073f9c4f2fa379be7f1aa47c163de184d1a257a2873c35aaf5,fd5f7231ecb7617e6bcd1f1a03e3a3d757d3a40db7ef9de5a95efb03a4e2e2a5,1.991156462585034,1.991156462585034,0.429499089717865,0.9999999780903261,-0.0013410735745864046,0,0,0,,
assets/audio/units/sett/play_sfx_sett_settw_maxed_hit_r2.wav,assets/audio/units/sett/play_sfx_sett_settw_maxed_hit_r2.wav,已重导,78feeece5ceb35baf0b0daf381ff9bd0617c0a0d0327608a5da4c346e0352a6b,aab1a9407b43a8971342b9fc5582e5a3bf7b3f698b3914be73132ca4e1f65c00,1.991156462585034,1.991156462585034,0.4301230311393738,0.9999999760118894,-0.00129765862697453,0,0,0,,
assets/audio/units/sett/play_vo_sett_death3d_r10_zh_cn.wav,assets/audio/units/sett/play_vo_sett_death3d_r10_zh_cn.wav,已重导,19290555c74ede49950f7e1582044220c39ddf04b3760afdebb19483dfc60ee1,a6c2c792b396640fa963fb90f393b7b11bdc384c0826d0417767245c258a90c6,1.5,1.5,0.2765534520149231,0.9999999457133106,5.997963933022841,0,0,0,atrim=duration=1.5;afade=t=out:st=1.0:d=0.5,
assets/audio/units/sett/play_vo_sett_death3d_r11_zh_cn.wav,assets/audio/units/sett/play_vo_sett_death3d_r11_zh_cn.wav,已重导,462cf2813e3838c705fc5a48818eb3e53557f5dcb16ac0d62d33e809b420f516,58644e353cb8f337eb68ee123571a13228d456a76e3f36cf09a02d41dd0e4eb8,1.5,1.5,0.2957606315612793,0.9999999121877532,5.998227596978571,0,0,0,atrim=duration=1.5;afade=t=out:st=1.0:d=0.5,
assets/audio/units/sett/play_vo_sett_death3d_r1_zh_cn.wav,assets/audio/units/sett/play_vo_sett_death3d_r1_zh_cn.wav,已重导,c27ce0566f418ea5d375efcc7d3a9cbe29dcf0a6b0aef8276692a442c0ef9d3e,f849750c2ef97813707e71d62a9a8249f47495a8492ea8eedee76496ce64d53f,1.5,1.5,0.23278282582759857,0.9999999632327922,5.998317512941593,0,0,0,atrim=duration=1.5;afade=t=out:st=1.0:d=0.5,
assets/audio/units/shurima_guard/play_sfx_azir_azirbasicattacksoldier_cast1_r1.wav,assets/audio/units/shurima_guard/play_sfx_azir_azirbasicattacksoldier_cast1_r1.wav,已重导,9fd5d23634a3e3d59fd661e194c318f9110029e36112bbe00f3616d950dc474e,a3a6081be16fd02094a3937e744d3c140b9210e0b5fd66af5ccf9378d33395b7,0.7576417233560091,0.7576417233560091,0.12442509084939957,0.9999997247870048,-0.004052284682639287,0,0,0,,
assets/audio/units/shurima_guard/play_sfx_azir_azirbasicattacksoldier_cast1_r2.wav,assets/audio/units/shurima_guard/play_sfx_azir_azirbasicattacksoldier_cast1_r2.wav,已重导,11d266131e85fdc3ebafc1e0380be577f512116a05b855152a4151cebc376109,f4b3d0f8e1ffa688cf03062bc749d9b5a410c479ec1d25347eaf194c1a9a41cd,0.623718820861678,0.623718820861678,0.1271478235721588,0.9999996895126869,-0.004346365104958382,0,0,0,,
assets/audio/units/shurima_guard/play_sfx_azir_azirbasicattacksoldier_cast2_r1.wav,assets/audio/units/shurima_guard/play_sfx_azir_azirbasicattacksoldier_cast2_r1.wav,已重导,e0241b50e9dce1468763035fb17ad82f35cd2c792d497440bea4eadcb4acdb75,df225c047cf6f7d092811170782ed24e7a567b5ebfb9793f2224cb63490ca849,0.5994331065759637,0.5994331065759637,0.11758428066968918,0.9999998110756289,-0.0034653249575043307,0,0,0,,
assets/audio/units/shurima_guard/play_sfx_azir_azirbasicattacksoldier_cast2_r2.wav,assets/audio/units/shurima_guard/play_sfx_azir_azirbasicattacksoldier_cast2_r2.wav,已重导,e2113d1e911722ccf45eee4b920d0ac97783e26fe31b2528b0962befedfb754a,8bdac2bb071735436d83fa5c28b7f2a60570c84e52de0edbfee1881ae1042417,0.5354195011337869,0.5354195011337869,0.11605094373226166,0.9999996678368643,-0.004139048694229729,0,0,0,,
assets/audio/units/shurima_guard/play_sfx_azir_azirbasicattacksoldier_cast3_r1.wav,assets/audio/units/shurima_guard/play_sfx_azir_azirbasicattacksoldier_cast3_r1.wav,已重导,e0241b50e9dce1468763035fb17ad82f35cd2c792d497440bea4eadcb4acdb75,df225c047cf6f7d092811170782ed24e7a567b5ebfb9793f2224cb63490ca849,0.5994331065759637,0.5994331065759637,0.11758428066968918,0.9999998110756289,-0.0034653249575043307,0,0,0,,
assets/audio/units/shurima_guard/play_sfx_azir_azirbasicattacksoldier_cast3_r2.wav,assets/audio/units/shurima_guard/play_sfx_azir_azirbasicattacksoldier_cast3_r2.wav,已重导,e2113d1e911722ccf45eee4b920d0ac97783e26fe31b2528b0962befedfb754a,8bdac2bb071735436d83fa5c28b7f2a60570c84e52de0edbfee1881ae1042417,0.5354195011337869,0.5354195011337869,0.11605094373226166,0.9999996678368643,-0.004139048694229729,0,0,0,,
assets/audio/units/shurima_guard/play_sfx_azir_azirbasicattacksoldier_onhit_r1.wav,assets/audio/units/shurima_guard/play_sfx_azir_azirbasicattacksoldier_onhit_r1.wav,已重导,f5454a322d5196b192b02f99b3d17634e3603054c5b59ec0ae96ba9f7e76bea3,eca798c3beb36e8803ecce387f9b4b70ec87a69815460a29a5e93f7713776cb9,1.6082993197278912,1.6082993197278912,0.17161954939365387,0.9999997544214181,-0.0031354357796826568,0,0,0,,
assets/audio/units/shurima_guard/play_sfx_azir_azirbasicattacksoldier_onhit_r2.wav,assets/audio/units/shurima_guard/play_sfx_azir_azirbasicattacksoldier_onhit_r2.wav,已重导,73444b33096fe9a24f3b44d9abf31f2ea280cc22ee8424fa06ebd8fa377d7b14,4479135bb603171b1b9cf44a1bb7aa112a38bef5fc5c0b45d76f633a9a5db945,1.613061224489796,1.613061224489796,0.185967355966568,0.9999998704590366,-0.002935971127293164,0,0,0,,
assets/audio/units/shurima_guard/play_sfx_azir_azireshield_onbuffcast_r1.wav,assets/audio/units/shurima_guard/play_sfx_azir_azireshield_onbuffcast_r1.wav,已重导,d62a0e06907dec7da86a41e1262aebcb6b5a14b99ca310943365dfa91f0571a4,544afcf213bced83e6f452b5bf550c9fe9d7b9cf6eed528a51cb56824c68138c,1.3435827664399094,1.3435827664399094,0.20581138134002686,0.9999999205901916,-0.0021983082547117386,0,0,0,,
assets/audio/units/shurima_guard/play_sfx_azir_azirwspawnsound_onbuffcast_r1.wav,assets/audio/units/shurima_guard/play_sfx_azir_azirwspawnsound_onbuffcast_r1.wav,已重导,ca6e4eb3f41b32a55e88cf4a437d18fdc78df69cca2d24601611882fd366c941,0188ca81ae3ee734040655a2eb394d1eee0560f482a6387e9a95c28dda841459,2.1904761904761907,2.1904761904761907,0.20828299224376678,0.9999999407992217,-0.002033172996968927,0,0,0,,
assets/audio/units/shurima_guard/play_sfx_azir_azirwspawnsound_onbuffcast_r2.wav,assets/audio/units/shurima_guard/play_sfx_azir_azirwspawnsound_onbuffcast_r2.wav,已重导,3307209ef840e137d721f9847fd00a50a1b69499cb69f1d1e00596fbd7895bc5,a81619cc2abb84c3328d5be287019ad43e8d4a472d6c11f85f795a00cbe7dded,2.4285714285714284,2.4285714285714284,0.1997022032737732,0.9999999199563377,-0.0020339725066570668,0,0,0,,
assets/audio/units/shurima_guard/play_sfx_azir_azirwspawnsound_onbuffdeactivate_r1.wav,assets/audio/units/shurima_guard/play_sfx_azir_azirwspawnsound_onbuffdeactivate_r1.wav,已重导,3618be8e68ba7990089971f4149c5360a163dd354c3df7869b1ee66203ae5800,bf1a0f0b9e367824f345b8cda94c049dd689320070ff91004e4c3642c9eddf9a,1.5,1.5,0.08874107152223587,0.9999998219377896,-0.004919930120838927,0,0,0,atrim=duration=1.5;afade=t=out:st=1.0:d=0.5,
assets/audio/units/shurima_guard/play_sfx_azir_azirwspawnsound_onbuffdeactivate_r2.wav,assets/audio/units/shurima_guard/play_sfx_azir_azirwspawnsound_onbuffdeactivate_r2.wav,已重导,94fb099651d5311f55b19211237eccf5025a61cd874d2bdc36351685b12df0ca,41488272f562709064d4e8797764c4643a0afd6cf327f7bd164d719894527bcf,1.5,1.5,0.09300418943166733,0.9999998550607448,-0.004902361637408504,0,0,0,atrim=duration=1.5;afade=t=out:st=1.0:d=0.5,
assets/audio/units/siege_minion/chaos/play_sfx_sru_chaosminionsiege_sru_chaosminionsiegebasicattack_onhit_r1.wav,assets/audio/units/siege_minion/chaos/play_sfx_sru_chaosminionsiege_sru_chaosminionsiegebasicattack_onhit_r1.wav,已重导,fc3722dae98e98f31b927faa7ea3c39074188c851eec1d59d62ac9889bc57a36,a17e4e2089bf872bc8fb2ffbfe838b4113a2d637a69dac39e46e085ccef2771e,0.8940136054421769,0.8940136054421769,0.003830121597275138,0.9998792748491149,-0.10505284867865235,0,0,0,,
assets/audio/units/siege_minion/chaos/play_sfx_sru_chaosminionsiege_sru_chaosminionsiegebasicattack_onhit_r2.wav,assets/audio/units/siege_minion/chaos/play_sfx_sru_chaosminionsiege_sru_chaosminionsiegebasicattack_onhit_r2.wav,已重导,b5a15751a66aee232358248d92a17cca1eec997f0c3babbb5a505dd27e1c8da3,974c438ecad094ca28c23cfa8b3a8b09b1d80fb5edbd0136dc3bae62c1079f37,1.121609977324263,1.121609977324263,0.004060114733874798,0.9999004469346531,-0.10082432143911507,0,0,0,,
assets/audio/units/siege_minion/chaos/play_sfx_sru_chaosminionsiege_sru_chaosminionsiegebasicattack_onhit_r3.wav,assets/audio/units/siege_minion/chaos/play_sfx_sru_chaosminionsiege_sru_chaosminionsiegebasicattack_onhit_r3.wav,已重导,bdec49cd21befb5a7645c734473ffbece17e600b4aa486675e7119ead8bb6edf,50c70027b6a7ee705a86176fc9e67078b1511a5d555bf3ee0e8d807733c8ed5e,1.167142857142857,1.167142857142857,0.0041208122856915,0.9998827631489476,-0.0989907653265269,0,0,0,,
assets/audio/units/siege_minion/chaos/play_sfx_sru_chaosminionsiege_sru_chaosminionsiegebasicattack_onmissilecast_r1.wav,assets/audio/units/siege_minion/chaos/play_sfx_sru_chaosminionsiege_sru_chaosminionsiegebasicattack_onmissilecast_r1.wav,已重导,96e2d91d774e8d0a2bc3ce02700ab212737b9c8ab13dbe1f06630f0c206711a4,0f4c0d4a3d8d78995f06e1bfd5e2cec08d65fc1d27d1fe3b2671a68b242513e5,1.2183673469387755,1.2183673469387755,0.003918083384633064,0.9998721345198738,-0.10635914228176523,0,0,0,,
assets/audio/units/siege_minion/chaos/play_sfx_sru_chaosminionsiege_sru_chaosminionsiegebasicattack_onmissilecast_r2.wav,assets/audio/units/siege_minion/chaos/play_sfx_sru_chaosminionsiege_sru_chaosminionsiegebasicattack_onmissilecast_r2.wav,已重导,f6742053c6f73da87deb88f0977c0308491e0d90704e8a6015c21097c4efddf6,636d72a77e4099158ff1085461be9feb6ed387ccecde89f627073ecbee019ae0,1.5973242630385487,1.5973242630385487,0.004043753258883953,0.9998970549912384,-0.09799913469475828,0,0,0,,
assets/audio/units/siege_minion/chaos/play_sfx_sru_chaosminionsiege_sru_chaosminionsiegebasicattack_onmissilecast_r3.wav,assets/audio/units/siege_minion/chaos/play_sfx_sru_chaosminionsiege_sru_chaosminionsiegebasicattack_onmissilecast_r3.wav,已重导,411d6101bfc402b5247c5dd5ff99b64968bdd0fb67a4fd16a3eff03ab2b03986,76405a2b2c73800ba8d8bed2a068b2f7799fe4a3d52b3667002ee92b2c44f332,1.7741950113378684,1.7741950113378684,0.0041962917894124985,0.9998953209598548,-0.09280687286665394,0,0,0,,
assets/audio/units/siege_minion/order/play_sfx_sru_orderminionsiege_sru_orderminionsiegebasicattack_oncast_r1.wav,assets/audio/units/siege_minion/order/play_sfx_sru_orderminionsiege_sru_orderminionsiegebasicattack_oncast_r1.wav,已重导,deb7346c34e9de543da67edd5a6d215563348666da7fa4fa92946a45471f943a,64c4bcbf6a48ad9f351aeb2faf32dd65e74d0544ee3c4945a8b58b7a43ab3a00,2.4884353741496597,2.4884353741496597,0.0027290345169603825,0.9997545089153979,-0.13838411170702025,0,0,0,,
assets/audio/units/siege_minion/order/play_sfx_sru_orderminionsiege_sru_orderminionsiegebasicattack_oncast_r2.wav,assets/audio/units/siege_minion/order/play_sfx_sru_orderminionsiege_sru_orderminionsiegebasicattack_oncast_r2.wav,已重导,b9e03a7a71a8a26794213609e297bcb83c63890338045ee774d54001bec0b928,3c24e0026024d0a3b274ebdc60abff311312dd410d8fb49182005ecf938e8a17,2.4506349206349207,2.4506349206349207,0.0027104823384433985,0.9997492760872831,-0.13518414054980282,0,0,0,,
assets/audio/units/siege_minion/order/play_sfx_sru_orderminionsiege_sru_orderminionsiegebasicattack_oncast_r3.wav,assets/audio/units/siege_minion/order/play_sfx_sru_orderminionsiege_sru_orderminionsiegebasicattack_oncast_r3.wav,已重导,5de5197a85244d9d4381de70919a710f1d8237ef2d44a6bfa4adf68422807916,95e41e9fac92aa5c3295d6e3ed7e02b53649ced71aa2c0c3dabcf7ddc4ba0bfb,2.2688208616780043,2.2688208616780043,0.0027792907785624266,0.9998179430173095,-0.12557207818228286,0,0,0,,
assets/audio/units/siege_minion/order/play_sfx_sru_orderminionsiege_sru_orderminionsiegebasicattack_onhit_r1.wav,assets/audio/units/siege_minion/order/play_sfx_sru_orderminionsiege_sru_orderminionsiegebasicattack_onhit_r1.wav,已重导,de8705b4bd0d51598c1b566182db20d847f32252e2b3e6b4c803267bf84a58c3,0191415cfcea726d92cf77e9064278a7fd929b25718834254728eea7b4e63f28,1.633061224489796,1.633061224489796,0.0033776701893657446,0.999876960364947,-0.09573319392964721,0,0,0,,
assets/audio/units/siege_minion/order/play_sfx_sru_orderminionsiege_sru_orderminionsiegebasicattack_onhit_r2.wav,assets/audio/units/siege_minion/order/play_sfx_sru_orderminionsiege_sru_orderminionsiegebasicattack_onhit_r2.wav,已重导,0ca737f940baece39b4d0dbb510f49a776b4705b8949d1a29801127911083a85,d50ef8eba526c2ece1d9a2e450d294cc8e77aea4e9eef9610aa0016a096101a2,1.3475510204081633,1.3475510204081633,0.0033965646289288998,0.9999167100736317,-0.0955319809091518,0,0,0,,
assets/audio/units/siege_minion/order/play_sfx_sru_orderminionsiege_sru_orderminionsiegebasicattack_onhit_r3.wav,assets/audio/units/siege_minion/order/play_sfx_sru_orderminionsiege_sru_orderminionsiegebasicattack_onhit_r3.wav,已重导,fe4af6a78f0f5562d45cb5a75f10fbc5ed92005012d75dfdbae71d2f23608d7d,20fb57bc7c1bb655225378db170fb18dbcd2f8b3d22b13a9e471fdf22413b4c5,1.578639455782313,1.578639455782313,0.00334777869284153,0.9998759664635326,-0.09782646471685454,0,0,0,,
assets/audio/units/sion/death_sfx.wav,assets/audio/units/sion/death_sfx.wav,已重导,8dd66e13be68a39ad77dc5cbf88fc703667ed34bdf3ca53e5a67c384779fcd0f,7fec1852247120719ff9d146365cca92d8c74e8165563ae98630940dcd1631f8,0.7968253968253968,0.8,0.06717750430107117,0.7359674216773777,,0,0,0,atrim=duration=2.5;atempo=2;atempo=1.5625;apad;atrim=duration=0.8;afade=t=out:st=0.7:d=0.1,
assets/audio/units/sion/deploy_battle.wav,assets/audio/units/sion/deploy_battle.wav,已重导,af821361c70e2763848d4463ade7bde87c98d145937cf505149927c711b47c0b,537ac9522d9f7beb6e68719bf26262c70317ebf716d1ee9d7313a171a91eabb3,3.4735827664399093,3.4735827664399093,0.14363212883472443,0.9999999843460822,17.00000546005946,0,0,0,,
assets/audio/units/sion/deploy_crush.wav,assets/audio/units/sion/deploy_crush.wav,已重导,4f012d1978436d63060f546d11e23562a27beac88699254b6dacbee9bfc80e54,3ed862d51c3e8bde8b8a0de3955d4a69d96a229a21d21552b49c3b1869f01fec,2.0349659863945577,2.0349659863945577,0.20398156344890594,0.9999944636857947,14.996585257789379,0,0,0,,
assets/audio/units/sion/deploy_dying.wav,assets/audio/units/sion/deploy_dying.wav,已重导,17a9990479d74022f747143972dc116b1932b4c9214799c2b68fd8db94e55807,e90540e2b26fa36886f9837677be41284652db6e65acae2d361f75df75c0f4d9,3.4827437641723358,3.4827437641723358,0.23506221175193787,0.9999984412770665,14.999767902757434,0,0,0,,
assets/audio/units/sion/passive_death_0.wav,assets/audio/units/sion/passive_death_0.wav,已重导,c151761ff0df9a67c3f09e1035186c69d7bbe949ead241446a8068d8cfc5c28a,a5dbf02d7e90812f4caf104ecaa249f9460b63624bcb7d8f096713ae66933576,0.8,0.8,0.21324528753757477,0.9999999965947547,13.000014464456832,0,0,0,atrim=duration=0.8;afade=t=out:st=0.6:d=0.2,
assets/audio/units/sion/passive_death_1.wav,assets/audio/units/sion/passive_death_1.wav,已重导,8a41c3bd625fb1f79ad65df73e978bef103fd1c308cb81a623c6448ee02f7d72,7ddfd16d678a4f4e50b5798d8eaaecfd5551d3504f1797f97a8bfb68870f7baa,0.8,0.8,0.22133971750736237,0.9999999969942984,12.99998712908781,0,0,0,atrim=duration=0.8;afade=t=out:st=0.6:d=0.2,
assets/audio/units/sion/passive_death_2.wav,assets/audio/units/sion/passive_death_2.wav,已重导,a5231af8821abfa4e3b437f65b977c6fb28edbafda5e61b2016d21e225a4c997,7cb14e491c47a6f4aa20e1f0cc5848a612fde15f6448d08c0d684191c6172aab,0.8,0.8,0.22426994144916534,0.9999999962791528,12.999984856878966,0,0,0,atrim=duration=0.8;afade=t=out:st=0.6:d=0.2,
assets/audio/units/sion/play_sfx_sion_sionbasicattackpassive2_oncast_r1.wav,assets/audio/units/sion/play_sfx_sion_sionbasicattackpassive2_oncast_r1.wav,已重导,cdacde42967ad7cb61bc22885a3781265f4258db813138503bcf6b446f7bae0b,5288c037185d573c5fc51c715dd4eea774f22e1255dedab3fb594a237214cea2,0.9059183673469388,0.9059183673469388,0.17640218138694763,0.9999999951729792,14.999392752842413,0,0,0,,
assets/audio/units/sion/play_sfx_sion_sionbasicattackpassive2_oncast_r2.wav,assets/audio/units/sion/play_sfx_sion_sionbasicattackpassive2_oncast_r2.wav,已重导,45e8f53f0a1e02734cbab795ffe6ee0f923d610613659b3da1cd477b057de83a,068c44c0a0116ef4065ae2d86a3e42798aa7614a3bc9e60c577f11c6d9f523b7,1.0505442176870747,1.0505442176870747,0.1861478090286255,0.9999994197064218,14.998594278560036,0,0,0,,
assets/audio/units/sion/play_sfx_sion_sionbasicattackpassive2_oncast_r3.wav,assets/audio/units/sion/play_sfx_sion_sionbasicattackpassive2_oncast_r3.wav,已重导,9cdad541c3ee482cc71c0416ec918726ef3fbb7b4ddada17ebd28612e4a45910,4d4239a9ed74938db06ad17b969e9ace23fe821166730ee9eb427c51b7c4d4ce,0.9007936507936508,0.9007936507936508,0.19260570406913757,0.9999996377601656,14.999036767946832,0,0,0,,
assets/audio/units/sion/play_sfx_sion_sionbasicattackpassive2_onhit_r1.wav,assets/audio/units/sion/play_sfx_sion_sionbasicattackpassive2_onhit_r1.wav,已重导,2e74d26a2a8b343c80cd45906daafa2a5832806d22c13770a2c053f9826bfba8,ee653bcd54761a921567a8f9f8dc0179be97cfb6515c8bf656dcc84212e53b2f,0.5536961451247165,0.5536961451247165,0.1746537834405899,0.9999879808796467,15.9930484002125,0,0,0,,
assets/audio/units/sion/play_sfx_sion_sionbasicattackpassive2_onhit_r2.wav,assets/audio/units/sion/play_sfx_sion_sionbasicattackpassive2_onhit_r2.wav,已重导,431f82de3e370b39b055cecc25e2c8eeca8dffa56a5a66bc1d08ab83698869f8,247fae5e155cc05babc6fec6a4dc825dced2de2547cf5bef6e695b3b3d3761bf,0.45918367346938777,0.45918367346938777,0.16572421789169312,0.9999996542006712,15.998756272922423,0,0,0,,
assets/audio/units/sion/play_sfx_sion_sionbasicattackpassive2_onhit_r3.wav,assets/audio/units/sion/play_sfx_sion_sionbasicattackpassive2_onhit_r3.wav,已重导,ff7e66af9b0d3f41261dc15ecdfc6fbe5ae3743da143807c6e344421d30c7559,c1578c4ab2b4e01eb51671648cdc6425cd5c6f250d9a4f85afe4c4bf76ccac43,0.47959183673469385,0.47959183673469385,0.17270183563232422,0.9999953524414817,15.995563741860806,0,0,0,,
assets/audio/units/sion/play_sfx_sion_sionbasicattackpassive_oncast_r1_d.wav,assets/audio/units/sion/play_sfx_sion_sionbasicattackpassive_oncast_r1_d.wav,已重导,cdacde42967ad7cb61bc22885a3781265f4258db813138503bcf6b446f7bae0b,5288c037185d573c5fc51c715dd4eea774f22e1255dedab3fb594a237214cea2,0.9059183673469388,0.9059183673469388,0.17640218138694763,0.9999999951729792,14.999392752842413,0,0,0,,
assets/audio/units/sion/play_sfx_sion_sionbasicattackpassive_oncast_r2_d.wav,assets/audio/units/sion/play_sfx_sion_sionbasicattackpassive_oncast_r2_d.wav,已重导,45e8f53f0a1e02734cbab795ffe6ee0f923d610613659b3da1cd477b057de83a,068c44c0a0116ef4065ae2d86a3e42798aa7614a3bc9e60c577f11c6d9f523b7,1.0505442176870747,1.0505442176870747,0.1861478090286255,0.9999994197064218,14.998594278560036,0,0,0,,
assets/audio/units/sion/play_sfx_sion_sionbasicattackpassive_oncast_r3_d.wav,assets/audio/units/sion/play_sfx_sion_sionbasicattackpassive_oncast_r3_d.wav,已重导,9cdad541c3ee482cc71c0416ec918726ef3fbb7b4ddada17ebd28612e4a45910,4d4239a9ed74938db06ad17b969e9ace23fe821166730ee9eb427c51b7c4d4ce,0.9007936507936508,0.9007936507936508,0.19260570406913757,0.9999996377601656,14.999036767946832,0,0,0,,
assets/audio/units/sion/play_sfx_sion_sionbasicattackpassive_onhit_r1_d.wav,assets/audio/units/sion/play_sfx_sion_sionbasicattackpassive_onhit_r1_d.wav,已重导,2e74d26a2a8b343c80cd45906daafa2a5832806d22c13770a2c053f9826bfba8,ee653bcd54761a921567a8f9f8dc0179be97cfb6515c8bf656dcc84212e53b2f,0.5536961451247165,0.5536961451247165,0.1746537834405899,0.9999879808796467,15.9930484002125,0,0,0,,
assets/audio/units/sion/play_sfx_sion_sionbasicattackpassive_onhit_r2_d.wav,assets/audio/units/sion/play_sfx_sion_sionbasicattackpassive_onhit_r2_d.wav,已重导,431f82de3e370b39b055cecc25e2c8eeca8dffa56a5a66bc1d08ab83698869f8,247fae5e155cc05babc6fec6a4dc825dced2de2547cf5bef6e695b3b3d3761bf,0.45918367346938777,0.45918367346938777,0.16572421789169312,0.9999996542006712,15.998756272922423,0,0,0,,
assets/audio/units/sion/play_sfx_sion_sionbasicattackpassive_onhit_r3_d.wav,assets/audio/units/sion/play_sfx_sion_sionbasicattackpassive_onhit_r3_d.wav,已重导,ff7e66af9b0d3f41261dc15ecdfc6fbe5ae3743da143807c6e344421d30c7559,c1578c4ab2b4e01eb51671648cdc6425cd5c6f250d9a4f85afe4c4bf76ccac43,0.47959183673469385,0.47959183673469385,0.17270183563232422,0.9999953524414817,15.995563741860806,0,0,0,,
assets/audio/units/sion/play_sfx_sion_sionbasicattacktower2_oncast_r1.wav,assets/audio/units/sion/play_sfx_sion_sionbasicattacktower2_oncast_r1.wav,已重导,b9ab4febff50b06fe08684fa9e07a90619312b81fcd5a65ae3cc5cbb54ffe61b,7a8bd5cce225550f9d322a54ffcfd33240636b2b778c6064df8ebd4acb881f0d,0.940952380952381,0.940952380952381,0.1717834323644638,0.9999955554830744,15.996240086944804,0,0,0,,
assets/audio/units/sion/play_sfx_sion_sionbasicattacktower2_oncast_r2.wav,assets/audio/units/sion/play_sfx_sion_sionbasicattacktower2_oncast_r2.wav,已重导,0048288bda35b9bfb4ffae88899e38881148b32437e5712ca8ea49740885fb46,7862ddb80a0690478996f4ea481cc962cbb8592c64e49007bd6f125cf3dad156,1.417142857142857,1.417142857142857,0.18079480528831482,0.9999964500361109,15.997062984179443,0,0,0,,
assets/audio/units/sion/play_sfx_sion_sionbasicattacktower2_oncast_r3.wav,assets/audio/units/sion/play_sfx_sion_sionbasicattacktower2_oncast_r3.wav,已重导,0b49682def34c9b5af45421a09dcb2c2a51d501615b268a05d95e7800293c477,c1061d64d6dd0feb7a7a485eae7fc29b0004abdb65e23ef3080762bc462ebead,1.0545578231292516,1.0545578231292516,0.17695626616477966,0.9999994222524523,15.998829132361543,0,0,0,,
assets/audio/units/sion/play_sfx_sion_sionbasicattacktower2_onhit_r1.wav,assets/audio/units/sion/play_sfx_sion_sionbasicattacktower2_onhit_r1.wav,已重导,71931eb6dd1ccd64a9799114633aa6e52f3ce92ac0a37a9a9942017beeb10fba,0ab441aeece6df3f3aad92ddbff59c849a6f04f38bfd07c258d57c57781173fc,1.970952380952381,1.970952380952381,0.21187818050384521,0.9999743314996433,14.988499154929418,0,0,0,,
assets/audio/units/sion/play_sfx_sion_sionbasicattacktower2_onhit_r2.wav,assets/audio/units/sion/play_sfx_sion_sionbasicattacktower2_onhit_r2.wav,已重导,e06b63f4f311734082f444da63c29f781ce14ace03cda3a2ca31524555c6a4b4,c4e39a493036db6cfe207423fac6dfa6a1973fe644f4c89bb045dde32f89627e,1.749501133786848,1.749501133786848,0.21501372754573822,0.9999947398149913,14.995746632848775,0,0,0,,
assets/audio/units/sion/play_sfx_sion_sionbasicattacktower2_onhit_r3.wav,assets/audio/units/sion/play_sfx_sion_sionbasicattacktower2_onhit_r3.wav,已重导,1abbea36ea5ee65c3c0cbf8288f1b22039cc518f99afc916278a53d0304b2791,cbfc1226fe6eb0f5d1cf71c207de79c7796c60fc41d1c4842417b7ad6f13a25e,1.6515873015873015,1.6515873015873015,0.21914589405059814,0.9999853054690311,14.99522735756135,0,0,0,,
assets/audio/units/sion/play_sfx_sion_sionbasicattacktower_oncast_r1.wav,assets/audio/units/sion/play_sfx_sion_sionbasicattacktower_oncast_r1.wav,已重导,cac43f65c2d1f8fa630d014914147c43752f1439f554f670b1e69198883e876d,9e3f4a2ee3bf5c442f07833f9210efa466a1f1973d750bc50181106150420bc1,1.2095918367346938,1.2095918367346938,0.19108068943023682,0.9999992366697658,14.998318464823953,0,0,0,,
assets/audio/units/sion/play_sfx_sion_sionbasicattacktower_oncast_r2.wav,assets/audio/units/sion/play_sfx_sion_sionbasicattacktower_oncast_r2.wav,已重导,7f0ec3807fc7e4c07921ab32f9b1410d710b50022e6266c11f1153785456e48d,b33be2572a59c55c2a54d3cc553cc3f73a2f107c7909e3515e2c28deaab40243,1.3887301587301588,1.3887301587301588,0.19258412718772888,0.9999978702819813,14.997458012378392,0,0,0,,
assets/audio/units/sion/play_sfx_sion_sionbasicattacktower_oncast_r3.wav,assets/audio/units/sion/play_sfx_sion_sionbasicattacktower_oncast_r3.wav,已重导,8a30f97eab6d25ff553d1c63bfc933f898384a9904b2d1cdef7990aaed025a99,98ad13103d6b87872b6fdb94053c5ab5667bf8ecc674169f030fa3c1489ef83a,1.1300907029478457,1.1300907029478457,0.19727827608585358,0.9999914754558855,14.995545993787001,0,0,0,,
assets/audio/units/sion/play_sfx_sion_sionbasicattacktower_onhit_r1.wav,assets/audio/units/sion/play_sfx_sion_sionbasicattacktower_onhit_r1.wav,已重导,adefc015d28a09fa8be790cbdc5d2406d97699f4846d497cd6512f4c66d6de88,5b0a7b9a0b5110192f9425e3010e4da9fd48350afda9e35910337bebb75004c4,1.3761224489795918,1.3761224489795918,0.141607403755188,0.9999969275711005,17.997430966496207,0,0,0,,
assets/audio/units/sion/play_sfx_sion_sionbasicattacktower_onhit_r2.wav,assets/audio/units/sion/play_sfx_sion_sionbasicattacktower_onhit_r2.wav,已重导,c05c062a8c4aded5f877a423ef1cd4c5aa996c19ccfa1a31ca46ea1049022c6b,3759e321e4fc30d966d6eed68ebffe263003ae3761d4f6eca5e95aa5d0ddf70d,1.5409297052154196,1.5409297052154196,0.15221984684467316,0.9999928852962874,17.996847658378474,0,0,0,,
assets/audio/units/sion/play_sfx_sion_sionbasicattacktower_onhit_r3.wav,assets/audio/units/sion/play_sfx_sion_sionbasicattacktower_onhit_r3.wav,已重导,b7c7e0d5807a3044ac465e7b32cbf823a02c4e9bb87730daad5863d055ae4d57,4f0dc4d509e7def87798e47afacabe6c3db77cbe9958914380c14c2cdae6f23f,1.4663038548752834,1.4663038548752834,0.13650834560394287,0.9999984337164327,17.99780711649154,0,0,0,,
assets/audio/units/sion/play_sfx_sion_sionpassivedelay_onbuffcast_r1.wav,assets/audio/units/sion/play_sfx_sion_sionpassivedelay_onbuffcast_r1.wav,已重导,7ffd741aea57d098b6a0c39c97933ab90ec5e073e290d1b15792357a62f349d7,e8aa32d8425c0a292f92c8aad511be3afca383a8120bad4ba1204e2206179f88,2.352063492063492,2.352063492063492,0.25565850734710693,0.99998929771908,12.993879063683815,0,0,0,,
assets/audio/units/sion/play_sfx_sion_sionpassivedelay_onbuffcast_r2.wav,assets/audio/units/sion/play_sfx_sion_sionpassivedelay_onbuffcast_r2.wav,已重导,df59763898f1a5ea302536a1fec0d424e5826821609d67f29f0e85a0a03167a8,417eaba8ca96912c1fd2b50db5c403833be41e4ad42401f632d0c3d28d33d0fd,2.302471655328798,2.302471655328798,0.2611609995365143,0.9999939415953697,12.996035521366473,0,0,0,,
assets/audio/units/sion/play_sfx_sion_sionpassivedelay_onbuffcast_r3.wav,assets/audio/units/sion/play_sfx_sion_sionpassivedelay_onbuffcast_r3.wav,已重导,1689f3d962f306d090b2fbec87831512d40ff491c696a9ba0e252108309908ea,46b76b290a29ea948acadbbb558d105cca3d856c8906016cc1c7cfb6e20555e7,2.4097278911564626,2.4097278911564626,0.25087255239486694,0.9999866099276074,12.991800580132832,0,0,0,,
assets/audio/units/sion/play_sfx_sion_sionpassivezombie_onbuffactivate.wav,assets/audio/units/sion/play_sfx_sion_sionpassivezombie_onbuffactivate.wav,已重导,3d2ac0a4dbd1b33de57ae17c78f48cc098a02e93dd2a7e2b671ea622b98338d8,15f2ba0f60aa59d2c48538ff7d4e6264c762e670a1b3d432fd8b4f684b571de0,18.233310657596373,18.233310657596373,0.06482530385255814,0.999999970817861,23.99934326954755,0,0,0,,
assets/audio/units/sion/play_sfx_sion_sionpassivezombie_onbuffcast_r1.wav,assets/audio/units/sion/play_sfx_sion_sionpassivezombie_onbuffcast_r1.wav,已重导,ecd16dee6707009f7d0750a5423786a76633d50ac62e7430cd0babfa21b0646f,f0fe4d1110df71424739a17b273bd1dccd5b7ab482105c9b7276698a11defa8d,4.162834467120182,4.162834467120182,0.2061101198196411,0.9999829986339034,14.99130362880895,0,0,0,,
assets/audio/units/sion/play_sfx_sion_sionpassivezombie_onbuffcast_r2.wav,assets/audio/units/sion/play_sfx_sion_sionpassivezombie_onbuffcast_r2.wav,已重导,03ae4e6b4fd722c870e1e6b4a9313278aa36697f95f13bbbdf30c601d59be7fb,5bb3addf2b839939f729d0c3a1fa291f9d8f0da2ed92b99fd18904a8ce47b00b,4.466553287981859,4.466553287981859,0.20676659047603607,0.9999877370522879,14.993134298412409,0,0,0,,
assets/audio/units/sion/play_sfx_sion_sionpassivezombie_onbuffcast_r3.wav,assets/audio/units/sion/play_sfx_sion_sionpassivezombie_onbuffcast_r3.wav,已重导,e703a6b6c5e825c42c21ad9c3b338cc3203f7d8e2cfc9202a2aca47c07779e53,0b0d4f47ede0d7d12fb07c451a2f3094330cb3bb874d2188b52b87fc76277d8d,4.106167800453515,4.106167800453515,0.2063247710466385,0.9999858651594514,14.992268543270361,0,0,0,,
assets/audio/units/sion/play_sfx_sion_sionwshieldstacks_onbuffactivate.wav,assets/audio/units/sion/play_sfx_sion_sionwshieldstacks_onbuffactivate.wav,已重导,7cee9b7ff816fe2d77e33c6f955e41b16b7ba4c6658dcabc6dd6752b28df4ef6,e985011f40188f1766480af79be2d1d32be30a396e1723bb9115355742313364,6.133333333333334,6.133333333333334,0.1131533831357956,0.9999999920666328,18.999359472389447,0,0,0,,
assets/audio/units/sion/play_sfx_sion_sionwshieldstacks_onbuffcast_r1.wav,assets/audio/units/sion/play_sfx_sion_sionwshieldstacks_onbuffcast_r1.wav,已重导,60433a21825e6641f1a31a6cfa1db8002872ed2df33a00c0fe397ffdbf3c356e,72a8d830673d85063f3e81e45750cc0f019c022d56fff2f954aa385b5153e36b,1.914920634920635,1.914920634920635,0.19788691401481628,0.9999992026075725,14.998253656249748,0,0,0,,
assets/audio/units/sion/play_sfx_sion_sionwshieldstacks_onbuffcast_r2.wav,assets/audio/units/sion/play_sfx_sion_sionwshieldstacks_onbuffcast_r2.wav,已重导,0070deb6c2a9403cb9e115f0aae82961dcaaa1cd009dcb904b37a788f097567c,d37626ab4fd8b29046dd0fc8c5a495fdc6bd8ee8ebab4dce6f24846ee83051f2,1.9936507936507937,1.9936507936507937,0.19046491384506226,0.9999997654134558,14.999081313324147,0,0,0,,
assets/audio/units/sion/play_sfx_sion_sionwshieldstacks_onbuffcast_r3.wav,assets/audio/units/sion/play_sfx_sion_sionwshieldstacks_onbuffcast_r3.wav,已重导,0f03bbcfaebe6993308940a95aa71755a52ce178bb1b037f445da3e696da639d,1974248524436293eafce504ad91e0b65b118dcc4dfe3d6a5fe4694e772816df,2.334104308390023,2.334104308390023,0.19818903505802155,0.9999958005261129,14.997428444784086,0,0,0,,
assets/audio/units/sion/play_sfx_sion_sionwshieldstacks_onbuffdeactivate_r1.wav,assets/audio/units/sion/play_sfx_sion_sionwshieldstacks_onbuffdeactivate_r1.wav,已重导,b467784b259c24966cc4e42d4c9c36f2c66fe81293f3fba5886e5176c92fa17b,84b593498d85abd3faf6d0c54885ea40d9aaf3ea5856c1fe906149c998adc36b,3.289478458049887,3.289478458049887,0.19266313314437866,0.9999956584981022,14.997759598550786,0,0,0,,
assets/audio/units/sion/play_sfx_sion_sionwshieldstacks_onbuffdeactivate_r2.wav,assets/audio/units/sion/play_sfx_sion_sionwshieldstacks_onbuffdeactivate_r2.wav,已重导,1b3b447a36a1e47e0ff7af3c395be797baffaab2a4e3660bce8f32ad642cac1a,5f69aa965711aaf5e364fdd27abeb2a129372311474f6b08286202e705f48e50,3.5989795918367347,3.5989795918367347,0.19277837872505188,0.9999958956389671,14.997392954538252,0,0,0,,
assets/audio/units/sion/play_sfx_sion_sionwshieldstacks_onbuffdeactivate_r3.wav,assets/audio/units/sion/play_sfx_sion_sionwshieldstacks_onbuffdeactivate_r3.wav,已重导,e3decb558de7d87562335484c1539b7d871dd2a42580d44b1f960e65df35e546,55917d3c5dacd22e4de11c08da95102fb25c1b892f0bce332d7fbd727cf3a20d,3.0817233560090704,3.0817233560090704,0.1913614273071289,0.9999995915285895,14.999100974850226,0,0,0,,
assets/audio/units/sion/play_sfx_sion_sionwsoundhit_onbuffcast_r1.wav,assets/audio/units/sion/play_sfx_sion_sionwsoundhit_onbuffcast_r1.wav,已重导,cbbc4d498aec10fb77f37add9ca2d6bf70809132dc962824ed7f9f8e5898fd1b,16b115a34595128b9de144feda8ac1bc42ec4a9dc1017955fb0a6303628bf050,1.2395691609977324,1.2395691609977324,0.11535536497831345,0.9999520826635153,19.983553504485123,0,0,0,,
assets/audio/units/sion/play_sfx_sion_sionwsoundhit_onbuffcast_r2.wav,assets/audio/units/sion/play_sfx_sion_sionwsoundhit_onbuffcast_r2.wav,已重导,d282c3f204b1540169b9ccf14fcc2764bedc1182c92bb00c35ee3dc45d6cea37,61e5aaeed6e67a34399f37652f5f036cf7a75744ebf3202dfb6d37f7060f75f2,1.253877551020408,1.253877551020408,0.11538422107696533,0.9999639189828816,19.983268258582875,0,0,0,,
assets/audio/units/sion/play_sfx_sion_sionwsoundhit_onbuffcast_r3.wav,assets/audio/units/sion/play_sfx_sion_sionwsoundhit_onbuffcast_r3.wav,已重导,879b9a77af7b31a8b401ceaeadcb40714933770f708e08d40464918f828def89,75556aa03b357947a81b4a1e261dfcf081f1656b815293f03af985519dfcdb5f,1.2268027210884354,1.2268027210884354,0.11208784580230713,0.9999953568340683,19.995021945600303,0,0,0,,
assets/audio/units/sion/rebirth_voice.wav,assets/audio/units/sion/rebirth_voice.wav,已重导,5618d6ced50c2bd498b7b479e3c1b4de57793f2f39739594c3941bf99d75a6d2,de09e7ba92ed094ddaa262caf47f505915b670f837f5c0b1ab6b8b8beed85a19,2.8901814058956914,2.8901814058956914,0.20279163122177124,0.9999999975028109,13.000002035802716,0,0,0,,
assets/audio/units/sun_disc/play_sfx_3190active_oncast_r1.wav,assets/audio/units/sun_disc/play_sfx_3190active_oncast_r1.wav,已重导,e833ed6e89f1fd59289095176f4ae1a9d8bcc217926fa120bdcb9e7d9f192444,cc6333db8e89a292cfcd9a6c2661ac3c46e06ab84379ad30dbbe482b699312ea,2.3146031746031746,2.3146031746031746,0.35917967557907104,0.9999999505461684,-0.00187048418014479,0,0,0,,
assets/audio/units/sun_disc/play_sfx_azir_azirobelisksound_onbuffcast_r1.wav,assets/audio/units/sun_disc/play_sfx_azir_azirobelisksound_onbuffcast_r1.wav,已重导,6cec833a42dee68e00cdeb2640a47bbb90958179fd3f302e3f61fcd55febb388,a83ca186a9b49778323f5214ba67382d0f2769e168d3f670b2009ead53cbb455,5.819387755102041,5.819387755102041,0.282683402299881,0.9999998315670743,-0.005750138549060548,0,0,0,,"[0:a]asplit=2[a][b];[a]atrim=end=4.9666667,asetpts=PTS-STARTPTS,atempo=2,atempo=2,atempo=1.241666675,apad,atrim=duration=1[head];[b]atrim=start=4.9666667,asetpts=PTS-STARTPTS[tail];[head][tail]concat=n=2:v=0:a=1[out]"
assets/audio/units/sun_disc/play_sfx_azir_azirobelisksound_onbuffdeactivate_r1.wav,assets/audio/units/sun_disc/play_sfx_azir_azirobelisksound_onbuffdeactivate_r1.wav,已重导,c9243162a3374267b0ab38c504c6c86903046934ef6db9df9560c98ce79bad3b,3a195f1203e4513c5e8edfdf86da14f7af874069de5b251f77a5d9f5dd03993d,1.5,1.5,0.14857351779937744,0.9999998863121087,-0.0057543008130530714,0,0,0,atrim=duration=2;atempo=1.333333333333;apad;atrim=duration=1.5,
assets/audio/units/sun_disc/play_sfx_azir_azirobelisksound_onbuffdeactivate_r2.wav,assets/audio/units/sun_disc/play_sfx_azir_azirobelisksound_onbuffdeactivate_r2.wav,已重导,fb71ff7fe417070b57ff7ce21477f8d0893fd2650ffe1df6c23d4f1cb29dbef5,4fbb0ca0afc9d1eaf66007944735b5079f07923dadb436f0fe198ef9a68c8159,1.5,1.5,0.15083825588226318,0.9999999062352866,-0.005254139797586809,0,0,0,atrim=duration=2;atempo=1.333333333333;apad;atrim=duration=1.5,
assets/audio/units/sun_disc/play_sfx_env_map11_chaosturretchampionbasicattack_cast_r1.wav,assets/audio/units/sun_disc/play_sfx_env_map11_chaosturretchampionbasicattack_cast_r1.wav,已重导,60803d409e0780734fd792bdc00c287b42a13d235d01c98fcad47782324dcd19,ad37b37625588dbfc90a3ff684b2bba91f2810a6c13f7cc296f16e7f37dc041e,2.951678004535147,2.951678004535147,0.3217028081417084,0.9999998903748916,9.998665889164416,0,0,0,,
assets/audio/units/sun_disc/play_sfx_env_map11_chaosturretchampionbasicattack_cast_r2.wav,assets/audio/units/sun_disc/play_sfx_env_map11_chaosturretchampionbasicattack_cast_r2.wav,已重导,0945f9f9edfc44cb887f8e9cd4067eca34a8dcc9fac69d71bab736f79a6ae471,5a8beb092486f5c17633a28bd3426833f43645e44d7eb9cea7df0fb3ddeb349e,2.86,2.86,0.22816911339759827,0.9999999827234719,9.999124587949005,0,0,0,,
assets/audio/units/sun_disc/play_sfx_env_map11_chaosturretchampionbasicattack_cast_r3.wav,assets/audio/units/sun_disc/play_sfx_env_map11_chaosturretchampionbasicattack_cast_r3.wav,已重导,61a31a6134aaf5bdfe4722345fa56eb4eedb68aa3468f27b993157307373fb06,4117e0757fd725e7c1c3a73d3328e467f53db9bf4d70d533e3575d57c286a8af,2.7586848072562358,2.7586848072562358,0.24387440085411072,0.9999999741965112,9.999099279892583,0,0,0,,
assets/audio/units/sun_disc/play_sfx_env_map11_chaosturretchampionbasicattack_cast_r4.wav,assets/audio/units/sun_disc/play_sfx_env_map11_chaosturretchampionbasicattack_cast_r4.wav,已重导,7eb45e2b1f849313b21659ccad4d2ac91285b88b56f1800acdd1c6527ffa7ef5,c2b3bf9487dede9654443340760e3c560fc6221b918f198cdc080d8e7250f49e,2.555646258503401,2.555646258503401,0.26789987087249756,0.99999998229308,9.999152039336924,0,0,0,,
assets/audio/units/sun_disc/play_sfx_env_turretbasicattack_hit_r1.wav,assets/audio/units/sun_disc/play_sfx_env_turretbasicattack_hit_r1.wav,已重导,1cd06160259f4bebf289bd8f04d93b02d063acb628a2567559e207d152a92d98,17ed9f3ed80df442cbb0761b21988027350719c4004285860540b72b6bb30eb7,0.8272335600907029,0.8272335600907029,0.18203720450401306,0.9999988160976538,14.996895842646616,0,0,0,,
assets/audio/units/sun_disc/play_sfx_env_turretbasicattack_hit_r2.wav,assets/audio/units/sun_disc/play_sfx_env_turretbasicattack_hit_r2.wav,已重导,f78f6993d8b44653ab495ed1bfed6da4a706dd06950503bb7344f7db0950ef63,fde734c8d48ccd99fde37d9021ce329e79c49852f6582e37b0d694ebf9228c74,0.846530612244898,0.846530612244898,0.19333897531032562,0.9999743542410123,14.98464380321578,0,0,0,,
assets/audio/units/sun_disc/play_sfx_env_turretbasicattack_hit_r3.wav,assets/audio/units/sun_disc/play_sfx_env_turretbasicattack_hit_r3.wav,已重导,b5fcb82ac37c63ad1ef786a497593ad7a96c0327682bdf41167ae424c90fdf69,de4cd7de56ffc08a01f7b2613f730fe052c8f7015f28b2cbefb88ac0ed834905,0.8411337868480726,0.8411337868480726,0.18756431341171265,0.9999949048805857,14.996205499775302,0,0,0,,
assets/audio/units/sun_disc/play_sfx_env_turretbasicattack_hit_r4.wav,assets/audio/units/sun_disc/play_sfx_env_turretbasicattack_hit_r4.wav,已重导,23aa2263ee3b297fb8a078e9e25e6650f2b41e6e29ead1c857c35675bfc78f80,1cf5cb24fd87f226eee7495cc4d4a986f27929390e23434368e660a9fffc4acc,0.8186621315192744,0.8186621315192744,0.18665222823619843,0.9999869095852225,14.987468230898177,0,0,0,,
assets/audio/units/sun_disc/play_sfx_env_turretbasicattack_missilelaunch_r1.wav,assets/audio/units/sun_disc/play_sfx_env_turretbasicattack_missilelaunch_r1.wav,已重导,98f004e478f52003f0f8e448020d29ba0aced6482d4082d3a33eaf85aae18779,13fb763cd2b6f5e6c5d2d13aaecfbc590489a8a83587a49966b8b08479f4743d,1.0815646258503402,1.0815646258503402,0.10971484333276749,0.9999964459315015,19.996814138595212,0,0,0,,
assets/audio/units/sun_disc/play_sfx_env_turretbasicattack_missilelaunch_r2.wav,assets/audio/units/sun_disc/play_sfx_env_turretbasicattack_missilelaunch_r2.wav,已重导,81097f4f1a57476f5bd147fcc523328651183ae5b00974c8a90930d0defdcc63,536ae6684895e255163dd2cb12e89a34c53233d22ba3e5cbb231d408dd20c758,1.0889115646258503,1.0889115646258503,0.11047233641147614,0.9999756715086798,19.986740252157528,0,0,0,,
assets/audio/units/sun_disc/play_sfx_env_turretbasicattack_missilelaunch_r3.wav,assets/audio/units/sun_disc/play_sfx_env_turretbasicattack_missilelaunch_r3.wav,已重导,d275d23d674740918b95a328ec7f451a6142cb61e90fcae907dfa79a88294304,74ca9ab9f4725f0621cfe7cf7f02b21cffbb45faf4af6632452dcc47dc98de72,1.0889115646258503,1.0889115646258503,0.1092602014541626,0.9999940660392752,19.994523620661337,0,0,0,,
assets/audio/units/super_minion/chaos/play_sfx_sru_chaosminionsuper_sru_chaosminionsuperbasicattack2_oncast_r1.wav,assets/audio/units/super_minion/chaos/play_sfx_sru_chaosminionsuper_sru_chaosminionsuperbasicattack2_oncast_r1.wav,已重导,d3bd53531f59a5f6e027429f4b8759d43c1a9885ca6aec5dd0d6daa7f20730e9,b406f405a910c5ee9ae363edef93794a871ffe878cc9376f9d55dd0aff2bd31d,1.4482312925170069,1.4482312925170069,0.0021760654635727406,0.9997608746551319,-0.16377892832537294,0,0,0,,
assets/audio/units/super_minion/chaos/play_sfx_sru_chaosminionsuper_sru_chaosminionsuperbasicattack2_oncast_r2.wav,assets/audio/units/super_minion/chaos/play_sfx_sru_chaosminionsuper_sru_chaosminionsuperbasicattack2_oncast_r2.wav,已重导,f3cf28e97717602b22ab8d324b5e21be4d14403e1ffea8e8c932161ab5d5e448,8b5485e93452c1c511f071f35cf70f45d5c1f212f368b21558530f3ac25f7f34,1.3275283446712018,1.3275283446712018,0.0022319213021546602,0.9997816239582115,-0.16302914711225278,0,0,0,,
assets/audio/units/super_minion/chaos/play_sfx_sru_chaosminionsuper_sru_chaosminionsuperbasicattack2_oncast_r3.wav,assets/audio/units/super_minion/chaos/play_sfx_sru_chaosminionsuper_sru_chaosminionsuperbasicattack2_oncast_r3.wav,已重导,8758f2bf3d697562be39b19baec09f8977d6c77c7398b2c7b427ed3e0ec332ae,d116c24532a57aa88131843ad5e316ffa1e05927fb75b90068a61c46bff21582,1.079591836734694,1.079591836734694,0.002286122413352132,0.9997340493105676,-0.17160936624391165,0,0,0,,
assets/audio/units/super_minion/chaos/play_sfx_sru_chaosminionsuper_sru_chaosminionsuperbasicattack2_onhit_r1.wav,assets/audio/units/super_minion/chaos/play_sfx_sru_chaosminionsuper_sru_chaosminionsuperbasicattack2_onhit_r1.wav,已重导,6baec7deb0c48274864c134c6ff8ead83e25afd499619e817458c92a836d7a72,09c4868ae9e2740660ad67fe66f2f2da897ffc0e912e4686253d8603da1f9153,1.4586621315192745,1.4586621315192745,0.006985856220126152,0.9999126325778757,-0.06027110728315538,0,0,0,,
assets/audio/units/super_minion/chaos/play_sfx_sru_chaosminionsuper_sru_chaosminionsuperbasicattack2_onhit_r2.wav,assets/audio/units/super_minion/chaos/play_sfx_sru_chaosminionsuper_sru_chaosminionsuperbasicattack2_onhit_r2.wav,已重导,1ce91c41b6a69cbf9e750957f6d50ad05d7285a18bc1764642b7683301ad7448,2f604da41871cc745942a43ad09b726b23ce483a5a6c1d15fe797ec72aa83772,1.123628117913832,1.123628117913832,0.007144806440919638,0.9999452832089909,-0.05616849974953048,0,0,0,,
assets/audio/units/super_minion/chaos/play_sfx_sru_chaosminionsuper_sru_chaosminionsuperbasicattack2_onhit_r3.wav,assets/audio/units/super_minion/chaos/play_sfx_sru_chaosminionsuper_sru_chaosminionsuperbasicattack2_onhit_r3.wav,已重导,2a46eba13f64f6174d890c9585e3c7d117426a3d7f4360926b4f99b9c52726db,50338e11a38ec5db19b0d276c6467fcd3d83542f483104092b71a4921cf4785f,1.2017913832199547,1.2017913832199547,0.007127941586077213,0.9999557373083169,-0.051911241516974516,0,0,0,,
assets/audio/units/super_minion/chaos/play_sfx_sru_chaosminionsuper_sru_chaosminionsuperbasicattack_oncast_r1.wav,assets/audio/units/super_minion/chaos/play_sfx_sru_chaosminionsuper_sru_chaosminionsuperbasicattack_oncast_r1.wav,已重导,88ae300414bb2a135545589076808c6f9ad75fff6da6730911b6c41733713bbe,2939674a7e4801e1df8442131448ca03be8abab5635f2cb7e487c38973c6e33b,0.8357596371882087,0.8357596371882087,0.002194690518081188,0.9998145025428845,-0.16088750908106977,0,0,0,,
assets/audio/units/super_minion/chaos/play_sfx_sru_chaosminionsuper_sru_chaosminionsuperbasicattack_oncast_r2.wav,assets/audio/units/super_minion/chaos/play_sfx_sru_chaosminionsuper_sru_chaosminionsuperbasicattack_oncast_r2.wav,已重导,ab57b37d3d0cf4e981f48a07a58495dc46882c02814552a48d0bc66260d02b13,172c340a790a55acbe5acefb79c9db3aed0af4de79ca56b2844ee39867d55b37,0.9024489795918368,0.9024489795918368,0.002204097108915448,0.9998183612880602,-0.16351144213092572,0,0,0,,
assets/audio/units/super_minion/chaos/play_sfx_sru_chaosminionsuper_sru_chaosminionsuperbasicattack_oncast_r3.wav,assets/audio/units/super_minion/chaos/play_sfx_sru_chaosminionsuper_sru_chaosminionsuperbasicattack_oncast_r3.wav,已重导,d97a57549ee034c26b9ef0d78f00afae70ce327075c837f73dce657ecf586964,dcf834d9dcc164ca559f18dd1c72e6485b0b97ebbc037179ef39b957e3185cc7,0.9557596371882087,0.9557596371882087,0.0023101945407688618,0.9998100798278519,-0.1623100023670882,0,0,0,,
assets/audio/units/super_minion/chaos/play_sfx_sru_chaosminionsuper_sru_chaosminionsuperbasicattack_onhit_r1.wav,assets/audio/units/super_minion/chaos/play_sfx_sru_chaosminionsuper_sru_chaosminionsuperbasicattack_onhit_r1.wav,已重导,6baec7deb0c48274864c134c6ff8ead83e25afd499619e817458c92a836d7a72,09c4868ae9e2740660ad67fe66f2f2da897ffc0e912e4686253d8603da1f9153,1.4586621315192745,1.4586621315192745,0.006985856220126152,0.9999126325778757,-0.06027110728315538,0,0,0,,
assets/audio/units/super_minion/chaos/play_sfx_sru_chaosminionsuper_sru_chaosminionsuperbasicattack_onhit_r2.wav,assets/audio/units/super_minion/chaos/play_sfx_sru_chaosminionsuper_sru_chaosminionsuperbasicattack_onhit_r2.wav,已重导,1ce91c41b6a69cbf9e750957f6d50ad05d7285a18bc1764642b7683301ad7448,2f604da41871cc745942a43ad09b726b23ce483a5a6c1d15fe797ec72aa83772,1.123628117913832,1.123628117913832,0.007144806440919638,0.9999452832089909,-0.05616849974953048,0,0,0,,
assets/audio/units/super_minion/chaos/play_sfx_sru_chaosminionsuper_sru_chaosminionsuperbasicattack_onhit_r3.wav,assets/audio/units/super_minion/chaos/play_sfx_sru_chaosminionsuper_sru_chaosminionsuperbasicattack_onhit_r3.wav,已重导,2a46eba13f64f6174d890c9585e3c7d117426a3d7f4360926b4f99b9c52726db,50338e11a38ec5db19b0d276c6467fcd3d83542f483104092b71a4921cf4785f,1.2017913832199547,1.2017913832199547,0.007127941586077213,0.9999557373083169,-0.051911241516974516,0,0,0,,
assets/audio/units/super_minion/order/play_sfx_sru_orderminionsuper_sru_orderminionsuperbasicattack2_oncast_r1.wav,assets/audio/units/super_minion/order/play_sfx_sru_orderminionsuper_sru_orderminionsuperbasicattack2_oncast_r1.wav,已重导,00e84ed7e86dc92339c746e673ff8b7281cf26ebe58030c7778a762ad9ce33c7,48dc0deaf3fd49c4045b0bee5b0e7e910490bd41526c6c258d86e9bb83141290,2.5627437641723354,2.5627437641723354,0.0020959172397851944,0.9996646731889545,-0.18726393170416925,0,0,0,,
assets/audio/units/super_minion/order/play_sfx_sru_orderminionsuper_sru_orderminionsuperbasicattack2_oncast_r2.wav,assets/audio/units/super_minion/order/play_sfx_sru_orderminionsuper_sru_orderminionsuperbasicattack2_oncast_r2.wav,已重导,ad999b2bb151e4c821a5d87bf57d7cfa572d1d44e83a633e800749fbe3164107,3ab134f11d104da46bfb3b93eea5bb8a5ea2de57686745bdedc8482e3394f5b4,2.5777551020408165,2.5777551020408165,0.0021250129211694,0.9997358326609281,-0.17113370471293748,0,0,0,,
assets/audio/units/super_minion/order/play_sfx_sru_orderminionsuper_sru_orderminionsuperbasicattack2_oncast_r3.wav,assets/audio/units/super_minion/order/play_sfx_sru_orderminionsuper_sru_orderminionsuperbasicattack2_oncast_r3.wav,已重导,0648823085d7b9e9e82ac6bb496fc4c7ef018da4d0f4fe12f304c87459183672,bcb3ecc91a5fe54180569e504ac0ea792567a0962ab937960eb60f04b965fbcc,2.5056009070294785,2.5056009070294785,0.0022100398782640696,0.9997629171779626,-0.16049647212114246,0,0,0,,
assets/audio/units/super_minion/order/play_sfx_sru_orderminionsuper_sru_orderminionsuperbasicattack2_onhit_r1.wav,assets/audio/units/super_minion/order/play_sfx_sru_orderminionsuper_sru_orderminionsuperbasicattack2_onhit_r1.wav,已重导,2ac6d46e5772af6337659b47abfdfb81dc7ec74a23c82034e1607e62f621cf0f,173158efd235a9eea03dbe440bc1535e3a75a4f9ff0d87d2ebbf8e18816a5bac,1.4167120181405897,1.4167120181405897,0.006442382000386715,0.9999431885142557,-0.06021420726128265,0,0,0,,
assets/audio/units/super_minion/order/play_sfx_sru_orderminionsuper_sru_orderminionsuperbasicattack2_onhit_r2.wav,assets/audio/units/super_minion/order/play_sfx_sru_orderminionsuper_sru_orderminionsuperbasicattack2_onhit_r2.wav,已重导,c33dc8e4e30d75f511368bfc45ec40cc45965dc18aa1fec8e72291180de8ca2f,98661f0ce0aaec0f95ed3d8e1d063a1fd001299706fe134d4a5b1a557142b8d3,1.4720408163265306,1.4720408163265306,0.006225467659533024,0.9999349949157379,-0.06057695593992013,0,0,0,,
assets/audio/units/super_minion/order/play_sfx_sru_orderminionsuper_sru_orderminionsuperbasicattack2_onhit_r3.wav,assets/audio/units/super_minion/order/play_sfx_sru_orderminionsuper_sru_orderminionsuperbasicattack2_onhit_r3.wav,已重导,9d087c93527319e44c85a3c6a8ef6a117c8c218bc5d42eef61e226873b2b1d2e,0e39338db73e846c18f6f52864497be3b82d7fd4f77858f3f2361f608393287d,1.3344671201814058,1.3344671201814058,0.005925022531300783,0.9999593753726032,-0.05461590171479572,0,0,0,,
assets/audio/units/super_minion/order/play_sfx_sru_orderminionsuper_sru_orderminionsuperbasicattack_oncast_r1.wav,assets/audio/units/super_minion/order/play_sfx_sru_orderminionsuper_sru_orderminionsuperbasicattack_oncast_r1.wav,已重导,f1c8ca99da89f4e162d3f90a59855d7219a352604f3d86cc7ef54f1bbf8c7559,66ce6b53bbc2875b5eb017afc88b79cf67012b1f88b91a2e2d34ef03bc2be187,0.7303854875283446,0.7303854875283446,0.0036920930724591017,0.9999105472517538,-0.10857181325703437,0,0,0,,
assets/audio/units/super_minion/order/play_sfx_sru_orderminionsuper_sru_orderminionsuperbasicattack_oncast_r2.wav,assets/audio/units/super_minion/order/play_sfx_sru_orderminionsuper_sru_orderminionsuperbasicattack_oncast_r2.wav,已重导,270ac9b10f5fe3d5c18c7de84f3bdfb56ac9f348b188eaeab93609208b01a779,7baa9226dea29d6f470943cdfc0ef5336083f3f7b686e62ef0786fc888386a39,0.7662811791383219,0.7662811791383219,0.0036539784632623196,0.999893108142143,-0.11778337429149052,0,0,0,,
assets/audio/units/super_minion/order/play_sfx_sru_orderminionsuper_sru_orderminionsuperbasicattack_oncast_r3.wav,assets/audio/units/super_minion/order/play_sfx_sru_orderminionsuper_sru_orderminionsuperbasicattack_oncast_r3.wav,已重导,fa72cdc66dadf0e2d8b84d91ab7dcd0a3155d8bd3b0e66b8b2e03fbbfcc53be4,211cd3050a11f250c1bf200592a18087e8db1565f7e64a7e8908a54856edc055,0.7672562358276644,0.7672562358276644,0.003952547442167997,0.9999240186848288,-0.10131155769843263,0,0,0,,
assets/audio/units/super_minion/order/play_sfx_sru_orderminionsuper_sru_orderminionsuperbasicattack_onhit_r1.wav,assets/audio/units/super_minion/order/play_sfx_sru_orderminionsuper_sru_orderminionsuperbasicattack_onhit_r1.wav,已重导,2ac6d46e5772af6337659b47abfdfb81dc7ec74a23c82034e1607e62f621cf0f,173158efd235a9eea03dbe440bc1535e3a75a4f9ff0d87d2ebbf8e18816a5bac,1.4167120181405897,1.4167120181405897,0.006442382000386715,0.9999431885142557,-0.06021420726128265,0,0,0,,
assets/audio/units/super_minion/order/play_sfx_sru_orderminionsuper_sru_orderminionsuperbasicattack_onhit_r2.wav,assets/audio/units/super_minion/order/play_sfx_sru_orderminionsuper_sru_orderminionsuperbasicattack_onhit_r2.wav,已重导,c33dc8e4e30d75f511368bfc45ec40cc45965dc18aa1fec8e72291180de8ca2f,98661f0ce0aaec0f95ed3d8e1d063a1fd001299706fe134d4a5b1a557142b8d3,1.4720408163265306,1.4720408163265306,0.006225467659533024,0.9999349949157379,-0.06057695593992013,0,0,0,,
assets/audio/units/super_minion/order/play_sfx_sru_orderminionsuper_sru_orderminionsuperbasicattack_onhit_r3.wav,assets/audio/units/super_minion/order/play_sfx_sru_orderminionsuper_sru_orderminionsuperbasicattack_onhit_r3.wav,已重导,9d087c93527319e44c85a3c6a8ef6a117c8c218bc5d42eef61e226873b2b1d2e,0e39338db73e846c18f6f52864497be3b82d7fd4f77858f3f2361f608393287d,1.3344671201814058,1.3344671201814058,0.005925022531300783,0.9999593753726032,-0.05461590171479572,0,0,0,,
assets/audio/units/target_dummy/play_sfx_perks_resolve_aftershock_onbuffactivate_r1.wav,assets/audio/units/target_dummy/play_sfx_perks_resolve_aftershock_onbuffactivate_r1.wav,已重导,bf778c38d004c180d50f0c7da1ce27073d8bb58e814475025d41d4a100697ca0,64167b863d4f658deba2e8826078de40c1eaa8352ab95fc19dba21738b5e2624,2.500702947845805,2.500702947845805,0.2573884129524231,0.999999965090189,11.99900007880279,0,0,0,,
assets/audio/units/target_dummy/play_sfx_perks_resolve_aftershock_onbuffactivate_r2.wav,assets/audio/units/target_dummy/play_sfx_perks_resolve_aftershock_onbuffactivate_r2.wav,已重导,634eeb92aaf419e1d915ad9a5cc403c68148f3ff7c178acc254c13726a2daf75,97ded38a9a784dd51ddbcb0932f7dcd1eb610daba10f705517150eceb25e2580,2.500657596371882,2.500657596371882,0.28495895862579346,0.9999990468742606,11.99871912722707,0,0,0,,
assets/audio/units/target_dummy/play_sfx_perks_resolve_aftershock_onbuffactivate_r3.wav,assets/audio/units/target_dummy/play_sfx_perks_resolve_aftershock_onbuffactivate_r3.wav,已重导,dba1cf440d9c4ef56a3d032ea5cbafaf9f896ab6c05a9f2fd3d3f02c611b11fe,446ec174e1c60e579f030c1997e5aeb6a742ec5d61b8bf462a4fc49b71f83e72,2.500702947845805,2.500702947845805,0.2582015097141266,0.999999944515472,11.999006748133333,0,0,0,,
assets/audio/units/target_dummy/play_sfx_perks_resolve_aftershock_onbuffdeactivate_r1.wav,assets/audio/units/target_dummy/play_sfx_perks_resolve_aftershock_onbuffdeactivate_r1.wav,已重导,2ec05e153e76aa91a547484bf15f804ee507f6ccfa2fa7251c5d2b9ffb6b43ad,d8c08f780c82cd8810f03d2476c1861f99b8aa72e7315967a69827ec81f93347,1.94156462585034,1.94156462585034,0.35517582297325134,0.9999989561844429,9.998479280301884,0,0,0,,
assets/audio/units/target_dummy/play_sfx_perks_resolve_aftershock_onbuffdeactivate_r2.wav,assets/audio/units/target_dummy/play_sfx_perks_resolve_aftershock_onbuffdeactivate_r2.wav,已重导,da87f231f92bd2cd32912e13f383199ec5d43a9628b79e7df0649c7cb9e1ff5b,1f0a9e806f229f8307e972d73bb8a2d90c12911186ded49e940eed991feae912,1.8389795918367347,1.8389795918367347,0.3595007359981537,0.999996755281685,9.996637932162782,0,0,0,,
assets/audio/units/target_dummy/play_sfx_perks_resolve_aftershock_onbuffdeactivate_r3.wav,assets/audio/units/target_dummy/play_sfx_perks_resolve_aftershock_onbuffdeactivate_r3.wav,已重导,b278734f8c47fa59bc3be2e73c8b716eabcab8ac9c1838f563eef43dcb881647,3b869d420d93099812bd0ecc1062d9616bc457a37e7da03cbec3445d33234569,1.9660997732426304,1.9660997732426304,0.34782901406288147,0.9999989337617048,9.997949083937222,0,0,0,,
assets/audio/units/target_dummy/play_sfx_practicedummy_death_r1.wav,assets/audio/units/target_dummy/play_sfx_practicedummy_death_r1.wav,已重导,0f0ededd8b8c15c5dc9cff7597a4eea3200e82d77f68a07abf95001ea4ed0cc0,36354fa4277725575ca615a5754db834b835ea838cca967ddcd449530f56410d,0.8958049886621315,0.8958049886621315,0.12826021015644073,0.9999999170281227,17.999026628377614,0,0,0,,
assets/audio/units/target_dummy/play_sfx_practicedummy_death_r2.wav,assets/audio/units/target_dummy/play_sfx_practicedummy_death_r2.wav,已重导,9449c6c4ebc69b2464d976859f3ef2583d24081ec600258d0f465493e3d1879c,faa49918d702d4a27bd5dd6a9f4a67085c58ccc167e301b89a434d1f2c2bfd57,0.9211337868480726,0.9211337868480726,0.12226345390081406,0.9999999627810024,17.999128296558368,0,0,0,,
assets/audio/units/target_dummy/play_sfx_practicedummy_death_r3.wav,assets/audio/units/target_dummy/play_sfx_practicedummy_death_r3.wav,已重导,0fddd0ea7b37166b7c5e08af790bf6695d41a5b82af95405e5fc679a2652690b,a792a0e7a75c623b11a20efcfdd649d050e81c511cf64c40efebbce587802a00,1.1264625850340135,1.1264625850340135,0.13197506964206696,0.999999218090184,17.997631973226532,0,0,0,,
assets/audio/units/target_dummy/play_sfx_practicedummy_onhit_r1.wav,assets/audio/units/target_dummy/play_sfx_practicedummy_onhit_r1.wav,已重导,6d46b53a62e5353e1fd68a75f6c9c76ebaac81afaa84338aa6f5715d653431c0,d3489aaab9f852ef2c1c01ecdff9260287830c3cf9c8f4ac51fbee8f19156ccb,0.568185941043084,0.568185941043084,0.1100199893116951,0.9999998437602623,17.99853705743571,0,0,0,,
assets/audio/units/target_dummy/play_sfx_practicedummy_onhit_r2.wav,assets/audio/units/target_dummy/play_sfx_practicedummy_onhit_r2.wav,已重导,665c0ce5d84d3e77fc7e57bcdb591adc0192e0d678a126206dd98e561b34c5cf,025cfe4b5cd8ac1fdfb5660a5fec5d945a4cc9d946e9b5b5d741a31308bb4813,0.49560090702947845,0.49560090702947845,0.1254785805940628,0.9999999415892398,17.998930387115866,0,0,0,,
assets/audio/units/target_dummy/play_sfx_practicedummy_onhit_r3.wav,assets/audio/units/target_dummy/play_sfx_practicedummy_onhit_r3.wav,已重导,244437b7ce25e9f73aac2906d168ac3632bc2a052f892ea08ac6fbffbd38c69e,9a51dc22a5f1bc355f527fdf22d1f7bb7190cfb30d3e23077f27c7622a23f757,0.4938321995464853,0.4938321995464853,0.08499941229820251,0.9999999184876381,17.998771382839443,0,0,0,,
assets/audio/units/target_dummy/play_sfx_practicedummy_onhit_r4.wav,assets/audio/units/target_dummy/play_sfx_practicedummy_onhit_r4.wav,已重导,e5019d4aca602749168b84d9f2ebd964e09068f5c7807d667cd6f5e46527eeb5,94b3b1e312268e5eaa3db38714aa6a430fdfbee8711bf4058fa8d1a65f42587d,0.6257369614512471,0.6257369614512471,0.07128200680017471,0.999999898319782,17.99868742245961,0,0,0,,
assets/audio/units/target_dummy/play_sfx_practicedummy_spawn_r1.wav,assets/audio/units/target_dummy/play_sfx_practicedummy_spawn_r1.wav,已重导,7f52b16d4fbbfafc4a3172e2acec5819c42ccecee0bfb60ced1756fc82d27969,bd85dc2a4b3faeb68965b753394dcb63dade10f17b3287f40df71fa885aa3756,1.23,1.23,0.2103864550590515,0.9999993043970581,13.998334771995607,0,0,0,,
assets/audio/units/target_dummy/play_sfx_practicedummy_spawn_r2.wav,assets/audio/units/target_dummy/play_sfx_practicedummy_spawn_r2.wav,已重导,138c0a14073452aa0e52e58bd2c3e81211881e0213add3b75997f2ceb3a184f8,7f3fb2afbc46baa8af363a0e351fe6ab2afb33c807304becb4f3d5c87bce583a,1.19,1.19,0.19357293844223022,0.9999999493602997,13.998718737429773,0,0,0,,
assets/audio/units/teemo/play_sfx_teemo_respawn3d_buffactivate.wav,assets/audio/units/teemo/play_sfx_teemo_respawn3d_buffactivate.wav,已重导,6124015f22902962c874288281f45c20d4cd0f32d090decd2f113ee046778902,9bc721681989ff4d99ad99a139fa12384a43095eb26a4efd066f97693367b939,1.2142857142857142,1.2142857142857142,0.13790954649448395,0.9999998543507016,-0.0038020146608161855,0,0,0,,
assets/audio/units/teemo/play_sfx_teemo_teemobasicattack_oncast_r1.wav,assets/audio/units/teemo/play_sfx_teemo_teemobasicattack_oncast_r1.wav,已重导,95998c773c37494176d07dbb7d3ecf8b4e3122d0ef7aa1dfe1228cab960fbd10,4be181db9eff3977349a7f3faf061b594818e9191d2ddf964f43d9ff91e6e911,0.4843310657596372,0.4843310657596372,0.16128145158290863,0.9999994601166219,-0.004836673927364534,0,0,0,,
assets/audio/units/teemo/play_sfx_teemo_teemobasicattack_oncast_r2.wav,assets/audio/units/teemo/play_sfx_teemo_teemobasicattack_oncast_r2.wav,已重导,df4cf8d284c785b606ec402117031ed1c1ae725513a339140b685c939e0117b4,729885ebe68ce98fc1b683ee75ad4d47e362f8d0610c6ef59520ecb508d32383,0.543718820861678,0.543718820861678,0.17812000215053558,0.9999993185277948,-0.004979902979834039,0,0,0,,
assets/audio/units/teemo/play_sfx_teemo_teemobasicattack_onhit_r1.wav,assets/audio/units/teemo/play_sfx_teemo_teemobasicattack_onhit_r1.wav,已重导,8a5d3ce0ef883bbe1bdf64b96cd8c703ba94861bd3a54faf36801f9f545a7aa4,a83b93c3ace4ff019e423af6cbe5eb408dc040302591845b593a8bc2b131725c,0.4948526077097506,0.4948526077097506,0.12097501009702682,0.9999989921569357,-0.0048389931021940655,0,0,0,,
assets/audio/units/teemo/play_sfx_teemo_teemobasicattack_onhit_r2.wav,assets/audio/units/teemo/play_sfx_teemo_teemobasicattack_onhit_r2.wav,已重导,5e9c2547e76781f6c46844752a3e9d4bcb81213a19c075d4d1d06bf1358540b4,5758c3d5fcddf0bf7ecdde4f3fe7a48407d3d642276f5eeb40d2e60bf6d2f439,0.5290022675736962,0.5290022675736962,0.1277235895395279,0.9999991570046057,-0.004069340843659936,0,0,0,,
assets/audio/units/teemo/play_sfx_teemo_teemobasicattack_onmissilelaunch_r1.wav,assets/audio/units/teemo/play_sfx_teemo_teemobasicattack_onmissilelaunch_r1.wav,已重导,a78034a66a365d268030335e78e62f19be14bcf68a2a85fe79a1424fbd68ee9b,1b2268912ea751483e25001bd47c24e5da07d6cc6c0ae870fe22b8465f97fbb2,0.7607029478458049,0.7607029478458049,0.11069145798683167,0.9999995038605588,-0.0037017510200744327,0,0,0,,
assets/audio/units/teemo/play_sfx_teemo_teemobasicattack_onmissilelaunch_r2.wav,assets/audio/units/teemo/play_sfx_teemo_teemobasicattack_onmissilelaunch_r2.wav,已重导,e9b395cf8faabb49af5f7447537cc0c6e21b8970d03efab777929d47b764f267,bc14a7182d146f184d4d13790d25b74e1a5b27da835cefeaee4abb0b263a63d8,0.7262585034013606,0.7262585034013606,0.11186933517456055,0.9999994512233397,-0.003795002064014503,0,0,0,,
assets/audio/units/teemo/play_sfx_teemo_teemoq_oncast.wav,assets/audio/units/teemo/play_sfx_teemo_teemoq_oncast.wav,已重导,7ff3b2e0800485c3dc1dc4cd99eeefa5cbc1a970ffba1dd15bd38880489f77a1,a828118a9e918b18cf730e33fa9cda26059a5a05d73e4e315ebdae019aef3546,0.6325850340136054,0.6325850340136054,0.403823584318161,0.9999999032469256,-0.0017661210203595932,0,0,0,,
assets/audio/units/teemo/play_sfx_teemo_teemoq_onhit_r1.wav,assets/audio/units/teemo/play_sfx_teemo_teemoq_onhit_r1.wav,已重导,9b7f470b659031121636591609bfcb5f160ec84f48e24c9de978aca947a15d39,d8f0f5cb06e57be1079e3b3d3b15598364373cc55501991eb1be60eaa09d8e95,1.9875056689342403,1.9875056689342403,0.20870338380336761,0.9999998952254345,-0.0025459246022225216,0,0,0,,
assets/audio/units/teemo/play_sfx_teemo_teemoq_onhit_r2.wav,assets/audio/units/teemo/play_sfx_teemo_teemoq_onhit_r2.wav,已重导,5b36bc8ba23f091a264fe6e537c491fe0e4f89cf21465b6be40442704387f5e7,1a6bf4cc97031f43e77ea46ad3c3a3b755afa921b78668c2596c81b9045ba995,1.954172335600907,1.954172335600907,0.21286419034004211,0.9999998771560146,-0.00248314382527405,0,0,0,,
assets/audio/units/teemo/play_sfx_teemo_teemoq_onmissilelaunch_r1.wav,assets/audio/units/teemo/play_sfx_teemo_teemoq_onmissilelaunch_r1.wav,已重导,add5e2e6b2262344a110d7b738e54466253f397dc6fa479db236913c542c3a13,9f423302827611570a428282773dc7f003594599010a0752dbe856ae3b0b91cc,1.4085260770975057,1.4085260770975057,0.2112242430448532,0.9999998925684553,-0.0020335222740829285,0,0,0,,
assets/audio/units/teemo/play_sfx_teemo_teemoq_onmissilelaunch_r2.wav,assets/audio/units/teemo/play_sfx_teemo_teemoq_onmissilelaunch_r2.wav,已重导,ede060460d1395cbd726424d7e8b4916b6c9ffea05c6233c8a03522950a069ac,7b0a2570ac8442ed67e3657225ac80566e38f6d1115faa06732020e3a2e8d3c0,1.4166666666666667,1.4166666666666667,0.2110022008419037,0.9999999046411402,-0.002063599210133958,0,0,0,,
assets/audio/units/teemo/play_vo_teemo_death3d_r1_zh_cn.wav,assets/audio/units/teemo/play_vo_teemo_death3d_r1_zh_cn.wav,已重导,172a386f0d5625322d23d2ff82d30ef8ed1f4c9d56bdbf9ac2b8a75c784491a7,d368b97e35a905eebb4ab8951e4a4fd7393bc7c55b0df34b36f0a77eb48f994c,1.5,1.5,0.11296354234218597,0.9999999595451331,13.998679904500484,0,0,0,atrim=duration=1.5;afade=t=out:st=1.0:d=0.5,
assets/audio/units/teemo/play_vo_teemo_death3d_r2_zh_cn.wav,assets/audio/units/teemo/play_vo_teemo_death3d_r2_zh_cn.wav,已重导,f4fa9c68b9806d26084f76ba145c8b47edecb5e2958efbe6dccc5b765e71df67,66a0af5f245564b29b15148f4796d28bbc05096ed580ee14212fa1b20d219700,1.5,1.5,0.1126534640789032,0.9999999623452267,13.998922622156446,0,0,0,atrim=duration=1.5;afade=t=out:st=1.0:d=0.5,
assets/audio/units/teemo/play_vo_teemo_death3d_r3_zh_cn.wav,assets/audio/units/teemo/play_vo_teemo_death3d_r3_zh_cn.wav,已重导,581e995937841059737c8e5b0c378acb8a1bb95de2fdbeb13e60dbb3354e1355,09efe91af2cb491971fdf6b06c17f99a303b693e806215ccdbc316a84876f25f,1.5,1.5,0.1265375018119812,0.9999999717521088,13.998937164958232,0,0,0,atrim=duration=1.5;afade=t=out:st=1.0:d=0.5,
assets/audio/units/tombstone/play_sfx_yorick_yorickw_death_r1.wav,assets/audio/units/tombstone/play_sfx_yorick_yorickw_death_r1.wav,已重导,f2817ad7ab577d3cdf02a7e313b4258f5db3355b0d55b76f4f8aa33c2e56ac49,a18a38b2fe75de0473f38ede858b67d87849ed0d12718be6ae059d5aedf8b826,1.5,1.5,0.1357811838388443,0.9999999110116055,-0.0034980393597264276,0,0,0,atrim=duration=1.5;afade=t=out:st=1.0:d=0.5,
assets/audio/units/tombstone/play_sfx_yorick_yorickw_death_r2.wav,assets/audio/units/tombstone/play_sfx_yorick_yorickw_death_r2.wav,已重导,22354dcf39f26ba072555165607c3649fcfbee919efec5f05dcf7fbfecf85cdf,8c4b7d49c47ac1ffc51a350d51a6035b89a94f5ed7c529b2848eaf4ed5139369,1.5,1.5,0.1398785263299942,0.9999998706969689,-0.0037419184559778426,0,0,0,atrim=duration=1.5;afade=t=out:st=1.0:d=0.5,
assets/audio/units/tombstone/play_sfx_yorick_yorickw_death_r3.wav,assets/audio/units/tombstone/play_sfx_yorick_yorickw_death_r3.wav,已重导,f63c30c4fe8bd8f243ff520d7c23727e68cbade75bdb68e936ae352c931289d5,02a4e2fee0dbb7316dd929eb3f6393572d8acb94fcdf1475855ab4fcfcf05d77,1.5,1.5,0.13385935127735138,0.9999999134015091,-0.0036045891762990054,0,0,0,atrim=duration=1.5;afade=t=out:st=1.0:d=0.5,
assets/audio/units/tombstone/play_sfx_yorick_yorickw_death_r4.wav,assets/audio/units/tombstone/play_sfx_yorick_yorickw_death_r4.wav,已重导,9655a732f22d81b3861c96ff16d0cff5c50d0a419a5881f4f77fdbfaab07efd3,7f3f3d56c378a89858b428261c54b50832443b7e7c6ad09a5acf6adc705bac5f,1.5,1.5,0.13126268982887268,0.9999998671619369,-0.0039041056589902935,0,0,0,atrim=duration=1.5;afade=t=out:st=1.0:d=0.5,
assets/audio/units/tombstone/play_sfx_yorick_yorickw_oncast_r1.wav,assets/audio/units/tombstone/play_sfx_yorick_yorickw_oncast_r1.wav,已重导,7684a41da75159c7f3c1d7d393129e64c992560b86ab946c59388273dfdb0df1,9fbd566bfc4dcedc9300f0503b7281a8380151afa9e0ab94805c291eef514082,1.1729478458049887,1.1729478458049887,0.09457049518823624,0.9999998410362115,-0.004325458550059279,0,0,0,,
assets/audio/units/tombstone/play_sfx_yorick_yorickw_onhitlocation_r1.wav,assets/audio/units/tombstone/play_sfx_yorick_yorickw_onhitlocation_r1.wav,已重导,6423f9d1d888bb7eda1fd6deadabdde2d124f359931a4985d71b2b96f15b9071,a96c15016c81f2ca2621332df0bd0e07f9bd412c3b39503c5a0a9e5ac636acdb,3.474285714285714,3.474285714285714,0.32743731141090393,0.9999999334858605,-0.0021375621628913826,0,0,0,,
assets/audio/units/tombstone/play_sfx_yorick_yorickw_onhitlocation_r2.wav,assets/audio/units/tombstone/play_sfx_yorick_yorickw_onhitlocation_r2.wav,已重导,45f386449169e9164594cb8ebc701b9736554010181565f29489cc9dec630622,a96c15016c81f2ca2621332df0bd0e07f9bd412c3b39503c5a0a9e5ac636acdb,3.474285714285714,3.474285714285714,0.32743731141090393,0.9999999725275002,3.998548019592643,0,0,0,,
assets/audio/units/tombstone/play_sfx_yorick_yorickwwalllife_onbuffactivate_r1.wav,assets/audio/units/tombstone/play_sfx_yorick_yorickwwalllife_onbuffactivate_r1.wav,已重导,2401b05e98b7f0d524b120077206854b194e24fc9d4757fada191a8562d6e206,8a888ced0a1710261e30863fd3de76ff51b37bfa191117cf536cbdce9a5f2047,23.408367346938775,23.408367346938775,0.060529209673404694,0.9999994438788968,-0.010752652399779789,0,0,0,,
assets/audio/units/tristana/deploy_cannot_touch_me_zh_cn.wav,assets/audio/units/tristana/deploy_cannot_touch_me_zh_cn.wav,已重导,c9724272e1d24fcb445eb950852106e475df65ea3a92c472563c32fb95c8ee97,5713dbce235a4f283c0e2e06ba37af18ef126616455db5555756d7860af69dd9,1.1598866213151928,1.1598866213151928,0.1033850610256195,0.999999992093409,9.999986706927334,0,0,0,,
assets/audio/units/tristana/deploy_crossfire_zh_cn.wav,assets/audio/units/tristana/deploy_crossfire_zh_cn.wav,已重导,ed0ec36a4d4341edd2cf9ada58baf82f2ce17551693c3bfb4369d0303d298c40,f39a2edc30edc7798b57628883fd001dccf6f005532ea8334f55e3032a051416,0.9036054421768708,0.9036054421768708,0.12051939219236374,0.9999999911215076,10.000007330774828,0,0,0,,
assets/audio/units/tristana/deploy_ready_aim_fire_zh_cn.wav,assets/audio/units/tristana/deploy_ready_aim_fire_zh_cn.wav,已重导,5340630e760233e996a521353821da64df72e748ab52d694b44b4614a5c3a7c9,c2353f1b501d2c0e5572401bce92513348257fc9af35f817574301ca7b6cc18b,2.035079365079365,2.035079365079365,0.12998144328594208,0.9999999752254969,9.999994749629671,0,0,0,,
assets/audio/units/tristana/play_sfx_tristana_tristanabasicattack_onhit_1559186049_1153642577_r_d.wav,assets/audio/units/tristana/play_sfx_tristana_tristanabasicattack_onhit_1559186049_1153642577_r_d.wav,已重导,bf18a6f4e9b5f70ad84e3145ab6202b9ac9d3a67d998bca2e45e54d520af117e,c24512d9d67251f7782b4fe3b2455ae79fa6bb4d01445c18cff06e2b7415553a,0.6792290249433106,0.6792290249433106,0.16939391195774078,0.9999999962749829,13.999984958932913,0,0,0,,
assets/audio/units/tristana/play_sfx_tristana_tristanabasicattack_onmissilelaunch_r1_d.wav,assets/audio/units/tristana/play_sfx_tristana_tristanabasicattack_onmissilelaunch_r1_d.wav,已重导,9bacd7b7f9e9f0f0af6becddffdf9e2d5ddd2b053675f8dab406da99b0f97aa9,ef539c327fbd721aec38d7563b28194bb4380c30ce7431b39be234219f0f42db,0.76859410430839,0.76859410430839,0.11586477607488632,0.9999999605692629,13.000007890348746,0,0,0,,
assets/audio/units/tristana/play_sfx_tristana_tristanabasicattack_onmissilelaunch_r2_d.wav,assets/audio/units/tristana/play_sfx_tristana_tristanabasicattack_onmissilelaunch_r2_d.wav,已重导,8c6ed84802f08a4e6f3fc89b0684b88c38204709b8cafcfa5ca2b4ee328236ad,6241180d1bcca2ad5d11cb9fba3ede455aa2eaa4f304d757b1db1ad815b0fe57,0.7397959183673469,0.7397959183673469,0.13719768822193146,0.9999999774029918,12.999980311712626,0,0,0,,
assets/audio/units/tristana/play_sfx_tristana_tristanabasicattack_onmissilelaunch_r3_d.wav,assets/audio/units/tristana/play_sfx_tristana_tristanabasicattack_onmissilelaunch_r3_d.wav,已重导,0c5d0aaef627fcc69d957e8602d69405c313c6c34b4ce2acd8dfb5a2032c18fa,edb6f2d23677c9c4d3c7d2ef79cf8bc3f84301f68418aa1664f4e3e16a79ee3b,0.7397959183673469,0.7397959183673469,0.11860182881355286,0.9999999699150034,13.000025112694061,0,0,0,,
assets/audio/units/tristana/play_sfx_tristana_tristanaq_onbuffdeactivate.wav,assets/audio/units/tristana/play_sfx_tristana_tristanaq_onbuffdeactivate.wav,已重导,6d1106e9a6135a7f88261a22e7b1ed2eb171af7963364898f01fce1a39f9f66e,af1890475d16b12b0aa32caca784e1970fc72b2ce3afc33fc2e2ddf609171818,1.3512244897959185,1.3512244897959185,0.15221600234508514,0.9999999835135495,12.999991943470096,0,0,0,,
assets/audio/units/tristana/play_sfx_tristana_tristanaq_oncast_r1.wav,assets/audio/units/tristana/play_sfx_tristana_tristanaq_oncast_r1.wav,已重导,895cce1b12e5fee34e97a98fd982a9edb2ff4775e3b8c1e314616fe3bfdab96a,e59268d41f423b1e663366b4c09721c1a6790a01b49b1636fe55e943ae30f8ef,2.6743310657596373,2.6743310657596373,0.23799598217010498,0.9999999963958794,8.999993962892678,0,0,0,,
assets/audio/units/tristana/play_sfx_tristana_tristanaq_oncast_r2.wav,assets/audio/units/tristana/play_sfx_tristana_tristanaq_oncast_r2.wav,已重导,56367f9b9ef381c6a3f1f0e61f3cbbd9cad2204bb8cb5718683ca20fed710225,402ae34453272c8001f9ebc73da8cde2750b8ed20a3ce58e9acfd41978bb384e,3.198843537414966,3.198843537414966,0.22535599768161774,0.9999999955984111,9.000002530510999,0,0,0,,
assets/audio/units/tristana/play_sfx_tristana_tristanaq_oncast_r3.wav,assets/audio/units/tristana/play_sfx_tristana_tristanaq_oncast_r3.wav,已重导,fb67de7650c02bca07bf446627bc9e9013a7f8cef452c461ad391ec95200fef6,4f284e3593d50e2d88f15f4df6ccaf4ff2cdff768f0006fede32ca13003f0a84,2.7221768707482994,2.7221768707482994,0.23156553506851196,0.9999999965472035,8.999994474338667,0,0,0,,
assets/audio/units/tristana/play_vo_tristana_death3d_r1_zh_cn.wav,assets/audio/units/tristana/play_vo_tristana_death3d_r1_zh_cn.wav,已重导,47398c5ba3383ad81afa9efb61d2264728ffa23f1c29292416fd549366c77058,dcbf8436ecdf4275a870924462251cf978e0ff08855da5693dc4983cf6123e97,1.5,1.5,0.27672630548477173,0.9999999946112281,7.999972760886117,0,0,0,atrim=duration=1.5;afade=t=out:st=1.0:d=0.5,
assets/audio/units/tristana/play_vo_tristana_death3d_r2_zh_cn.wav,assets/audio/units/tristana/play_vo_tristana_death3d_r2_zh_cn.wav,已重导,5b3b164b47d93595192acad354e10d2f77d902a217caa547fa6abea30ea58c94,23d77366dc459a71711a0b525f78868ba61231b44468311b9da5f91df34af9bc,1.5,1.5,0.28272923827171326,0.999999995823258,7.999985117308654,0,0,0,atrim=duration=1.5;afade=t=out:st=1.0:d=0.5,
assets/audio/units/tristana/play_vo_tristana_death3d_r3_zh_cn.wav,assets/audio/units/tristana/play_vo_tristana_death3d_r3_zh_cn.wav,已重导,6e2cd0e94feb3e36a010d01f8c186336fd9e57c43f468bfda74ec6a06d26fa47,db867622407c918573662bd1898a7e673b722c714a6254d4747fdc4ea31d465a,1.5,1.5,0.28980958461761475,0.9999999946549097,8.000007701624575,0,0,0,atrim=duration=1.5;afade=t=out:st=1.0:d=0.5,
assets/audio/units/tryndamere/attack1_1.wav,assets/audio/units/tryndamere/attack1_1.wav,已重导,b11df45490615a1fd5ab5a77a46c200dcbe24eb72b74e36a0cc0c2eb747d9cac,846db716cb581a3990a4de0e26168e8f79a4f6981abcc057cc5f7eb0265705d0,0.9214285714285714,0.9214285714285714,0.17203880846500397,0.9999999931825219,13.783600340439007,0,0,0,,
assets/audio/units/tryndamere/attack1_2.wav,assets/audio/units/tryndamere/attack1_2.wav,已重导,505766b662043c514160d1fa5d950b36f820ecec980bb9016e86d21eaf7e0217,713b68927734b581433b20685434d769e8da5acaba0c3a3ae469755917a427ed,1.0944444444444446,1.0944444444444446,0.14934226870536804,0.9999999709869343,13.783621093640644,0,0,0,,
assets/audio/units/tryndamere/attack1_3.wav,assets/audio/units/tryndamere/attack1_3.wav,已重导,48aaff702366bb5399f3ff1892d5859f6c14c5a38c48513778a262ab9f24665c,90e187b0aab2fed9474052e374b029294a8f8e8f74652affa73052d530b279b2,0.868140589569161,0.868140589569161,0.16662204265594482,0.9999999920536932,13.78362313876927,0,0,0,,
assets/audio/units/tryndamere/attack1_4.wav,assets/audio/units/tryndamere/attack1_4.wav,已重导,a4c0039f9105b325243d1e23bc22b49a2ccc20a55e839eb8876fc11a98d7a33f,ca4b9a1ff752c1b4d5022b4455e301557f7e6056f6a0112635023b3c7e27613f,0.8275510204081633,0.8275510204081633,0.16097205877304077,0.999999988369885,13.783608061833847,0,0,0,,
assets/audio/units/tryndamere/attack2_1.wav,assets/audio/units/tryndamere/attack2_1.wav,已重导,b11df45490615a1fd5ab5a77a46c200dcbe24eb72b74e36a0cc0c2eb747d9cac,846db716cb581a3990a4de0e26168e8f79a4f6981abcc057cc5f7eb0265705d0,0.9214285714285714,0.9214285714285714,0.17203880846500397,0.9999999931825219,13.783600340439007,0,0,0,,
assets/audio/units/tryndamere/attack2_2.wav,assets/audio/units/tryndamere/attack2_2.wav,已重导,505766b662043c514160d1fa5d950b36f820ecec980bb9016e86d21eaf7e0217,713b68927734b581433b20685434d769e8da5acaba0c3a3ae469755917a427ed,1.0944444444444446,1.0944444444444446,0.14934226870536804,0.9999999709869343,13.783621093640644,0,0,0,,
assets/audio/units/tryndamere/attack2_3.wav,assets/audio/units/tryndamere/attack2_3.wav,已重导,48aaff702366bb5399f3ff1892d5859f6c14c5a38c48513778a262ab9f24665c,90e187b0aab2fed9474052e374b029294a8f8e8f74652affa73052d530b279b2,0.868140589569161,0.868140589569161,0.16662204265594482,0.9999999920536932,13.78362313876927,0,0,0,,
assets/audio/units/tryndamere/attack2_4.wav,assets/audio/units/tryndamere/attack2_4.wav,已重导,a4c0039f9105b325243d1e23bc22b49a2ccc20a55e839eb8876fc11a98d7a33f,ca4b9a1ff752c1b4d5022b4455e301557f7e6056f6a0112635023b3c7e27613f,0.8275510204081633,0.8275510204081633,0.16097205877304077,0.999999988369885,13.783608061833847,0,0,0,,
assets/audio/units/tryndamere/crit_1.wav,assets/audio/units/tryndamere/crit_1.wav,已重导,e365f7a5b0c11dc095500e1d76e548787cd72b4e95cd0445b9332892013607bb,c6f45a8a51f4be406fc5e0b67ac647733354fc475010c810c0bbd66b1a11c349,1.1666666666666667,1.1666666666666667,0.20828738808631897,0.9999999964299395,11.783604620572067,0,0,0,,
assets/audio/units/tryndamere/crit_2.wav,assets/audio/units/tryndamere/crit_2.wav,已重导,a0352ba39d2da686efdde201f59c3e3b92b6d811e7598e5bf199e86e021a16e7,139fd908d20923c37d2761ec9d092d9bd1bbf66b5bbbd3ae619597321e366b4c,1.3159410430839003,1.3159410430839003,0.21421194076538086,0.9999999952082242,11.78361674969819,0,0,0,,
assets/audio/units/tryndamere/crit_3.wav,assets/audio/units/tryndamere/crit_3.wav,已重导,fe79cd47c0cc9f3dad96e37628ccdd18e87238053f4bc06fa3c91937c420ddda,8c6443228040ef6f30029a3e3f0571047b21da94bada57c9798fd8f59e2ebfd4,0.9255555555555556,0.9255555555555556,0.21484406292438507,0.9999999954270727,11.783618957956,0,0,0,,
assets/audio/units/tryndamere/crit_4.wav,assets/audio/units/tryndamere/crit_4.wav,已重导,b63fd47320c608bf9a178eba8bf2a0f1546d4c87e98e77713843ca52660207c4,6de9115b4756d6aadeaf4981e52be57d1cc3594207d0bc424f420df14e247df4,1.070657596371882,1.070657596371882,0.21646133065223694,0.9999999965741494,11.78361382499753,0,0,0,,
assets/audio/units/tryndamere/crit_hit_1.wav,assets/audio/units/tryndamere/crit_hit_1.wav,已重导,6748345f36ead7a5b8aba0d5c864f889efc5cfbac12d238adf485108dc95a3f8,2598c356d516064ae42a1cb895311022863ffab2e9c384cdfc1b90965eece1e1,0.9668480725623583,0.9668480725623583,0.19483229517936707,0.999999993385968,12.783599864817612,0,0,0,,
assets/audio/units/tryndamere/crit_hit_2.wav,assets/audio/units/tryndamere/crit_hit_2.wav,已重导,510dcf98a118feeaafd4e05a5d8eea6d6ed488a4722f81053776e5c8ab93f43b,224db27d4b6443b348bd90bee6c3e9c22e32558af454f458c2cf05e850ccf833,1.0041043083900227,1.0041043083900227,0.17773671448230743,0.9999999948638433,12.783597741822204,0,0,0,,
assets/audio/units/tryndamere/crit_hit_3.wav,assets/audio/units/tryndamere/crit_hit_3.wav,已重导,74baeb9d4288d5b13920adb7487b757d383b9c07ae584c9ab057db9646dd5a2f,f316e1d5ba1965e99f845ae45a427d6bf3ae1f75240cc1382f4e9b4ce75c9933,0.9911791383219954,0.9911791383219954,0.182123064994812,0.9999999962893634,12.783607628675199,0,0,0,,
assets/audio/units/tryndamere/crit_hit_4.wav,assets/audio/units/tryndamere/crit_hit_4.wav,已重导,de636a48f65ec188ea6a75f86ae237dfc517d9b54893a3f0dc57f066b704ecca,c0b2970e1539dc7c51360485e890fcb7f57d1bd2149f0f3659a25a180103850a,0.9894104308390023,0.9894104308390023,0.18541784584522247,0.9999999939458684,12.783593585816554,0,0,0,,
assets/audio/units/tryndamere/death_1.wav,assets/audio/units/tryndamere/death_1.wav,已重导,daf546dbcf02780696a5d1f4911b6d69baaf133ee79ea1829ea7b5c76643fcfd,8c2169f956a4211134a5d05f94a911f05ee7a4089f6c0ecf3497dfeef9eaee02,1.0,1.0,0.1557437628507614,0.9999999813233422,9.783613079577794,0,0,0,atrim=duration=1;afade=t=out:st=0.8:d=0.2,
assets/audio/units/tryndamere/death_2.wav,assets/audio/units/tryndamere/death_2.wav,已重导,9fd3a80df920d3902bfb2a41cfb073ce08be1e6ca6c88e63c7fb1e34311cc275,d55dbb8883d3fbb5df6d31bc17fb4b029e12770d0d55ebb9512f4468d42b7353,1.0,1.0,0.19389590620994568,0.9999999921122719,9.783618910711272,0,0,0,atrim=duration=1;afade=t=out:st=0.8:d=0.2,
assets/audio/units/tryndamere/death_3.wav,assets/audio/units/tryndamere/death_3.wav,已重导,a4a5cdd0d5431c90c26b0fa2fc37e1ed18c17eafb445f46b644abcaa2577ad51,0a37a66df7b286da0360bcca0484d8bc974dcdab9302e0333bf482d9fcddc360,1.0,1.0,0.17627625167369843,0.9999999894548538,9.7836204718436,0,0,0,atrim=duration=1;afade=t=out:st=0.8:d=0.2,
assets/audio/units/tryndamere/deploy_1.ogg,assets/audio/units/tryndamere/deploy_1.wav,已重导,7699002f509acd75bdc0381bb7ff81ea0aa553af638413e619a14d418a40d2cf,636bcb214a8a1e69df3ae0858f3d2ae816a37577926c6137bc05387b7156f653,3.5164583333333335,3.5164583333333335,1.0563156604766846,0.9999999998826019,-2.216394531994049,0,0,0,,
assets/audio/units/tryndamere/deploy_2.wav,assets/audio/units/tryndamere/deploy_2.wav,已重导,28c2ea3a0b3c8f4db0328fc2b0f3b52fcf8cc6bc16107c10a3ece1cf2dee02c0,7da4065c10badadd42dcd182b791007e1d36407dddb02c6223d559e77005e906,1.5868480725623584,1.5868480725623584,0.19615451991558075,0.9999999931742072,9.783602868142635,0,0,0,,
assets/audio/units/tryndamere/deploy_3.wav,assets/audio/units/tryndamere/deploy_3.wav,已重导,22c46c0e73df18308fe5e7e2ffce70aa03e2d964995a6a2a671b6d6dfee989f8,442e13fa9fb9f38232347acea3ea9dc4c2f9933d985434d1e23edb975325c8a9,2.4764625850340134,2.4764625850340134,0.18919548392295837,0.9999999913644325,9.78360266372815,0,0,0,,
assets/audio/units/tryndamere/hit1_1.wav,assets/audio/units/tryndamere/hit1_1.wav,已重导,e80c2ecae92ed9b2c1429a9eda978eed4ddd9b5096a120d3326d63274414c56e,119aa1dc500ca203ab6221be8b92b783ade6eb1bbb07c4e226c27b3412c13270,0.7514512471655329,0.7514512471655329,0.18313154578208923,0.9999999916269241,12.783605868874663,0,0,0,,
assets/audio/units/tryndamere/hit1_2.wav,assets/audio/units/tryndamere/hit1_2.wav,已重导,2fa7ae820f64a7393a69bfc774594f5ad0852772651a4e1cc79c330008e185b1,49769ff014bebb9d1cdd028fb7d5799224de467a248073c4e82a204ebfdba157,0.8481632653061224,0.8481632653061224,0.20246469974517822,0.9999999913748443,12.783594225751838,0,0,0,,
assets/audio/units/tryndamere/hit1_3.wav,assets/audio/units/tryndamere/hit1_3.wav,已重导,daa5da9467eece4d9115e8b2a3942a6c5d68bb6c969fe2a22e5c5021622b8c92,552e4a92c3d79a0b8244305b890448329d339bd1b7c597c308ddbf47ea08fdfb,0.6024489795918367,0.6024489795918367,0.1906503438949585,0.9999999929074753,12.783624821275797,0,0,0,,
assets/audio/units/tryndamere/hit1_4.wav,assets/audio/units/tryndamere/hit1_4.wav,已重导,108da9438cf1ff4b768ab6daefc004c4ce41e327aa902d5d41dae5fd26883669,ea257333aab5eda4536a744fed25e4299d0d41974d8aa5fe70194fcd29308863,0.5815873015873015,0.5815873015873015,0.20427237451076508,0.9999999921173417,12.7836311053337,0,0,0,,
assets/audio/units/tryndamere/hit2_1.wav,assets/audio/units/tryndamere/hit2_1.wav,已重导,e80c2ecae92ed9b2c1429a9eda978eed4ddd9b5096a120d3326d63274414c56e,119aa1dc500ca203ab6221be8b92b783ade6eb1bbb07c4e226c27b3412c13270,0.7514512471655329,0.7514512471655329,0.18313154578208923,0.9999999916269241,12.783605868874663,0,0,0,,
assets/audio/units/tryndamere/hit2_2.wav,assets/audio/units/tryndamere/hit2_2.wav,已重导,2fa7ae820f64a7393a69bfc774594f5ad0852772651a4e1cc79c330008e185b1,49769ff014bebb9d1cdd028fb7d5799224de467a248073c4e82a204ebfdba157,0.8481632653061224,0.8481632653061224,0.20246469974517822,0.9999999913748443,12.783594225751838,0,0,0,,
assets/audio/units/tryndamere/hit2_3.wav,assets/audio/units/tryndamere/hit2_3.wav,已重导,daa5da9467eece4d9115e8b2a3942a6c5d68bb6c969fe2a22e5c5021622b8c92,552e4a92c3d79a0b8244305b890448329d339bd1b7c597c308ddbf47ea08fdfb,0.6024489795918367,0.6024489795918367,0.1906503438949585,0.9999999929074753,12.783624821275797,0,0,0,,
assets/audio/units/tryndamere/hit2_4.wav,assets/audio/units/tryndamere/hit2_4.wav,已重导,108da9438cf1ff4b768ab6daefc004c4ce41e327aa902d5d41dae5fd26883669,ea257333aab5eda4536a744fed25e4299d0d41974d8aa5fe70194fcd29308863,0.5815873015873015,0.5815873015873015,0.20427237451076508,0.9999999921173417,12.7836311053337,0,0,0,,
assets/audio/units/tryndamere/ultimate_cast_1.wav,assets/audio/units/tryndamere/ultimate_cast_1.wav,已重导,fbd1ec10c7b5865d65028c9dadc36f8ea4d787ccb61d369d95e822b63e382724,21e9be29fa4cb258f9610098d65f0b9cb730d0bda51303d33ea2f66934253272,4.431768707482993,4.431768707482993,0.30375030636787415,0.9999999954631826,5.783603177434764,0,0,0,,
assets/audio/units/tryndamere/ultimate_end_1.wav,assets/audio/units/tryndamere/ultimate_end_1.wav,已重导,2ed6684efffc36bf52b936cf8838289437d4eee9afc93d432c312d9c309a8390,14f2bb4c107f6d8593e549ae683b64cf768ed6b580159300fc431f4fcedd9540,1.8750113378684807,1.8750113378684807,0.23042787611484528,0.9999999951407811,10.783609392908417,0,0,0,,
assets/audio/units/tryndamere/ultimate_sustain_1.wav,assets/audio/units/tryndamere/ultimate_sustain_1.wav,已重导,f855e86816361ca9cf371273815742c5a5627eaf3ac9be07a0a9dc90fabe6bc4,ee6f6727180f89bdc3f0732fd97df16631ab4a97c26842363703044044b7dfe3,9.0,9.0,0.046061884611845016,0.9999999545955434,24.783603606657934,0,0,0,,
assets/audio/units/twisted_fate/play_sfx_twistedfate_cardmasterstack_cast_r1.wav,assets/audio/units/twisted_fate/play_sfx_twistedfate_cardmasterstack_cast_r1.wav,已重导,4ae79918f029a32ff57911965fe9a7d5d0c7018a5b8af97df489ce057ee8c9f1,cf29ec0e8fe54d7ffaf81691c9af5757ef492fbc5bfee60bb81e231c881ccee6,0.649501133786848,0.649501133786848,0.14570972323417664,0.9999998156275333,-0.002956107323315296,0,0,0,,
assets/audio/units/twisted_fate/play_sfx_twistedfate_cardmasterstack_cast_r2.wav,assets/audio/units/twisted_fate/play_sfx_twistedfate_cardmasterstack_cast_r2.wav,已重导,9bbc4d5feebd4dfbad792445bb16a231beec604b075249caa9b46b6c16ca8f67,0770f3e07bd1d2b7116e6e2ce87c60e4f65f8d6decc6a11a32a14128adc38238,0.7180498866213152,0.7180498866213152,0.14084628224372864,0.9999998075476145,-0.002938543898444697,0,0,0,,
assets/audio/units/twisted_fate/play_sfx_twistedfate_cardmasterstack_hit_r1.wav,assets/audio/units/twisted_fate/play_sfx_twistedfate_cardmasterstack_hit_r1.wav,已重导,fa6011cfcefcc34e458d6b1698a4fa338584f2dbae4fd36ab05da0a880eb5396,19c3af24814c0899b39a29557dd4fc235f25f47e13f89fb67b80da0d78aa767a,1.7521995464852607,1.7521995464852607,0.15066121518611908,0.9999998476625603,-0.0024462984239744167,0,0,0,,
assets/audio/units/twisted_fate/play_sfx_twistedfate_cardmasterstack_hit_r2.wav,assets/audio/units/twisted_fate/play_sfx_twistedfate_cardmasterstack_hit_r2.wav,已重导,06462c99af9ab23ff7450931105ecd1cda24d6bb91e29433d5a0cbfe8fde0249,7a885dbf9efecfbd0d3c3987287d244406306a7f0ce70176be1dfa33a50f680e,1.621201814058957,1.621201814058957,0.1514410823583603,0.9999998227624397,-0.00258961503331801,0,0,0,,
assets/audio/units/twisted_fate/play_sfx_twistedfate_cardmasterstack_hit_r3.wav,assets/audio/units/twisted_fate/play_sfx_twistedfate_cardmasterstack_hit_r3.wav,已重导,e58aac75b3b078ff3242efcd73706a3d6a5d4797077cfa2a563c7c60b8608cc3,bf572e198e31fc7f1b9e39a990276c4ba93b8af95e70819fe035472f9f319d2a,1.590204081632653,1.590204081632653,0.1699417680501938,0.9999998199016841,-0.00253685528389021,0,0,0,,
assets/audio/units/twisted_fate/play_sfx_twistedfate_cardmasterstack_missilelaunch_r1.wav,assets/audio/units/twisted_fate/play_sfx_twistedfate_cardmasterstack_missilelaunch_r1.wav,已重导,6679d6474bb2094e4d34102b8c5b42841af01c7a33455321541df383923864ce,9dd87316626ecfce671af4e02a9bcb30138a332bbcbfa917e58e127d92c77732,1.1194104308390023,1.1194104308390023,0.12704536318778992,0.9999999297380339,-0.003074492354384184,0,0,0,,
assets/audio/units/twisted_fate/play_sfx_twistedfate_cardmasterstack_missilelaunch_r2.wav,assets/audio/units/twisted_fate/play_sfx_twistedfate_cardmasterstack_missilelaunch_r2.wav,已重导,7efa36209787be18d323ea18d56e88f99fa87b343c0b1598f3c2ef1db1465990,afa468aa305411ab548c529c6f207644c4e42c5ca897389a18ebccf5f1a3f4eb,1.0593424036281178,1.0593424036281178,0.11615876108407974,0.9999998879953605,-0.00316835748732855,0,0,0,,
assets/audio/units/twisted_fate/play_sfx_twistedfate_cardmasterstack_missilelaunch_r3.wav,assets/audio/units/twisted_fate/play_sfx_twistedfate_cardmasterstack_missilelaunch_r3.wav,已重导,0335dd6fbbd79fd934db96093f867a5b995dc18900b0854436601d30f9650b2e,5a21d7e3b9f7d435f91be1b7142e9f840be83e6483dab3615e3239676a55a459,0.891156462585034,0.891156462585034,0.1399407833814621,0.9999999166763348,-0.00317835902003344,0,0,0,,
assets/audio/units/twisted_fate/play_sfx_twistedfate_gate_marker_r1_first_1_75s.wav,assets/audio/units/twisted_fate/play_sfx_twistedfate_gate_marker_r1_first_1_75s.wav,已重导,c0116e7dd8f57dd1e78812d51f8f9494624d520f71837ad10eddcb3a994e31e8,3892b0d0891b0371aaf2994ac4af2f7744842ee1bbed9d40a5ef2d6dac128cfe,1.75,1.75,0.24880406260490417,0.999999953210971,-0.0022841849968233486,0,0,0,atrim=duration=1.75,
assets/audio/units/twisted_fate/play_sfx_twistedfate_gate_marker_r2_first_1_75s.wav,assets/audio/units/twisted_fate/play_sfx_twistedfate_gate_marker_r2_first_1_75s.wav,已重导,b661c2963babe20a08653fd3c6ed57c1dae97a0c35aceeaac8e7c08d7b65afdf,a7a75435cb373a974b6c371a86bf60ba101a74b8da0c5049f08297cf073fc197,1.75,1.75,0.2765219807624817,0.9999999536858064,-0.0023036434261309727,0,0,0,atrim=duration=1.75,
assets/audio/units/twisted_fate/play_sfx_twistedfate_gate_marker_r3_first_1_75s.wav,assets/audio/units/twisted_fate/play_sfx_twistedfate_gate_marker_r3_first_1_75s.wav,已重导,3bbd8be6ee994bcd4c47797e6c51a9b2f9ec1f5898d8ffe1d96cf3208cf0a997,fb6857b282bfa690fc51f59fd4c59ed9715e2720c0f226ca1ff7a9fe94da3ad4,1.75,1.75,0.25934740900993347,0.9999999570407259,-0.0024349199882708976,0,0,0,atrim=duration=1.75,
assets/audio/units/twisted_fate/play_sfx_twistedfate_sealfatemissile_onhit_r.wav,assets/audio/units/twisted_fate/play_sfx_twistedfate_sealfatemissile_onhit_r.wav,已重导,04b21c1e8fce040595930b3689c42ca0c9f2837949d8a1e4272705a9be608e96,8c62ee8b7557457a33c8d95f9ef8960c7ed0b95f0950a206730d772e57ea01fd,1.1494104308390023,1.1494104308390023,0.2525673508644104,0.9999998226759479,-0.0023551351964131075,0,0,0,,
assets/audio/units/twisted_fate/play_sfx_twistedfate_sealfatemissile_onmissilelaunch_r1.wav,assets/audio/units/twisted_fate/play_sfx_twistedfate_sealfatemissile_onmissilelaunch_r1.wav,已重导,3a294dab89abb99effb0dfaf8b7d1803c3fcab76caabdf1d60b6e2e534bdbca2,17f99b533c1edd115d48f2d4a132415e1e36b24b47521f7db64a80d57872d27c,1.9795238095238095,1.9795238095238095,0.10680107027292252,0.9999995751316892,-0.005453619762363768,0,0,0,,
assets/audio/units/twisted_fate/play_sfx_twistedfate_sealfatemissile_onmissilelaunch_r2.wav,assets/audio/units/twisted_fate/play_sfx_twistedfate_sealfatemissile_onmissilelaunch_r2.wav,已重导,c1576b7381051dfa846d1a55c99f2c4e80077d1a72e903089d851ca698fa00a7,b68b4743de6029c9e910c03430114b0ecaaa9b4ce0f6f11308e24d492f268aa3,2.0028117913832197,2.0028117913832197,0.09237319976091385,0.9999993884442538,-0.006161953808332814,0,0,0,,
assets/audio/units/twisted_fate/play_sfx_twistedfate_sealfatemissile_onmissilelaunch_r3.wav,assets/audio/units/twisted_fate/play_sfx_twistedfate_sealfatemissile_onmissilelaunch_r3.wav,已重导,85907b06d8788e02934949ae952e5c9a9e3720c135b537b0e705749e08da6553,9a925fac660bf61ff1c7cbafc6ccc3982e17170f008788c6e8e0c1d2df5b7957,2.324081632653061,2.324081632653061,0.10723396390676498,0.9999995014899189,-0.004880945092533066,0,0,0,,
assets/audio/units/twisted_fate/play_sfx_twistedfate_sealfatemissile_onmissilelaunch_r4.wav,assets/audio/units/twisted_fate/play_sfx_twistedfate_sealfatemissile_onmissilelaunch_r4.wav,已重导,96b73af941bb5ca63d0d58a2d73cd6fc77f7bc72e902d05a3bc40e05a4362742,30e1ca02d9f5c53ea0821fb588c61d50e58f61d170c3b97bdb94050bf8ce838e,2.168503401360544,2.168503401360544,0.09083270281553268,0.9999991136655928,-0.0065365899670539575,0,0,0,,
assets/audio/units/twisted_fate/play_sfx_twistedfate_twistedfatebasicattack2_oncast_r1.wav,assets/audio/units/twisted_fate/play_sfx_twistedfate_twistedfatebasicattack2_oncast_r1.wav,已重导,d653742babee0b55cbcd27fd233e0b8aa40c7eca0ae3faa1d8d09b88847e4f5b,f2021e29dcbe969ad239b85571a306515c027651a9d347bbf2241df42e5e73e3,0.6991609977324263,0.6991609977324263,0.10124746710062027,0.9999994989647406,-0.0040155432542327224,0,0,0,,
assets/audio/units/twisted_fate/play_sfx_twistedfate_twistedfatebasicattack2_oncast_r2.wav,assets/audio/units/twisted_fate/play_sfx_twistedfate_twistedfatebasicattack2_oncast_r2.wav,已重导,5cdb61ca9610ac6e2f297627f45f1e0273b0af1df7e17fb9a94ba8c5fb9409d0,0096f13b1ac1d8eed22170f6a5087131a74f6c3d3b3908836809b4bb70fe6776,0.74140589569161,0.74140589569161,0.09928130358457565,0.9999993392674892,-0.004271979221032653,0,0,0,,
assets/audio/units/twisted_fate/play_sfx_twistedfate_twistedfatebasicattack2_oncast_r3.wav,assets/audio/units/twisted_fate/play_sfx_twistedfate_twistedfatebasicattack2_oncast_r3.wav,已重导,18ed7d61d0c1ace5f261e044a857ac77c2dc08fc90130fbd5d415e5011c80054,57e765c8f49a03694e53d08d0b46dcacd89d0f9e5d0e7b7333bc73fbb29b7c51,0.6858049886621315,0.6858049886621315,0.10244164615869522,0.9999994254129235,-0.003826146427275209,0,0,0,,
assets/audio/units/twisted_fate/play_sfx_twistedfate_twistedfatebasicattack2_onhit_r1.wav,assets/audio/units/twisted_fate/play_sfx_twistedfate_twistedfatebasicattack2_onhit_r1.wav,已重导,06abb87f90252f87c43c02c9b457dbcee2c2aff289287620f80096f7d5578105,e8c132095bfbf32e2c0bbb3f51f228555d6e9db478ea9a66cadab09e8a827206,1.0849206349206348,1.0849206349206348,0.20838183164596558,0.9999999065658401,-0.0019439792711047155,0,0,0,,
assets/audio/units/twisted_fate/play_sfx_twistedfate_twistedfatebasicattack2_onhit_r2.wav,assets/audio/units/twisted_fate/play_sfx_twistedfate_twistedfatebasicattack2_onhit_r2.wav,已重导,d2fa9e67aa439387aa869a9d0700491684e78a7de9fd3cdaf97aa5e312ff3c8d,93438129fe1c5360a385da32c0fd2723930ba792c6eb8ccf2ca3bda34243af6b,1.2233786848072563,1.2233786848072563,0.21454595029354095,0.9999998657471821,-0.0021691225998947705,0,0,0,,
assets/audio/units/twisted_fate/play_sfx_twistedfate_twistedfatebasicattack2_onhit_r3.wav,assets/audio/units/twisted_fate/play_sfx_twistedfate_twistedfatebasicattack2_onhit_r3.wav,已重导,9386e5ac8bee21c213d6047d222d729d09b4aa854cc1abf7c88e42aac1f36a9c,cb9e7805033f593fd35c0375eee31a7ef7a43863547d367fd935d461615a6d55,0.820204081632653,0.820204081632653,0.2066618651151657,0.9999999214384319,-0.0019150432889581128,0,0,0,,
assets/audio/units/twisted_fate/play_sfx_twistedfate_twistedfatebasicattack3_oncast_r1_d.wav,assets/audio/units/twisted_fate/play_sfx_twistedfate_twistedfatebasicattack3_oncast_r1_d.wav,已重导,d653742babee0b55cbcd27fd233e0b8aa40c7eca0ae3faa1d8d09b88847e4f5b,f2021e29dcbe969ad239b85571a306515c027651a9d347bbf2241df42e5e73e3,0.6991609977324263,0.6991609977324263,0.10124746710062027,0.9999994989647406,-0.0040155432542327224,0,0,0,,
assets/audio/units/twisted_fate/play_sfx_twistedfate_twistedfatebasicattack3_oncast_r2_d.wav,assets/audio/units/twisted_fate/play_sfx_twistedfate_twistedfatebasicattack3_oncast_r2_d.wav,已重导,5cdb61ca9610ac6e2f297627f45f1e0273b0af1df7e17fb9a94ba8c5fb9409d0,0096f13b1ac1d8eed22170f6a5087131a74f6c3d3b3908836809b4bb70fe6776,0.74140589569161,0.74140589569161,0.09928130358457565,0.9999993392674892,-0.004271979221032653,0,0,0,,
assets/audio/units/twisted_fate/play_sfx_twistedfate_twistedfatebasicattack3_oncast_r3_d.wav,assets/audio/units/twisted_fate/play_sfx_twistedfate_twistedfatebasicattack3_oncast_r3_d.wav,已重导,18ed7d61d0c1ace5f261e044a857ac77c2dc08fc90130fbd5d415e5011c80054,57e765c8f49a03694e53d08d0b46dcacd89d0f9e5d0e7b7333bc73fbb29b7c51,0.6858049886621315,0.6858049886621315,0.10244164615869522,0.9999994254129235,-0.003826146427275209,0,0,0,,
assets/audio/units/twisted_fate/play_sfx_twistedfate_twistedfatebasicattack3_onhit_r1_d.wav,assets/audio/units/twisted_fate/play_sfx_twistedfate_twistedfatebasicattack3_onhit_r1_d.wav,已重导,06abb87f90252f87c43c02c9b457dbcee2c2aff289287620f80096f7d5578105,e8c132095bfbf32e2c0bbb3f51f228555d6e9db478ea9a66cadab09e8a827206,1.0849206349206348,1.0849206349206348,0.20838183164596558,0.9999999065658401,-0.0019439792711047155,0,0,0,,
assets/audio/units/twisted_fate/play_sfx_twistedfate_twistedfatebasicattack3_onhit_r2_d.wav,assets/audio/units/twisted_fate/play_sfx_twistedfate_twistedfatebasicattack3_onhit_r2_d.wav,已重导,d2fa9e67aa439387aa869a9d0700491684e78a7de9fd3cdaf97aa5e312ff3c8d,93438129fe1c5360a385da32c0fd2723930ba792c6eb8ccf2ca3bda34243af6b,1.2233786848072563,1.2233786848072563,0.21454595029354095,0.9999998657471821,-0.0021691225998947705,0,0,0,,
assets/audio/units/twisted_fate/play_sfx_twistedfate_twistedfatebasicattack3_onhit_r3_d.wav,assets/audio/units/twisted_fate/play_sfx_twistedfate_twistedfatebasicattack3_onhit_r3_d.wav,已重导,9386e5ac8bee21c213d6047d222d729d09b4aa854cc1abf7c88e42aac1f36a9c,cb9e7805033f593fd35c0375eee31a7ef7a43863547d367fd935d461615a6d55,0.820204081632653,0.820204081632653,0.2066618651151657,0.9999999214384319,-0.0019150432889581128,0,0,0,,
assets/audio/units/twisted_fate/play_sfx_twistedfate_twistedfatebasicattack4_oncast_r1_d.wav,assets/audio/units/twisted_fate/play_sfx_twistedfate_twistedfatebasicattack4_oncast_r1_d.wav,已重导,d653742babee0b55cbcd27fd233e0b8aa40c7eca0ae3faa1d8d09b88847e4f5b,f2021e29dcbe969ad239b85571a306515c027651a9d347bbf2241df42e5e73e3,0.6991609977324263,0.6991609977324263,0.10124746710062027,0.9999994989647406,-0.0040155432542327224,0,0,0,,
assets/audio/units/twisted_fate/play_sfx_twistedfate_twistedfatebasicattack4_oncast_r2_d.wav,assets/audio/units/twisted_fate/play_sfx_twistedfate_twistedfatebasicattack4_oncast_r2_d.wav,已重导,5cdb61ca9610ac6e2f297627f45f1e0273b0af1df7e17fb9a94ba8c5fb9409d0,0096f13b1ac1d8eed22170f6a5087131a74f6c3d3b3908836809b4bb70fe6776,0.74140589569161,0.74140589569161,0.09928130358457565,0.9999993392674892,-0.004271979221032653,0,0,0,,
assets/audio/units/twisted_fate/play_sfx_twistedfate_twistedfatebasicattack4_oncast_r3_d.wav,assets/audio/units/twisted_fate/play_sfx_twistedfate_twistedfatebasicattack4_oncast_r3_d.wav,已重导,18ed7d61d0c1ace5f261e044a857ac77c2dc08fc90130fbd5d415e5011c80054,57e765c8f49a03694e53d08d0b46dcacd89d0f9e5d0e7b7333bc73fbb29b7c51,0.6858049886621315,0.6858049886621315,0.10244164615869522,0.9999994254129235,-0.003826146427275209,0,0,0,,
assets/audio/units/twisted_fate/play_sfx_twistedfate_twistedfatebasicattack4_onhit_r1_d.wav,assets/audio/units/twisted_fate/play_sfx_twistedfate_twistedfatebasicattack4_onhit_r1_d.wav,已重导,06abb87f90252f87c43c02c9b457dbcee2c2aff289287620f80096f7d5578105,e8c132095bfbf32e2c0bbb3f51f228555d6e9db478ea9a66cadab09e8a827206,1.0849206349206348,1.0849206349206348,0.20838183164596558,0.9999999065658401,-0.0019439792711047155,0,0,0,,
assets/audio/units/twisted_fate/play_sfx_twistedfate_twistedfatebasicattack4_onhit_r2_d.wav,assets/audio/units/twisted_fate/play_sfx_twistedfate_twistedfatebasicattack4_onhit_r2_d.wav,已重导,d2fa9e67aa439387aa869a9d0700491684e78a7de9fd3cdaf97aa5e312ff3c8d,93438129fe1c5360a385da32c0fd2723930ba792c6eb8ccf2ca3bda34243af6b,1.2233786848072563,1.2233786848072563,0.21454595029354095,0.9999998657471821,-0.0021691225998947705,0,0,0,,
assets/audio/units/twisted_fate/play_sfx_twistedfate_twistedfatebasicattack4_onhit_r3_d.wav,assets/audio/units/twisted_fate/play_sfx_twistedfate_twistedfatebasicattack4_onhit_r3_d.wav,已重导,9386e5ac8bee21c213d6047d222d729d09b4aa854cc1abf7c88e42aac1f36a9c,cb9e7805033f593fd35c0375eee31a7ef7a43863547d367fd935d461615a6d55,0.820204081632653,0.820204081632653,0.2066618651151657,0.9999999214384319,-0.0019150432889581128,0,0,0,,
assets/audio/units/twisted_fate/play_sfx_twistedfate_twistedfatebasicattack_oncast_r1_d.wav,assets/audio/units/twisted_fate/play_sfx_twistedfate_twistedfatebasicattack_oncast_r1_d.wav,已重导,d653742babee0b55cbcd27fd233e0b8aa40c7eca0ae3faa1d8d09b88847e4f5b,f2021e29dcbe969ad239b85571a306515c027651a9d347bbf2241df42e5e73e3,0.6991609977324263,0.6991609977324263,0.10124746710062027,0.9999994989647406,-0.0040155432542327224,0,0,0,,
assets/audio/units/twisted_fate/play_sfx_twistedfate_twistedfatebasicattack_oncast_r2_d.wav,assets/audio/units/twisted_fate/play_sfx_twistedfate_twistedfatebasicattack_oncast_r2_d.wav,已重导,5cdb61ca9610ac6e2f297627f45f1e0273b0af1df7e17fb9a94ba8c5fb9409d0,0096f13b1ac1d8eed22170f6a5087131a74f6c3d3b3908836809b4bb70fe6776,0.74140589569161,0.74140589569161,0.09928130358457565,0.9999993392674892,-0.004271979221032653,0,0,0,,
assets/audio/units/twisted_fate/play_sfx_twistedfate_twistedfatebasicattack_oncast_r3_d.wav,assets/audio/units/twisted_fate/play_sfx_twistedfate_twistedfatebasicattack_oncast_r3_d.wav,已重导,18ed7d61d0c1ace5f261e044a857ac77c2dc08fc90130fbd5d415e5011c80054,57e765c8f49a03694e53d08d0b46dcacd89d0f9e5d0e7b7333bc73fbb29b7c51,0.6858049886621315,0.6858049886621315,0.10244164615869522,0.9999994254129235,-0.003826146427275209,0,0,0,,
assets/audio/units/twisted_fate/play_sfx_twistedfate_twistedfatebasicattack_onhit_r1_d.wav,assets/audio/units/twisted_fate/play_sfx_twistedfate_twistedfatebasicattack_onhit_r1_d.wav,已重导,06abb87f90252f87c43c02c9b457dbcee2c2aff289287620f80096f7d5578105,e8c132095bfbf32e2c0bbb3f51f228555d6e9db478ea9a66cadab09e8a827206,1.0849206349206348,1.0849206349206348,0.20838183164596558,0.9999999065658401,-0.0019439792711047155,0,0,0,,
assets/audio/units/twisted_fate/play_sfx_twistedfate_twistedfatebasicattack_onhit_r2_d.wav,assets/audio/units/twisted_fate/play_sfx_twistedfate_twistedfatebasicattack_onhit_r2_d.wav,已重导,d2fa9e67aa439387aa869a9d0700491684e78a7de9fd3cdaf97aa5e312ff3c8d,93438129fe1c5360a385da32c0fd2723930ba792c6eb8ccf2ca3bda34243af6b,1.2233786848072563,1.2233786848072563,0.21454595029354095,0.9999998657471821,-0.0021691225998947705,0,0,0,,
assets/audio/units/twisted_fate/play_sfx_twistedfate_twistedfatebasicattack_onhit_r3_d.wav,assets/audio/units/twisted_fate/play_sfx_twistedfate_twistedfatebasicattack_onhit_r3_d.wav,已重导,9386e5ac8bee21c213d6047d222d729d09b4aa854cc1abf7c88e42aac1f36a9c,cb9e7805033f593fd35c0375eee31a7ef7a43863547d367fd935d461615a6d55,0.820204081632653,0.820204081632653,0.2066618651151657,0.9999999214384319,-0.0019150432889581128,0,0,0,,
assets/audio/units/twisted_fate/play_sfx_twistedfate_twistedfatebasicattack_onmissilelaunch_r1_d.wav,assets/audio/units/twisted_fate/play_sfx_twistedfate_twistedfatebasicattack_onmissilelaunch_r1_d.wav,已重导,d6f05d05a85a56156919187a3fbd8a7616e3022ee52df654c84b6035cae0a637,85c3def778bf835f08d74cb358e03ab1528671d9fd7d3e879e29247a94d7b3d5,0.6772108843537415,0.6772108843537415,0.14647090435028076,0.9999997423299821,-0.003651197901880061,0,0,0,,
assets/audio/units/twisted_fate/play_sfx_twistedfate_twistedfatebasicattack_onmissilelaunch_r2_d.wav,assets/audio/units/twisted_fate/play_sfx_twistedfate_twistedfatebasicattack_onmissilelaunch_r2_d.wav,已重导,d353594354c15282b3e77304c61990702f30248584074c66321898c63c3dfc83,e44c101ac0848eb76f86c33746d89da2d314d0f67bf93220af074e381c9e0e41,0.6750340136054421,0.6750340136054421,0.14666607975959778,0.9999995485320308,-0.004073777448847388,0,0,0,,
assets/audio/units/twisted_fate/play_sfx_twistedfate_twistedfatebasicattack_onmissilelaunch_r3_d.wav,assets/audio/units/twisted_fate/play_sfx_twistedfate_twistedfatebasicattack_onmissilelaunch_r3_d.wav,已重导,3f8589795037299ea6433440d55194d3a9e63b1fdb9aaa3d6c63491f40f24011,0b79a06e4607166e4950f49df7807da0e3c4ebc9ee210364c9364239255d0c80,0.7020408163265306,0.7020408163265306,0.17263054847717285,0.999999798997128,-0.003194851134462195,0,0,0,,
assets/audio/units/twisted_fate/play_sfx_twistedfate_twistedfatebasicattack_onmissilelaunch_r4_d.wav,assets/audio/units/twisted_fate/play_sfx_twistedfate_twistedfatebasicattack_onmissilelaunch_r4_d.wav,已重导,804122166cb1904c778f1c4257091354e9867b78e7b722dd2448dab3dce7221c,86e3bd11df74f965275e8d79ab63784973c9e7fd1cc3d964ad5e7b0cb621be37,0.7675056689342403,0.7675056689342403,0.1626419872045517,0.9999997251805333,-0.0033594997468019564,0,0,0,,
assets/audio/units/twisted_fate/play_sfx_twistedfate_wildcards_oncast_r1.wav,assets/audio/units/twisted_fate/play_sfx_twistedfate_wildcards_oncast_r1.wav,已重导,3d8a99a45190fd29d0fcd442f08bc25966049cce432d435fd5cc69e67b14b5f0,3a0e52f1aa32647600158c0a91c5d80f4d7f0128524c57864df10039f282a5e7,1.0276643990929706,1.0276643990929706,0.16637475788593292,0.999999927711821,-0.002493128912385661,0,0,0,,
assets/audio/units/twisted_fate/play_sfx_twistedfate_wildcards_oncast_r2.wav,assets/audio/units/twisted_fate/play_sfx_twistedfate_wildcards_oncast_r2.wav,已重导,03e3228bfde8abcdd386920ffae06b5781619e88dd3a7587cb9f4d048a961c52,66e3dd9da7c86e4e33b2e868a14410f3ed7245ee8f62a45dcd3299e9eba49957,1.1568027210884353,1.1568027210884353,0.16034893691539764,0.9999999223634829,-0.002430204687747865,0,0,0,,
assets/audio/units/twisted_fate/play_sfx_twistedfate_wildcards_oncast_r3.wav,assets/audio/units/twisted_fate/play_sfx_twistedfate_wildcards_oncast_r3.wav,已重导,f348bc1e53af0f111674b4f41fd8a290805b32236b5c7312222c7058b4dc5eda,a1e5367c727f30dd9c995702f943f8efff200a02768b4f69c4e13f30f5ca854f,1.2966666666666666,1.2966666666666666,0.1542663425207138,0.9999999438084959,-0.0023886688275448426,0,0,0,,
assets/audio/units/twisted_fate/play_vo_twistedfate_death3d_r1_zh_cn.wav,assets/audio/units/twisted_fate/play_vo_twistedfate_death3d_r1_zh_cn.wav,已重导,293a79a254d78899a6d09d75121a660558ecfd37b0e03d02cdc8a8c8ec5be6a9,7c187fb388bd50e1f8755a3d16b127a846c347e746c33c9359f618224b24ce00,1.5,1.5,0.2522239089012146,0.9999999959339316,10.999257958794988,0,0,0,atrim=duration=1.5;afade=t=out:st=1.0:d=0.5,
assets/audio/units/twisted_fate/play_vo_twistedfate_death3d_r2_zh_cn.wav,assets/audio/units/twisted_fate/play_vo_twistedfate_death3d_r2_zh_cn.wav,已重导,8e155268d4b768fd299b596c271e44a0f1ae82908fa94877f26033e5bfafd7d7,1bec3e6274434fe800e6949ded9cd03835de86acd6efc2d1fb4addc0da0a483b,1.486077097505669,1.486077097505669,0.29022783041000366,0.9999999114640902,10.998892270621157,0,0,0,,
assets/audio/units/twisted_fate/play_vo_twistedfate_death3d_r3_zh_cn.wav,assets/audio/units/twisted_fate/play_vo_twistedfate_death3d_r3_zh_cn.wav,已重导,8e6a8eef7af7abf51f7fe86ccb4bc890fb2b539c432e1a54a4d3b65c8ffeb934,38926e0f2422f21c32f44615a89eef9f92a9ae96ab765f9e1f9b428fc20f1ceb,1.5,1.5,0.30482617020606995,0.9999986711466473,10.998472866573529,0,0,0,atrim=duration=1.5;afade=t=out:st=1.0:d=0.5,
assets/audio/units/twitch/deploy_q_end_r1_zh_cn.wav,assets/audio/units/twitch/deploy_q_end_r1_zh_cn.wav,已重导,13be8dcd759ac4162697812ed31915665c805051ff7b865cd72d4490ad081a33,e40e8246749d15034b36b0fcc06776e652357a813f9fecbcfe88af46b4dda947,3.6687528344671203,3.6687528344671203,0.26334044337272644,0.9999999974876806,7.999996909989431,0,0,0,,
assets/audio/units/twitch/deploy_q_end_r3_zh_cn.wav,assets/audio/units/twitch/deploy_q_end_r3_zh_cn.wav,已重导,84d1d02450ba5427db9364694cbb3e576e3ec7cd1d4aa98989dcc12435f235ee,6b662d9737e150f029c3f0c30a56ee9d5765439486911dbf559e93da31b4bb36,3.6687528344671203,3.6687528344671203,0.2642920911312103,0.9999999985394834,8.00000112820249,0,0,0,,
assets/audio/units/twitch/deploy_q_end_r4_zh_cn.wav,assets/audio/units/twitch/deploy_q_end_r4_zh_cn.wav,已重导,03dbb809fba5f79fd3ec89f9c3fc508a9c285d6037ca80ea3e0cb910ebd5541d,1c2cc7555ebb3a06fa31e3d6bd826fba24c66efbe69469becf406763e3b39a8a,1.7647165532879818,1.7647165532879818,0.24613791704177856,0.9999999951132289,7.999988822692448,0,0,0,,
assets/audio/units/twitch/play_sfx_twitch_twitchbasicattack_oncast_r1.wav,assets/audio/units/twitch/play_sfx_twitch_twitchbasicattack_oncast_r1.wav,已重导,d3cbf001fbe5279edea0cb9911bcfc514c7be21227acb667b298139e9898d0d3,679bbb35a6f6c6eba925f2ace2acfd12e62485960a88476e8ed932240f83d42a,0.15020408163265306,0.15020408163265306,0.06067819520831108,0.9999998189966031,23.999320393242837,0,0,0,,
assets/audio/units/twitch/play_sfx_twitch_twitchbasicattack_oncast_r2.wav,assets/audio/units/twitch/play_sfx_twitch_twitchbasicattack_oncast_r2.wav,已重导,d671684c727e512e936bbe36a9c2a97892c00f9f30f062ac1c7a2b24acedfb6b,5ca0a1a0988fbe8351f26a2c200b0a77a063ce14f0e8b6a337d403a793c21b07,0.15950113378684808,0.15950113378684808,0.06154664233326912,0.9999999047098166,23.999056586166482,0,0,0,,
assets/audio/units/twitch/play_sfx_twitch_twitchbasicattack_oncast_r3.wav,assets/audio/units/twitch/play_sfx_twitch_twitchbasicattack_oncast_r3.wav,已重导,10c30bf7355cf3145ba41ccc6aeb441f1aba00affe8c87851e2240c9a963feb7,5a3ffec358451978f03d9cab9c219eca74927e45decc795bf7ec341282fab9de,0.14487528344671202,0.14487528344671202,0.07124926894903183,0.9999931116687533,23.998410447307073,0,0,0,,
assets/audio/units/twitch/play_sfx_twitch_twitchbasicattack_onhit_1559186049_1153642577_r1.wav,assets/audio/units/twitch/play_sfx_twitch_twitchbasicattack_onhit_1559186049_1153642577_r1.wav,已重导,9528ade81fe5fb57f2690af303ed4961fe19b7a3f1e87d7c6c093137402f5295,5a22284ba463e1831ebcbb842f23595dce88b55e1c2e0cc1cede64d4d77a57f4,0.4972108843537415,0.4972108843537415,0.12944583594799042,0.9999659755822443,19.99092485932098,0,0,0,,
assets/audio/units/twitch/play_sfx_twitch_twitchbasicattack_onhit_1559186049_1153642577_r2.wav,assets/audio/units/twitch/play_sfx_twitch_twitchbasicattack_onhit_1559186049_1153642577_r2.wav,已重导,2bbe1bcf0f0ae05ae61b187b670701a32bcaa2f39d912c45f7bc2988de244ce1,5daf45f17a9c747105eb91152f833af7fb2e479ee7be966aab992207fe39d862,0.4994784580498866,0.4994784580498866,0.10415064543485641,0.9999993048996503,19.99756019886168,0,0,0,,
assets/audio/units/twitch/play_sfx_twitch_twitchbasicattack_onhit_1559186049_1153642577_r3.wav,assets/audio/units/twitch/play_sfx_twitch_twitchbasicattack_onhit_1559186049_1153642577_r3.wav,已重导,765629d2867a2540dca14497187137893c7de8e482cb361418497598552760e7,48403840c773bdf99c43f9ea8009ab63d8a82ae6ad3465b0b983de3ad867fb9a,0.5444671201814059,0.5444671201814059,0.11300213634967804,0.9999935922844929,19.99648119841246,0,0,0,,
assets/audio/units/twitch/play_sfx_twitch_twitchbasicattack_onmissilelaunch_r1.wav,assets/audio/units/twitch/play_sfx_twitch_twitchbasicattack_onmissilelaunch_r1.wav,已重导,5c8c8362f9f8e0b8759ab89d56a6ae036b47a7d20e8084b22bb4fe6e26484bd0,7186f77de786f5a4fc020b1a68cafb7c9d920abf571c2058fa0b9f7d831137bc,0.7946031746031746,0.7946031746031746,0.05510612949728966,0.9999998839786975,24.99927447958005,0,0,0,,
assets/audio/units/twitch/play_sfx_twitch_twitchbasicattack_onmissilelaunch_r2.wav,assets/audio/units/twitch/play_sfx_twitch_twitchbasicattack_onmissilelaunch_r2.wav,已重导,b52e7fc04a072bf8ec957fb5aad7476deb4e47671e2085b07d668912dee53322,731b2f1c9c1cd111ddbdbd84ba49ceb9d1441e2c671ffb7b9691f1c0acd4e257,0.7991383219954649,0.7991383219954649,0.054548222571611404,0.999999896022181,24.999256935776806,0,0,0,,
assets/audio/units/twitch/play_sfx_twitch_twitchbasicattack_onmissilelaunch_r3.wav,assets/audio/units/twitch/play_sfx_twitch_twitchbasicattack_onmissilelaunch_r3.wav,已重导,301fa9b3123ed6e49bdc1974defaee8bfadff15ab9d19b2034f24ef09ca3685f,5dffbe6c8e9a5978b2bf3606ed292a8ae7d7091d69c87c434e8c97b95852d3e1,0.7958049886621316,0.7958049886621316,0.060641929507255554,0.9999983093018062,24.99813570593531,0,0,0,,
assets/audio/units/twitch/play_sfx_twitch_twitchfullautomatic_onbuffdeactivate.wav,assets/audio/units/twitch/play_sfx_twitch_twitchfullautomatic_onbuffdeactivate.wav,已重导,ae1c76ad4f76f211855cc02199acb1a31cce93d103d25aab45e68f4b215caf46,ef5d20cf2bd659fb43bf8a63f9b215f992626ced2f428033fd746a8930d6fdd3,1.6453061224489796,1.6453061224489796,0.0716661587357521,0.99999993721969,22.99924692676411,0,0,0,,
assets/audio/units/twitch/play_sfx_twitch_twitchfullautomatic_oncast.wav,assets/audio/units/twitch/play_sfx_twitch_twitchfullautomatic_oncast.wav,已重导,c9e63cf017f5b41acfff1b6752fd663fec5c5fcd324af1c86e37f9d34fe8c402,42789ded57d4b6012b5e510eb20e70d896d903e123079a970657d7d47d899dc7,2.5951020408163266,2.5951020408163266,0.35586869716644287,0.9999843441924998,9.99251651349993,0,0,0,,
assets/audio/units/twitch/play_vo_twitch_death3d_r1_zh_cn.wav,assets/audio/units/twitch/play_vo_twitch_death3d_r1_zh_cn.wav,已重导,b5175312768253382da74f76f18a0877dee5a9bb6f7505de5a21445302544653,4351c8b41cdc00bd27b8e5f4a82104d3f2a0a1063d0b9d2b72bc630d5492041f,1.2770975056689342,1.2770975056689342,0.27339911460876465,0.9999999942827431,9.999314570610842,0,0,0,,
assets/audio/units/twitch/play_vo_twitch_death3d_r2_zh_cn.wav,assets/audio/units/twitch/play_vo_twitch_death3d_r2_zh_cn.wav,已重导,17fdbeb39feb8efb23a34aaee7ec71a2885417ac6e05e14be6a249c231b31802,cc574ec73ea00e6ba62da78849d3ed67d0d9ebfbd7ecd36de79c4cf93fc197e0,1.4164172335600906,1.4164172335600906,0.2750878930091858,0.9999999944417665,9.999305586093994,0,0,0,,
assets/audio/units/twitch/play_vo_twitch_death3d_r3_zh_cn.wav,assets/audio/units/twitch/play_vo_twitch_death3d_r3_zh_cn.wav,已重导,6e808322eb7c551969841dceedde7f6b49fa7cd80d86a5a927fedbd646df6cde,09947ca8d198331946b6c906d498a5bd3bbdec3a4f129244377612072d3fe29a,1.5,1.5,0.269112765789032,0.999999994155938,9.9992405654465,0,0,0,atrim=duration=1.5;afade=t=out:st=1.0:d=0.5,
assets/audio/units/twitch/spray_and_pray_onhit_1.wav,assets/audio/units/twitch/spray_and_pray_onhit_1.wav,已重导,e7fdb56f001930326aa9c02c73605199eabb43fb4c9003d0bec5918cb65d3bf9,ec3749a684eb29a0de84840db4ea0a251d45593e8fa93ee409d7a76fc4790749,1.0991836734693878,1.0991836734693878,0.23623110353946686,0.9999999958592102,10.999995939565357,0,0,0,,
assets/audio/units/twitch/spray_and_pray_onhit_2.wav,assets/audio/units/twitch/spray_and_pray_onhit_2.wav,已重导,33f936c74e28a4187438145cab74a1df8c3ce0bab035d1222e69d85675949218,47396bb25a0a6e1e888d3471607e32000cfcd0e9af7792f1105a2559f00070ec,0.934421768707483,0.934421768707483,0.21802595257759094,0.9999999956646913,11.000003379548993,0,0,0,,
assets/audio/units/twitch/spray_and_pray_onhit_3.wav,assets/audio/units/twitch/spray_and_pray_onhit_3.wav,已重导,4635c91740d8bf30a79439c9f83ed2820704683db114406c3dbbf6781b1e61aa,f14f76bebe459189f751d211b5e7f9b712b114721044c79473383d5684cd39b2,1.2231292517006802,1.2231292517006802,0.22924885153770447,0.999999995408998,10.999992818546945,0,0,0,,
assets/audio/units/twitch/spray_and_pray_onmissilelaunch_1.wav,assets/audio/units/twitch/spray_and_pray_onmissilelaunch_1.wav,已重导,f9963353aa7bca9e86e85d6852c0a0aa245a00601e2ef2d0efba9782a2b7fa14,3caaec34fc7338cf6303a7782a9816def72113988c1d1bb2fc7aa4bc8e95e2ea,1.199909297052154,1.199909297052154,0.15987816452980042,0.9999999866326711,12.999998552822493,0,0,0,,
assets/audio/units/twitch/spray_and_pray_onmissilelaunch_2.wav,assets/audio/units/twitch/spray_and_pray_onmissilelaunch_2.wav,已重导,8e0b3cd7a8d021142040e3b6abf6187e8bc841e04b760787ce313d470fca9179,2c2e988677d08548e3489d7ae3511b0a1e737b2f997b97a4127fe89efab4626d,1.1968707482993197,1.1968707482993197,0.17632560431957245,0.9999999861954425,13.00000674139236,0,0,0,,
assets/audio/units/twitch/spray_and_pray_onmissilelaunch_3.wav,assets/audio/units/twitch/spray_and_pray_onmissilelaunch_3.wav,已重导,7f905e1b28757fbef3c50bd66dd0101b4a9fc4c7cee1386b8de6f824f7fe894f,b6b7e6ff2f0193f76fd6db0c16e82b66337e55da7690c651fccef2c099794a01,1.218798185941043,1.218798185941043,0.16157512366771698,0.9999999881746371,13.000007986226116,0,0,0,,
assets/audio/units/twitch/twitch_q_enter.wav,assets/audio/units/twitch/twitch_q_enter.wav,已重导,94ecb00374bdf6905d552b2d643d364f207dff1473928c0508ff1bfeb59bba94,5fa09df3cb33c36363e5ba0fddfbed80eed4a0d852ed2dec38ce8bc60d1d713d,2.404172335600907,2.404172335600907,0.20735254883766174,0.9999999959605422,10.999997223637736,0,0,0,,
assets/audio/units/twitch/twitch_q_exit.wav,assets/audio/units/twitch/twitch_q_exit.wav,已重导,e552770dcdb816d1cab42e4fc32c095cc197e167df3049013dfb141b1fbad561,98aac34b7313e7260899c01ea3384a76555dbb36ad906b1ed30ff1d394243a47,1.106439909297052,1.106439909297052,0.16564016044139862,0.9999999896938945,13.000000044300975,0,0,0,,
assets/audio/units/voidfish/death_1.wav,assets/audio/units/voidfish/death_1.wav,已重导,aaa4b02983ed7d170722436cb017a3d93f597fc902a0592e08fa369aded2bcc6,5e5aa259f3021fc368e7c4de8ff507fa8a138114e2b78b9299088ac8cff5aa9b,0.9478541666666667,0.9478541666666667,0.022853650152683258,0.9999765142726961,33.98425511174243,0,0,0,,
assets/audio/units/voidfish/death_2.wav,assets/audio/units/voidfish/death_2.wav,已重导,3de7fadb607043aac4f60a5aba568add43e6136eff813d8203b590746ec2c3a9,6a1849e42890d5f35a1dc3b85fbb9835ca28a1bc63e4a39b2ac75579794617d4,0.9696458333333333,0.9696458333333333,0.024410966783761978,0.9999131857700818,33.967187603070315,0,0,0,,
assets/audio/units/voidfish/deploy_1.wav,assets/audio/units/voidfish/deploy_1.wav,已重导,3e69144c7ecaac352f6c6af11e6de413d03cba1d22103cedab9288a9aa082b05,8f81885ec59313829bb49f72bf6d14d8bc0263108c2ac632a4c43e69d1e334a4,1.1714166666666668,1.1714166666666668,0.12377111613750458,0.9998967791656235,19.959992592916993,0,0,0,,
assets/audio/units/voidfish/hit_1.wav,assets/audio/units/voidfish/hit_1.wav,已重导,4c9be6bafd3f71a34317371963189db9092c4ce6edabd62f1f0906576c078e76,33f983ffa17ba8bfb1759a13d027eee7dce46cce3cffa629fab2d95a1d9ae9b9,0.2941875,0.2941875,0.010411929339170456,0.9999989897706829,36.00041871263653,0,0,0,,
assets/audio/units/voidfish/swing_1.wav,assets/audio/units/voidfish/swing_1.wav,已重导,7805a8e1d09315f462cd235720f2e0aef4a441275b5f6e8b6fd7d24cda979fc2,1714583c74e0bfee5adfc023139ad8f8d2790968654588718b96f8e3f2fcdc9c,0.32277083333333334,0.32277083333333334,0.007713953964412212,0.9999963364089247,35.99977979521801,0,0,0,,
assets/audio/units/voidmite/attack_hit_1_1.wav,assets/audio/units/voidmite/attack_hit_1_1.wav,已重导,2da65b50ab85794e64b91ae4ef4019c40871b5590da7a5b253ba7cab3e11f197,85f1f03fbe65e9743c8bd02da0598a6f50d4e6001d676eb68a49c9689ff0460a,0.3521541950113379,0.3521541950113379,0.011990332044661045,0.9999831176883313,-0.03634484784611952,0,0,0,,
assets/audio/units/voidmite/attack_hit_1_2.wav,assets/audio/units/voidmite/attack_hit_1_2.wav,已重导,0b0be945990b30b2733850b807b0392d758a5cc503930b02873885f5a0ada87c,74bf1bea32b61a2f6f04ba688e2ba7a48cec787322083b799e93b20a731be44d,0.260702947845805,0.260702947845805,0.011768792755901814,0.9999871376629885,-0.03909718978830107,0,0,0,,
assets/audio/units/voidmite/attack_hit_1_3.wav,assets/audio/units/voidmite/attack_hit_1_3.wav,已重导,5133d24753f33d339a9501ab5965fa87b416fca6754b1416bdb82f83ac716a83,714f80b5dea2bb8f89f1682042cb90388a345df34a065213961fa1c15e85ffc7,0.34975056689342404,0.34975056689342404,0.01461248192936182,0.9999863765393753,-0.037501591629565546,0,0,0,,
assets/audio/units/voidmite/attack_hit_1_4.wav,assets/audio/units/voidmite/attack_hit_1_4.wav,已重导,1f0729fbccf77788a1b2cddd00f5d2a4afd0aec2613a45f72809e54c371850a7,384ac67ca62db22ada774e9a8621d740862470fe53cf9d8c52ada406268d2d71,0.3373922902494331,0.3373922902494331,0.01133953407406807,0.9999859462590096,-0.03940024900883136,0,0,0,,
assets/audio/units/voidmite/attack_swing_1_1.wav,assets/audio/units/voidmite/attack_swing_1_1.wav,已重导,c31453a9434eaf996b81d05eccb456b41301338174570811864296f74849c94d,c4e09c6c3f7070c1d404e6381ca90f19845708fb92473d6cee40c147ee98b426,0.28346938775510205,0.28346938775510205,0.011037535965442657,0.99997939551342,-0.046544086556623024,0,0,0,,
assets/audio/units/voidmite/attack_swing_1_2.wav,assets/audio/units/voidmite/attack_swing_1_2.wav,已重导,6ad41d72186f8d0cf7d0bae50fdef655c6c0691379f8b9e18456aa0484bbced5,1a56763bf49a3fc75504f6290fa120090cef84c9c31835105456be1e4ff3440c,0.28346938775510205,0.28346938775510205,0.012573553249239922,0.9999899627596948,-0.035511367596446256,0,0,0,,
assets/audio/units/voidmite/attack_swing_1_3.wav,assets/audio/units/voidmite/attack_swing_1_3.wav,已重导,d0e0e2125162c83714fbc61aa2c3c6fa8be80894e9ada99b98477f60562b9137,e172c224e066984f8c817f1e8bf98b3c046f6f57414cc42ec185d33d1f4cdb9a,0.36210884353741496,0.36210884353741496,0.013784498907625675,0.9999902141260211,-0.036985499079543585,0,0,0,,
assets/audio/units/voidmite/attack_swing_1_4.wav,assets/audio/units/voidmite/attack_swing_1_4.wav,已重导,bae503f5ec27a1b956b64ab6794136825eadfe59775e1603d4f3b3e456fee681,2050996965635202e9859e6ff9241be58df2bd2c362b043efe376a3a044fe76f,0.3496825396825397,0.3496825396825397,0.012681327760219574,0.9999873753316221,-0.03820688426447964,0,0,0,,
assets/audio/units/voidmite/attack_swing_1_5.wav,assets/audio/units/voidmite/attack_swing_1_5.wav,已重导,9c630ccd3da6a5faa7179cb2a53b6c2ced657dbe1765c3a28a697b24485cc593,23fa40cf2e45f0022a7809ede928fd8d1ca841611cd98121c160cc3d59f42f6e,0.33521541950113376,0.33521541950113376,0.011581221595406532,0.9999823444614322,-0.04505878254819593,0,0,0,,
assets/audio/units/voidmite/death_1.wav,assets/audio/units/voidmite/death_1.wav,已重导,2a0e2ee4213831b2da0a2676cf10724e34f47c17be08201be7b0de395b9767e7,96946f026a3bdf7876039c0be8145fe395f1d76ecdfcf1fbe9aa29e26a62cbc7,0.46750566893424034,0.46750566893424034,0.04410816729068756,0.9999974454582009,-0.013076143943378197,0,0,0,,
assets/audio/units/voidmite/death_2.wav,assets/audio/units/voidmite/death_2.wav,已重导,a7f0fd58b215374409d84bc1ddb34f9ac344d242bd77c21376b8ffe755cb03cf,adb9660e7b3d7ee3ba830b30261fa5c2a28304e6661d5b9791dd7a2534e36d4e,0.5116780045351474,0.5116780045351474,0.05075184628367424,0.9999979399211539,-0.01014449260570139,0,0,0,,
assets/audio/units/voidmite/death_3.wav,assets/audio/units/voidmite/death_3.wav,已重导,c8dbb4d4f529e86c5599fd0867432924ed38da9686d47cbb06bc5e8324414bfa,3743643a29613e160296f015f333626d92cfcc980b17b3cb9e45ce466d361b66,0.4223356009070295,0.4223356009070295,0.042463045567274094,0.9999965274953614,-0.015675225711246545,0,0,0,,
assets/audio/units/voidmite/death_4.wav,assets/audio/units/voidmite/death_4.wav,已重导,d54b15d41a60f3eb87b7047fe8294a8f094e93264e1d1dde08d67ac55bcce5cf,fd0b244acd89c1789f2b66573e448c32d9a405524ff58a20cc78eeb018ff0d26,0.45113378684807254,0.45113378684807254,0.03993677720427513,0.9999962062783495,-0.016765506736678863,0,0,0,,
assets/audio/units/voidmite/deploy_start_1.wav,assets/audio/units/voidmite/deploy_start_1.wav,已重导,e90ca9542683629c8093c35e8a83c83731f4be0d940f89fa950e032f438a0085,379ea0863200929080916baab9d680aec12f684d52a2afe0f6b4c00fd758b23d,1.383718820861678,1.383718820861678,0.0683554857969284,0.9999994176665911,-0.0068281469800032715,0,0,0,,
assets/audio/units/voidmite/deploy_start_2.wav,assets/audio/units/voidmite/deploy_start_2.wav,已重导,b607d76463bbccfbd6da30966c0ea9727d1f56a1bf25e2dd7dd14e60be93d508,86163693fab36bc7668d5146fa45f166e5d962e7765b281ef871f0e767e5778c,1.2954875283446712,1.2954875283446712,0.07558261603116989,0.9999993338690458,-0.008165962363400368,0,0,0,,
assets/audio/units/voidmite/deploy_start_3.wav,assets/audio/units/voidmite/deploy_start_3.wav,已重导,50b2f07d02599f2ff6257c25631f561fbf068cec507958a9fb3ccf2357c7758e,748424c9c6942822f80b34e044cb2695b423f0cc987051d3540e588c2f0040f1,1.533718820861678,1.533718820861678,0.06549455225467682,0.9999987731620396,-0.009204965198560046,0,0,0,,
assets/audio/units/xin/play_sfx_xinzhao_xinzhaobasicattack2_oncast_r1.wav,assets/audio/units/xin/play_sfx_xinzhao_xinzhaobasicattack2_oncast_r1.wav,已重导,60a1820da6cfd30f8fea97c7317771c6c79260c2c8442af00352c79356316626,7c9f6e7c76e39b637e65479e5d3b4dfc9c380a1a377a82cd1ff92fab5d49cc27,0.5140136054421769,0.5140136054421769,0.12408559769392014,0.9999997522192854,-0.0038840357880041993,0,0,0,,
assets/audio/units/xin/play_sfx_xinzhao_xinzhaobasicattack2_oncast_r2.wav,assets/audio/units/xin/play_sfx_xinzhao_xinzhaobasicattack2_oncast_r2.wav,已重导,ac5252e3cef543655a9d198708fd311857d8696c0c1a814a34f412b4052d3ec6,d307fe8ecf377feb796076425537f26aa58c1a42e5314f06aa5d9aac144b1687,0.49820861678004535,0.49820861678004535,0.10450221598148346,0.9999994840671833,-0.005612535603505649,0,0,0,,
assets/audio/units/xin/play_sfx_xinzhao_xinzhaobasicattack2_oncast_r3.wav,assets/audio/units/xin/play_sfx_xinzhao_xinzhaobasicattack2_oncast_r3.wav,已重导,a835f72e7960e1cd86e60e15135a990732ef6ae4e2575013ed78d15c636ec93c,78734e913263bcdf0b259d950448a9f8e2eed71e0391a3789a80d1f51f4c7897,0.3453514739229025,0.3453514739229025,0.11137286573648453,0.9999998152219162,-0.003989175235872529,0,0,0,,
assets/audio/units/xin/play_sfx_xinzhao_xinzhaobasicattack2_onhit_1559186049_1153642577_r1.wav,assets/audio/units/xin/play_sfx_xinzhao_xinzhaobasicattack2_onhit_1559186049_1153642577_r1.wav,已重导,4f5aff70df518d6b1704843d99be805a9afe390eb74dde3e0479393e9d6c156c,4ffc1ed5c4b888a407bc271747ca906bf9d68fb08c121d7638aef623be323c77,0.7605668934240363,0.7605668934240363,0.15061162412166595,0.9999998024772312,-0.003222484017259017,0,0,0,,
assets/audio/units/xin/play_sfx_xinzhao_xinzhaobasicattack2_onhit_1559186049_1153642577_r2.wav,assets/audio/units/xin/play_sfx_xinzhao_xinzhaobasicattack2_onhit_1559186049_1153642577_r2.wav,已重导,831b7b607b0eb3f2ff61bdc5e80c4d56e20f912a5485b3d2ddfb20d3e31ae16e,cfbe827a026a18869f815c01607100275180f33c2626baf4a148b19c08f48625,0.8785034013605442,0.8785034013605442,0.15172670781612396,0.9999997696455919,-0.003529179677673528,0,0,0,,
assets/audio/units/xin/play_sfx_xinzhao_xinzhaobasicattack2_onhit_1559186049_1153642577_r3.wav,assets/audio/units/xin/play_sfx_xinzhao_xinzhaobasicattack2_onhit_1559186049_1153642577_r3.wav,已重导,f69be73e47e422df1950a8a58ec380a4d270cecb480f7bb4a32bee28b803c33b,06367be1cc742472aec5a86bfaae0a7fd7e3f60217fb48b3f1b8f7fd07f277bf,0.7822902494331065,0.7822902494331065,0.13593131303787231,0.9999997975703452,-0.003217868838914762,0,0,0,,
assets/audio/units/xin/play_sfx_xinzhao_xinzhaobasicattack_oncast_r1_d.wav,assets/audio/units/xin/play_sfx_xinzhao_xinzhaobasicattack_oncast_r1_d.wav,已重导,60a1820da6cfd30f8fea97c7317771c6c79260c2c8442af00352c79356316626,7c9f6e7c76e39b637e65479e5d3b4dfc9c380a1a377a82cd1ff92fab5d49cc27,0.5140136054421769,0.5140136054421769,0.12408559769392014,0.9999997522192854,-0.0038840357880041993,0,0,0,,
assets/audio/units/xin/play_sfx_xinzhao_xinzhaobasicattack_oncast_r2_d.wav,assets/audio/units/xin/play_sfx_xinzhao_xinzhaobasicattack_oncast_r2_d.wav,已重导,ac5252e3cef543655a9d198708fd311857d8696c0c1a814a34f412b4052d3ec6,d307fe8ecf377feb796076425537f26aa58c1a42e5314f06aa5d9aac144b1687,0.49820861678004535,0.49820861678004535,0.10450221598148346,0.9999994840671833,-0.005612535603505649,0,0,0,,
assets/audio/units/xin/play_sfx_xinzhao_xinzhaobasicattack_oncast_r3_d.wav,assets/audio/units/xin/play_sfx_xinzhao_xinzhaobasicattack_oncast_r3_d.wav,已重导,a835f72e7960e1cd86e60e15135a990732ef6ae4e2575013ed78d15c636ec93c,78734e913263bcdf0b259d950448a9f8e2eed71e0391a3789a80d1f51f4c7897,0.3453514739229025,0.3453514739229025,0.11137286573648453,0.9999998152219162,-0.003989175235872529,0,0,0,,
assets/audio/units/xin/play_sfx_xinzhao_xinzhaobasicattack_onhit_1559186049_1153642577_r1_d.wav,assets/audio/units/xin/play_sfx_xinzhao_xinzhaobasicattack_onhit_1559186049_1153642577_r1_d.wav,已重导,4f5aff70df518d6b1704843d99be805a9afe390eb74dde3e0479393e9d6c156c,4ffc1ed5c4b888a407bc271747ca906bf9d68fb08c121d7638aef623be323c77,0.7605668934240363,0.7605668934240363,0.15061162412166595,0.9999998024772312,-0.003222484017259017,0,0,0,,
assets/audio/units/xin/play_sfx_xinzhao_xinzhaobasicattack_onhit_1559186049_1153642577_r2_d.wav,assets/audio/units/xin/play_sfx_xinzhao_xinzhaobasicattack_onhit_1559186049_1153642577_r2_d.wav,已重导,831b7b607b0eb3f2ff61bdc5e80c4d56e20f912a5485b3d2ddfb20d3e31ae16e,cfbe827a026a18869f815c01607100275180f33c2626baf4a148b19c08f48625,0.8785034013605442,0.8785034013605442,0.15172670781612396,0.9999997696455919,-0.003529179677673528,0,0,0,,
assets/audio/units/xin/play_sfx_xinzhao_xinzhaobasicattack_onhit_1559186049_1153642577_r3_d.wav,assets/audio/units/xin/play_sfx_xinzhao_xinzhaobasicattack_onhit_1559186049_1153642577_r3_d.wav,已重导,f69be73e47e422df1950a8a58ec380a4d270cecb480f7bb4a32bee28b803c33b,06367be1cc742472aec5a86bfaae0a7fd7e3f60217fb48b3f1b8f7fd07f277bf,0.7822902494331065,0.7822902494331065,0.13593131303787231,0.9999997975703452,-0.003217868838914762,0,0,0,,
assets/audio/units/xin/play_sfx_xinzhao_xinzhaopassive_heal_buffactivate_r1.wav,assets/audio/units/xin/play_sfx_xinzhao_xinzhaopassive_heal_buffactivate_r1.wav,已重导,2c548d14428622aa5b6e24034f290b44268b63cbd552ec714480c727c274a987,f2518d70b297c66a5b7c38eb62ed7f2bbdcb1e2175feb4de8f60bf2554e94c03,1.3517913832199546,1.3517913832199546,0.05298975855112076,0.9999985258401061,-0.011033065275152722,0,0,0,,
assets/audio/units/xin/play_sfx_xinzhao_xinzhaopassive_heal_buffactivate_r2.wav,assets/audio/units/xin/play_sfx_xinzhao_xinzhaopassive_heal_buffactivate_r2.wav,已重导,d2ac85b023280776517e6d91228a28cd32072f16432c87ecb77ade0eb3fd2953,2cba1e42bc0025e41e15b73eb2076f5bcb36ffa02d017b80640618c8372160bd,1.3517913832199546,1.3517913832199546,0.04333791509270668,0.9999977719039698,-0.013274468395046259,0,0,0,,
assets/audio/units/xin/play_sfx_xinzhao_xinzhaopassive_heal_buffactivate_r3.wav,assets/audio/units/xin/play_sfx_xinzhao_xinzhaopassive_heal_buffactivate_r3.wav,已重导,ae66a0ae5a33163036b4a44428ac5111da9af40e0e62ed27417be0fa483e27de,72e7fc621da2d7e8a62f32243607d444f3046443fe27309285077e324c08b596,1.3517913832199546,1.3517913832199546,0.04329255595803261,0.9999978191304253,-0.014041652279399056,0,0,0,,
assets/audio/units/xin/play_sfx_xinzhao_xinzhaopassivecritattack_oncast_r1.wav,assets/audio/units/xin/play_sfx_xinzhao_xinzhaopassivecritattack_oncast_r1.wav,已重导,4e748808e7ed4e370e9fdacc6d1b9ff66248108919d20c9331c8d5bf8babc3d5,1f328e4b6cd374e47d393edae00e73696e99c92ea86ffbb646d0bc5c442e85f3,0.46294784580498866,0.46294784580498866,0.13024359941482544,0.9999999425003038,-0.0028082064611302006,0,0,0,,
assets/audio/units/xin/play_sfx_xinzhao_xinzhaopassivecritattack_oncast_r2.wav,assets/audio/units/xin/play_sfx_xinzhao_xinzhaopassivecritattack_oncast_r2.wav,已重导,3e897bbcac1ccceada0371d90af0da4b5d5cca6d184a8c4b450e3d360273c2d4,504a9e48fa8fb81db196b7776af4a0e6b90a71b7188389bc5d7d9dadd213a44c,0.46294784580498866,0.46294784580498866,0.13065484166145325,0.9999999387149432,-0.002732444400124519,0,0,0,,
assets/audio/units/xin/play_sfx_xinzhao_xinzhaopassivecritattack_oncast_r3.wav,assets/audio/units/xin/play_sfx_xinzhao_xinzhaopassivecritattack_oncast_r3.wav,已重导,ed94e5e7011b47584226795f079c13dc37b725237e2a04c179452d4a5607f801,89c8e4e49d3ddf1bb425ec7a572259e6fe4ad94f4c343dc58c3e7305689d8b40,0.46294784580498866,0.46294784580498866,0.12612378597259521,0.9999999468047248,-0.0028464862416359453,0,0,0,,
assets/audio/units/xin/play_sfx_xinzhao_xinzhaopassivecritattack_onhit_r1.wav,assets/audio/units/xin/play_sfx_xinzhao_xinzhaopassivecritattack_onhit_r1.wav,已重导,7621e2345c7993f80dcba6b4392a81e8efa343e51027781e73feb30bbc3fa745,82d89f598c8747cc905b5287938a0b7b285bc58909c52f51b46c7d7f666b0333,1.017845804988662,1.017845804988662,0.16130629181861877,0.9999998656197328,-0.00305561984363101,0,0,0,,
assets/audio/units/xin/play_sfx_xinzhao_xinzhaopassivecritattack_onhit_r2.wav,assets/audio/units/xin/play_sfx_xinzhao_xinzhaopassivecritattack_onhit_r2.wav,已重导,78f28a7b29a005a3aaa36d236e5736e3e64c189e979e678dc683f4d2dd2f4673,4802e57ebac141cc3a7db847299ea0d16dabafbcf2e4ea2e72c06fca57817b24,1.0241269841269842,1.0241269841269842,0.15209852159023285,0.9999998785837345,-0.002945457595109143,0,0,0,,
assets/audio/units/xin/play_sfx_xinzhao_xinzhaopassivecritattack_onhit_r3.wav,assets/audio/units/xin/play_sfx_xinzhao_xinzhaopassivecritattack_onhit_r3.wav,已重导,c5e221237e2fb36c396f3dbe9c22c5c3973a0743399f9ab9d0b2319c736e47c8,165c619aecfc7b81a528a2228486e1dfa1d45d46750416a44accf21eda8bc00b,1.021609977324263,1.021609977324263,0.15460315346717834,0.9999998768829355,-0.003081506142822981,0,0,0,,
assets/audio/units/xin/play_sfx_xinzhao_xinzhaor_hitlocation_knockback_r1.wav,assets/audio/units/xin/play_sfx_xinzhao_xinzhaor_hitlocation_knockback_r1.wav,已重导,ce2b9dbf3074618752637ce992f232937b709abf471f21b488476d30c64be9fb,587428db7daf66b742fb750a8f986066b20bbc4208ec5c9ea46a24a915bf5f0b,3.147732426303855,3.147732426303855,0.2414732277393341,0.999999926025907,-0.0024245090615031693,0,0,0,,
assets/audio/units/xin/play_sfx_xinzhao_xinzhaor_hitlocation_knockback_r2.wav,assets/audio/units/xin/play_sfx_xinzhao_xinzhaor_hitlocation_knockback_r2.wav,已重导,7bbacbdcad41e0926e2f8cfa589bba4ad715f66d076b22a681e75aaedcf928b6,38d985cd8e9313cbacb0a136e10396f2ed473fbaaedc9129e326250237770a82,3.206893424036281,3.206893424036281,0.24508464336395264,0.9999999373591804,-0.002400516452525797,0,0,0,,
assets/audio/units/xin/play_sfx_xinzhao_xinzhaor_oncast_sweep.wav,assets/audio/units/xin/play_sfx_xinzhao_xinzhaor_oncast_sweep.wav,已重导,6609f9cdad8ded41710280b0074a2cf229679bcbc48d53d990d547632d24bc5d,84b361537ca05e3375012eb436a2d8ddd961a8e468890110aa92e61a6bdb78db,0.65,0.65,0.27663862705230713,0.9999999905512635,-0.0018969502656713162,0,0,0,atrim=duration=0.65;afade=t=out:st=0.55:d=0.1,
assets/audio/units/xin/play_vo_xinzhao_death3d_r1_zh_cn.wav,assets/audio/units/xin/play_vo_xinzhao_death3d_r1_zh_cn.wav,已重导,75613d928dc1374adf8818ef145d121cefd520a4ece56657d180c6802f0e35fa,af9809a61eff90ebe47ffdf076b1a45be86918cbe467a812bbf1f3b7d1902fc7,1.5,1.5,0.18708468973636627,0.9999999938752107,11.999209494738498,0,0,0,atrim=duration=1.5;afade=t=out:st=1.0:d=0.5,
assets/audio/units/xin/play_vo_xinzhao_death3d_r2_zh_cn.wav,assets/audio/units/xin/play_vo_xinzhao_death3d_r2_zh_cn.wav,已重导,fffaa7efae26c550919a2251a8e06caedf7be9ee72ce690e710d023d0111d37e,b4758c776ada89e4ee90e220fd3b0665a1b6c2c8af0bbc07c782cdba795a929c,1.5,1.5,0.1532275527715683,0.9999999904786291,11.999207724701238,0,0,0,atrim=duration=1.5;afade=t=out:st=1.0:d=0.5,
assets/audio/units/xin/play_vo_xinzhao_death3d_r3_zh_cn.wav,assets/audio/units/xin/play_vo_xinzhao_death3d_r3_zh_cn.wav,已重导,cd617525209ae8ceade6f93d795a2842a381d77fd0b592ceb5f808d737234967,b273ff23a35df6918a5b48324df89e6c5fbebdc9958295c144752a86f85417da,1.5,1.5,0.25002819299697876,0.9999999923969438,11.999129233352043,0,0,0,atrim=duration=1.5;afade=t=out:st=1.0:d=0.5,
assets/audio/units/xin/play_vo_xinzhao_xinzhaor_cast3d_r1_zh_cn.wav,assets/audio/units/xin/play_vo_xinzhao_xinzhaor_cast3d_r1_zh_cn.wav,已重导,8af30412db7c601e85cd3af5e92322dac52d2c01c53435defd99f5c7c2b16b78,dcc1c008e42bd0e9bb72260028c625a8a49667c8f9d497f16e5b1685e933098a,1.5807256235827665,1.5807256235827665,0.18822650611400604,0.9999999900467094,11.999151869050822,0,0,0,,
assets/audio/units/xin/play_vo_xinzhao_xinzhaor_cast3d_r2_zh_cn.wav,assets/audio/units/xin/play_vo_xinzhao_xinzhaor_cast3d_r2_zh_cn.wav,已重导,ae299cfdc7c6a8675416eca51d98034838a0dc0fdbb18618ff5368256e5aba54,6fc2c6298698fa433ccbf0b96d7f8829f8fe07093edfa80eb44ce04f44f3886d,1.5060544217687075,1.5060544217687075,0.1937093585729599,0.9999999897254717,11.999137051375357,0,0,0,,
assets/audio/units/xin/play_vo_xinzhao_xinzhaor_cast3d_r3_zh_cn.wav,assets/audio/units/xin/play_vo_xinzhao_xinzhaor_cast3d_r3_zh_cn.wav,已重导,8b4a96a5f340bae5bfcfe576698acca4e9d40d36cf4e21f39921c095a5bffc10,3bd1767bc42d2730e5cf8b7d0cdca99d8adb95853d56f5bc4bb7569716da06f9,0.9300453514739229,0.9300453514739229,0.14466312527656555,0.9999999936657408,11.999122923943961,0,0,0,,
assets/audio/units/xin/play_vo_xinzhao_xinzhaor_cast3d_r4_zh_cn.wav,assets/audio/units/xin/play_vo_xinzhao_xinzhaor_cast3d_r4_zh_cn.wav,已重导,08254d2fd4dc7b8c1a9f057b5fa48c4bbd4690278c2b8cbaf5a3984cd3860588,f52dea912c126fac9604d7f1a6fcce725afcb528bc9913a8d2d9d8c945a48549,0.9460544217687075,0.9460544217687075,0.15968509018421173,0.9999999942346075,11.999130149407717,0,0,0,,
assets/audio/announcer/defeat_r1.wav,assets/audio/announcer/defeat_r1.wav,已重导,49699c8e9d12c60ad9dd4a1c3780530f5ac343de49a16a6e04b56cba673a23da,353274e905bde7c1dbf5e4cbc3ccd01cf287e2bf2bc064cc841841f488c36472,3.0352380952380953,3.0352380952380953,0.3552045524120331,0.9999999547370717,-0.0014612198469757397,0,0,0,,
assets/audio/announcer/minions_spawn_r1.wav,assets/audio/announcer/minions_spawn_r1.wav,已重导,31c864045ccdb062152b7061dcfae50b27e2c5df7178a7c543520fc9c7bb2fc6,b59a79be7fb41f38a63cb0abd2d5a36d80b185f60f337a7e953a7c71db51d3a8,2.9824943310657597,2.9824943310657597,0.2304101586341858,0.9999999058679852,-0.002518583653275237,0,0,0,,
assets/audio/announcer/victory_r1.wav,assets/audio/announcer/victory_r1.wav,已重导,ce41a74756f6f35a8a98a1d70c6ae565704a3da990283b9d8a8b9d82e410d2d6,72cced3fbb8bf0ca5fdeb4ace6765741d1be12cfe3c60d59049c2b921d0ed7f6,3.1165079365079364,3.1165079365079364,0.22605931758880615,0.9999998983892207,-0.0022454820490001386,0,0,0,,
assets/audio/units/ornn/forge_equipment.wav,assets/audio/units/ornn/forge_equipment.wav,已归档未引用,07d7713b0ee734b3c249eb6a5ab5d78312c8ad1dd520b2e5c9ae5eebc6b1935d,4c70727ba4820883a409b78ee6aed189f171eda0de8dc7930577392bd844d021,5.397664399092971,5.397664399092971,0.14032310247421265,0.9999999887839346,16.00000752313448,0,0,0,,
assets/audio/world/chaos/play_sfx_env_chaosturret_break01_r1.wav,assets/audio/world/chaos/play_sfx_env_chaosturret_break01_r1.wav,已重导,a0b03a0ff1a427c18cb2e5750e69b411a29ad545d4bc9dd68d21e5f2501218ea,c144ce576ead01248ec8713318d2dac6d28e8614257cdf65a54c30cc4a78dca5,4.343015873015873,4.343015873015873,0.1822199672460556,0.9999999427311899,-0.0025496815362601294,0,0,0,,
assets/audio/world/chaos/play_sfx_env_chaosturret_break02_r1.wav,assets/audio/world/chaos/play_sfx_env_chaosturret_break02_r1.wav,已重导,0b12eeabe93721813bbe431dc95b0ddf7ece86688ec330f35ef9482b4d782394,30e1c8d6bf3d56650704d5ea418ce5e46e8d2cb712499e7197bf903e42292bfb,4.625283446712018,4.625283446712018,0.1907089799642563,0.9999999505620681,-0.0024433173199110625,0,0,0,,
assets/audio/world/chaos/play_sfx_env_chaosturret_break03_r1.wav,assets/audio/world/chaos/play_sfx_env_chaosturret_break03_r1.wav,已重导,e3300c2b967f41d97229e0c28cf0bc0faba4f19b963d2337070c423737859a4a,16d62a66e840a48b2180acf07cd0ebea0812c8f932f2e4904a1e54060783a1ad,7.691609977324263,7.691609977324263,0.22942973673343658,0.9999999645531868,-0.001889196705938686,0,0,0,,
assets/audio/world/chaos/play_sfx_env_global_eog_chaosnexus_death_cast_r1.wav,assets/audio/world/chaos/play_sfx_env_global_eog_chaosnexus_death_cast_r1.wav,已重导,580d9e2335450d8c9a56c4d243e19c9f694999e81746e96151b4c9f85a229aec,83525099dd0a718bfe58e8a3faf0c27bdbf12aa16672ad4f7014270bc93b9ba2,11.76546485260771,11.76546485260771,0.4253917634487152,0.9999999752814321,-0.0018591429329156417,0,0,0,,
assets/audio/world/chaos/play_sfx_env_map11_chaosturretminionbasicattack_cast_r1.wav,assets/audio/world/chaos/play_sfx_env_map11_chaosturretminionbasicattack_cast_r1.wav,已重导,2ee888984cc72db8854c17b54cc7ae9164f1b89851357f5c44b4e567690c5ca9,b8548fb9db7219cae11d5a2bb4abe1b8d7a9350e1c8a84cbeb4ce952889a1986,2.951678004535147,2.951678004535147,0.114144466817379,0.9999992687082073,-0.004898047073403585,0,0,0,,
assets/audio/world/chaos/play_sfx_env_map11_chaosturretminionbasicattack_cast_r2.wav,assets/audio/world/chaos/play_sfx_env_map11_chaosturretminionbasicattack_cast_r2.wav,已重导,1c19b5c36d9796a0d7f4e96b904ab5c9af05da9d31028dafbe121f53a528b793,d9e4dfe6c47abde79714a070ed4a94dd729d8e4cd270280369d267b508ee1029,2.86,2.86,0.08095745742321014,0.9999990749755306,-0.005678951532616295,0,0,0,,
assets/audio/world/chaos/play_sfx_env_map11_chaosturretminionbasicattack_cast_r3.wav,assets/audio/world/chaos/play_sfx_env_map11_chaosturretminionbasicattack_cast_r3.wav,已重导,5cad8cf1030bc18b851e1dbdbb709e4abe9b7309fc8c0070e054f47a3db4f532,404c29f19534b3b21d570ad544c2fbb3d132be319d60ab82a5bc9797c4aea116,2.7586848072562358,2.7586848072562358,0.08652990311384201,0.9999986172429768,-0.005888602729265295,0,0,0,,
assets/audio/world/chaos/play_sfx_env_map11_chaosturretminionbasicattack_hit_r1.wav,assets/audio/world/chaos/play_sfx_env_map11_chaosturretminionbasicattack_hit_r1.wav,已重导,6f6674641a9c087f2feb58cd27060e9ca5383acfc2f9d98a6ca4de8aea42cbe8,507699ef1f0f905ec17f8f308f76925f05b65c2920692b1e695e4f5f65cde47f,1.8681179138321995,1.8681179138321995,0.133856400847435,0.9999993790005868,-0.004798088517397745,0,0,0,,
assets/audio/world/chaos/play_sfx_env_map11_chaosturretminionbasicattack_hit_r2.wav,assets/audio/world/chaos/play_sfx_env_map11_chaosturretminionbasicattack_hit_r2.wav,已重导,1aa3a78b0ec25aaec900db1b6a140873ee99316d76aef6335b3dfa00455d1c35,a2f075cc5a5fa7ff80638db3412c7f9fd9954be920daff5367294b1431648b95,2.0768480725623584,2.0768480725623584,0.1331198811531067,0.9999995045765021,-0.004218620515359926,0,0,0,,
assets/audio/world/chaos/play_sfx_env_map11_chaosturretminionbasicattack_hit_r3.wav,assets/audio/world/chaos/play_sfx_env_map11_chaosturretminionbasicattack_hit_r3.wav,已重导,4701bdcb4e93df5a1d414f2ffdcada8b44dc35d95bca43e27ccbd22d0ed94c98,5af3bfa8b320d2cd09dd779997225b722aa61c71352bb61f880339596ee50ea4,1.9726757369614512,1.9726757369614512,0.11524324864149094,0.9999991872651474,-0.005027514326781034,0,0,0,,
assets/audio/world/chaos/play_sfx_env_map11_chaosturretminionbasicattack_hit_r4.wav,assets/audio/world/chaos/play_sfx_env_map11_chaosturretminionbasicattack_hit_r4.wav,已重导,bd34cff50a0255534d09b4ca1b826d57c99b122341b9fb290b56685e0fd5b390,b614c1bef0ae08361edf21d318050b236609016853f79895a47b767308a9f59f,2.0241043083900228,2.0241043083900228,0.13231581449508667,0.9999992645627032,-0.005048611727888072,0,0,0,,
assets/audio/world/chaos/play_sfx_env_map11_chaosturretminionbasicattack_missilelaunch_r1.wav,assets/audio/world/chaos/play_sfx_env_map11_chaosturretminionbasicattack_missilelaunch_r1.wav,已重导,fb35983570cdfeced001c6a92e5e6c692112f34ae17035ca064c5de11067e3dd,cca4adeda1443ac78c9e0c9a08b1fbce403dba9505e72a7acebefa558ac18585,1.8391836734693878,1.8391836734693878,0.07078097760677338,0.999997433417982,-0.010106658361254638,0,0,0,,
assets/audio/world/chaos/play_sfx_env_map11_chaosturretminionbasicattack_missilelaunch_r2.wav,assets/audio/world/chaos/play_sfx_env_map11_chaosturretminionbasicattack_missilelaunch_r2.wav,已重导,e43e01d3136cbfa5e40386baaa53101ed7f1cabd6aab2b8c549203ddf6a53fe7,d588808468bcd420be7f6de23b058b1b923ec85de791992e73252b672a51dad3,1.8123356009070295,1.8123356009070295,0.06254855543375015,0.9999972861212838,-0.010344420866472024,0,0,0,,
assets/audio/world/chaos/play_sfx_env_map11_chaosturretminionbasicattack_missilelaunch_r3.wav,assets/audio/world/chaos/play_sfx_env_map11_chaosturretminionbasicattack_missilelaunch_r3.wav,已重导,2d57720364956f1f25b1e94ab4ed6f68f188bb31a879969fce65be66a79af067,29af909afd111eb085e28dd6f49c1b70a14a6f7cfed77cd164dddfb3dfb2ed50,2.054671201814059,2.054671201814059,0.06759817898273468,0.9999973677645684,-0.010047504008592747,0,0,0,,
assets/audio/world/chaos/play_sfx_env_map11_chaosturretminionbasicattack_missilelaunch_r4.wav,assets/audio/world/chaos/play_sfx_env_map11_chaosturretminionbasicattack_missilelaunch_r4.wav,已重导,648e28f81acb7ffe26637ca3ca1a964534449afc82dd3f764fb731126cde24f5,1821488514e3e9ac37f8b07dabc22d20c817576710827f41e0279f1bbf1e7030,2.0058503401360546,2.0058503401360546,0.0716714933514595,0.9999974887682535,-0.009184719608765648,0,0,0,,
assets/audio/world/chaos/play_sfx_env_sruap_chaos_nexus_alive_loop_r1.wav,assets/audio/world/chaos/play_sfx_env_sruap_chaos_nexus_alive_loop_r1.wav,已重导,f0ddff2208ae79140f048e2a219193601ae5976ddbbb71f9fe2c7dd1ec0ace5b,24f61d800c26cb7dee5e20ae80fa111f6636ef902ab5ab44f9c7cfbe2a050cd0,6.166938775510204,6.166938775510204,0.020809359848499298,0.9999988574232501,-0.01788697778807412,0,0,0,,
assets/audio/world/chaos/play_sfx_env_sruap_chaos_nexus_spawn_r1.wav,assets/audio/world/chaos/play_sfx_env_sruap_chaos_nexus_spawn_r1.wav,已重导,01e8751c3ac421a32d997cda5847808fdcf894e50250b84de4c7f0bd255dd956,44d00431f943fa76327172e88556393f90c8921ed9598be50069b4c997da7bfe,13.716009070294785,13.716009070294785,0.11841310560703278,0.9999999086445218,-0.004706323782046248,0,0,0,,
assets/audio/world/order/play_sfx_env_global_eog_ordernexus_death_oc_r1.wav,assets/audio/world/order/play_sfx_env_global_eog_ordernexus_death_oc_r1.wav,已重导,1550c9598f4b38e9e876acaf4b940fa343cbb4a3c280cf22ac53fde5502e7815,9a8c26a7ffdf95db746f70000549680fe65168acbbd3f0f63a796d741a500f07,9.663786848072561,9.663786848072561,0.4633011519908905,0.9999999803776266,-0.001815467222218691,0,0,0,,
assets/audio/world/order/play_sfx_env_map11_orderturretminionbasicattack_cast_r1.wav,assets/audio/world/order/play_sfx_env_map11_orderturretminionbasicattack_cast_r1.wav,已重导,12a605a163767fad9f3ad9265861c38c124a24ad0d012081dc9283fcc4036397,2f049d22f2d0a27517d7e60aedc0c93f7e695602d11d0b9d4361225f06dd982d,2.2032199546485263,2.2032199546485263,0.09050814807415009,0.9999995397386094,-0.005148524212770693,0,0,0,,
assets/audio/world/order/play_sfx_env_map11_orderturretminionbasicattack_cast_r2.wav,assets/audio/world/order/play_sfx_env_map11_orderturretminionbasicattack_cast_r2.wav,已重导,fe59d6fdc51ed0a949e451f7899a6d5eab6fbaa9314a6096524b33dc7f6341db,3ce4f3dac0f6d849d0347941d9ab4478da0e9363de2214a2a9af5426ed1a128f,2.085011337868481,2.085011337868481,0.09807354211807251,0.9999994276314712,-0.0053789461971033205,0,0,0,,
assets/audio/world/order/play_sfx_env_map11_orderturretminionbasicattack_cast_r3.wav,assets/audio/world/order/play_sfx_env_map11_orderturretminionbasicattack_cast_r3.wav,已重导,045578ba7c64a958f29b2a7b2d180da21a432221bb74c36150365c1169e44489,5d4d83e4290387cde864a0639c9c7a4b969f94e066420541d3144152d90b6caf,2.123219954648526,2.123219954648526,0.09289085119962692,0.9999995264555563,-0.004905168365481944,0,0,0,,
assets/audio/world/order/play_sfx_env_map11_orderturretminionbasicattack_hit_r1.wav,assets/audio/world/order/play_sfx_env_map11_orderturretminionbasicattack_hit_r1.wav,已重导,7e67afa69a824decc9f5f996c8f22fcda91fdd006eb711d05562313b4b7b9c20,8de35c1699de444ca2448641e610e0a6217092101f6ad262b1d3843458bae266,1.2703628117913832,1.2703628117913832,0.10892528295516968,0.9999995700140087,-0.005098741318146217,0,0,0,,
assets/audio/world/order/play_sfx_env_map11_orderturretminionbasicattack_hit_r2.wav,assets/audio/world/order/play_sfx_env_map11_orderturretminionbasicattack_hit_r2.wav,已重导,1ca7187f69a5cb58028a5abef3ce7d6fbe4267df897f62cd476a6e2be6075edb,019c95570d8c8130dd64d8e0dfb7e072b4ba997036f9a1c061d62eabd956c41d,1.3471201814058957,1.3471201814058957,0.09489885717630386,0.9999992991145342,-0.006216723923944925,0,0,0,,
assets/audio/world/order/play_sfx_env_map11_orderturretminionbasicattack_missilelaunch_r1.wav,assets/audio/world/order/play_sfx_env_map11_orderturretminionbasicattack_missilelaunch_r1.wav,已重导,99c0342286d31f9feb13c4023ac95472deec64bdba198828879c0f3121ccc43e,21bd19519c95a2f75e48a9a9a23d78b0f4363cd2513150ec7175d6f9da474ab8,1.5462131519274376,1.5462131519274376,0.059515491127967834,0.9999987302921766,-0.008834257306977619,0,0,0,,
assets/audio/world/order/play_sfx_env_map11_orderturretminionbasicattack_missilelaunch_r2.wav,assets/audio/world/order/play_sfx_env_map11_orderturretminionbasicattack_missilelaunch_r2.wav,已重导,c1b4afa4c7dd21d6c995b298fbac507702ddef6ec4755bad23dd674329c64fa4,90a8d3151f465d52fdc8573cbfeef713da402999e6337e955ad3a78c894cd520,1.9661678004535148,1.9661678004535148,0.06784622371196747,0.9999989199629585,-0.00918024081733419,0,0,0,,
assets/audio/world/order/play_sfx_env_map11_orderturretminionbasicattack_missilelaunch_r3.wav,assets/audio/world/order/play_sfx_env_map11_orderturretminionbasicattack_missilelaunch_r3.wav,已重导,13210f8b4853fd75e198218db6884ab6496dcfcb414b40e6ee93797d010d3ee9,d2ec6ccc76ceb438f63f0131c0a436fe80eb149cd020edb27d5238eb5e16727c,1.561814058956916,1.561814058956916,0.06335265934467316,0.9999984611853205,-0.00867840642585363,0,0,0,,
assets/audio/world/order/play_sfx_env_orderturret_break01_r1.wav,assets/audio/world/order/play_sfx_env_orderturret_break01_r1.wav,已重导,beb47b1dbb47e83554c2301fdcf3402fa3a806c12f85e0debf33b79bc50de7ce,f2c52ef79f029094b8ebff976f7ac4c44a5350d86d400d5646503cad1950fffc,4.278095238095238,4.278095238095238,0.16311322152614594,0.9999999368834567,-0.0027653011054752067,0,0,0,,
assets/audio/world/order/play_sfx_env_orderturret_break02_r1.wav,assets/audio/world/order/play_sfx_env_orderturret_break02_r1.wav,已重导,0a37bfed832b0c0cfbd7181b46a3ba4d585d62d3494df4f59b26ed3eaa2b81f8,c5bcc43c6796bea1b7f7b91f20b25285580abc2200a591242811cbebf1d8047b,4.274965986394558,4.274965986394558,0.18529032170772552,0.9999999570484137,-0.0024238511208878335,0,0,0,,
assets/audio/world/order/play_sfx_env_orderturret_break03_r1.wav,assets/audio/world/order/play_sfx_env_orderturret_break03_r1.wav,已重导,28e8730a7b0d0f218359738b1a4701cc1a9c57b861b7e83c3062eb34fe0a0c70,c070152c8dd62ccea639f5df95081f94386ecebda619578a64bba1a547b7a5ba,7.598571428571429,7.598571428571429,0.2098112404346466,0.9999999450415649,-0.002205478248625442,0,0,0,,
assets/audio/world/order/play_sfx_env_sruap_order_nexus_alive_loop_r1.wav,assets/audio/world/order/play_sfx_env_sruap_order_nexus_alive_loop_r1.wav,已重导,f0ca8c42846421821e0c994ad27434cf9e2da5b73c0fc4cebd4d2bf23c803ae4,4358d4225ed0694c43ebecd81747238aec1b0ae4e93db353ab9438d6dcbfd73b,5.644353741496599,5.644353741496599,0.019611569121479988,0.9999984350907353,-0.020205831435367423,0,0,0,,
assets/audio/world/order/play_sfx_env_sruap_order_nexus_spawn_r1.wav,assets/audio/world/order/play_sfx_env_sruap_order_nexus_spawn_r1.wav,已重导,aefb32b8a6251e3cc5860ab2eeee0cc7ed085c04c2aef8cd1729851fcfb41bb8,aa018e30a5f0539a3038cdee38547d5d3af41b8e7b9f12487645029507cfc121,19.276485260770976,19.276485260770976,0.11744490265846252,0.9999999124141951,-0.004370840324261821,0,0,0,,
