卡牌ID,卡牌名称,类型,文件,结论,源auto_dB,成品相对TXTP_dB,运行时增益_dB,估计净增益_dB,波形相关系数,源TXTP,SHA256,事件配置位置,备注
corrosion,腐蚀法术,音效,assets/audio/spells/corrosion/morgana_w_cast.wav,自动增益残留（波形确认）,12.0,-0.001,0.0,12.0,1.0,/Users/czh/Projects/Clash Legends/ClashLegends-开发素材库/05-已完成/腐蚀法术/源件与过程记录/audio-source/morgana/txtp/Play_sfx_Morgana_MorganaW_cast.txtp,3f17b0f46d41cb51ef9d3a9bbf75a43e3451e3233ae17251be96e8691707293a,.team0.form0.audio.events.spell:zone_sustain.pool[0];.team1.form0.audio.events.spell:zone_sustain.pool[0],
heal,治疗术,音效,assets/audio/spells/heal/play_sfx_summonerheal_oncast_r1.wav,未发现自动增益残留（波形确认）,,-0.003,0.0,-0.0,0.99999998,/Users/czh/Projects/Clash Legends/ClashLegends-开发素材库/04-中间产物/素材加工/shared_audio_review/named_txtp/Play_sfx_SummonerHeal_OnCast {r1}.txtp,2f66291596322fd78c94edceeea22464296b1a946d03883418ba650295d983a4,.team0.form0.audio.events.spell:cast.pool[0];.team1.form0.audio.events.spell:cast.pool[0],
heal,治疗术,音效,assets/audio/spells/heal/play_sfx_summonerheal_oncast_r2.wav,未发现自动增益残留（波形确认）,,-0.003,0.0,-0.0,0.99999998,/Users/czh/Projects/Clash Legends/ClashLegends-开发素材库/04-中间产物/素材加工/shared_audio_review/named_txtp/Play_sfx_SummonerHeal_OnCast {r2}.txtp,88ef9409e37f8f526c85cea24e1de7fbe2def494bf1a1f2c26c163aaa6250601,.team0.form0.audio.events.spell:cast.pool[1];.team1.form0.audio.events.spell:cast.pool[1],
heal,治疗术,音效,assets/audio/spells/heal/play_sfx_summonerheal_oncast_r3.wav,未发现自动增益残留（波形确认）,,-0.003,0.0,-0.0,0.99999999,/Users/czh/Projects/Clash Legends/ClashLegends-开发素材库/04-中间产物/素材加工/shared_audio_review/named_txtp/Play_sfx_SummonerHeal_OnCast {r3}.txtp,86082b641a0d38e77f5254b9e97a5f18c3004868ed79e9d63973cac3cbaced03,.team0.form0.audio.events.spell:cast.pool[2];.team1.form0.audio.events.spell:cast.pool[2],
lightning,大型电击法术,音效,assets/audio/spells/lightning/strike_r1.wav,自动增益残留（波形确认）,3.0,-0.0,0.0,3.0,1.0,/Users/czh/Projects/Clash Legends/ClashLegends-开发素材库/03-制作中/电击法术/audio_stormsurge/txtp/Play_sfx_4646_lightning_large_hit {r1}.txtp,0951c83ba346cba8af7fa801e833cfe4a936648cda14b574dd7fb2c543a637ce,.team0.form0.audio.events.spell:strike.pool[0];.team1.form0.audio.events.spell:strike.pool[0],
lightning,大型电击法术,音效,assets/audio/spells/lightning/strike_r2.wav,自动增益残留（波形确认）,3.0,-0.0,0.0,3.0,1.0,/Users/czh/Projects/Clash Legends/ClashLegends-开发素材库/03-制作中/电击法术/audio_stormsurge/txtp/Play_sfx_4646_lightning_large_hit {r2}.txtp,da74679153eaf12fffc0f27182d54952708ffef0a9ec796ecb8d04e3ebea603a,.team0.form0.audio.events.spell:strike.pool[1];.team1.form0.audio.events.spell:strike.pool[1],
lightning,大型电击法术,音效,assets/audio/spells/lightning/strike_r3.wav,自动增益残留（波形确认）,3.0,0.0,0.0,3.0,1.0,/Users/czh/Projects/Clash Legends/ClashLegends-开发素材库/03-制作中/电击法术/audio_stormsurge/txtp/Play_sfx_4646_lightning_large_hit {r3}.txtp,7461177f3d85cbc1f243a79c9de8de3e1212f037ca3aeede2abab1f465ccf40a,.team0.form0.audio.events.spell:strike.pool[2];.team1.form0.audio.events.spell:strike.pool[2],
stasis,凝滞法术,音效,assets/audio/spells/stasis/OnCast.wav,自动增益残留（波形确认）,13.0,-0.001,0.0,13.0,1.0,/Users/czh/Projects/Clash Legends/ClashLegends-开发素材库/03-制作中/凝滞法术/audio/bard/txtp/Play_sfx_Bard_BardR_OnCast {r1}.txtp,cde8605f85a18be9fac8097d46cc420dc2971ae33be3d6b2d919803890403ba3,.team0.form0.audio.events.spell:cast.pool[0];.team1.form0.audio.events.spell:cast.pool[0],
stasis,凝滞法术,音效,assets/audio/spells/stasis/OnCast_2.wav,自动增益残留（波形确认）,13.0,-0.001,0.0,13.0,1.0,/Users/czh/Projects/Clash Legends/ClashLegends-开发素材库/03-制作中/凝滞法术/audio/bard/txtp/Play_sfx_Bard_BardR_OnCast {r2}.txtp,99df434d2c30b30f899616c67e1412f8e9cf9d34383b48dbe82c889fa0535cbf,.team0.form0.audio.events.spell:cast.pool[1];.team1.form0.audio.events.spell:cast.pool[1],
stasis,凝滞法术,音效,assets/audio/spells/stasis/OnCast_3.wav,自动增益残留（波形确认）,13.0,-0.001,0.0,13.0,1.0,/Users/czh/Projects/Clash Legends/ClashLegends-开发素材库/03-制作中/凝滞法术/audio/bard/txtp/Play_sfx_Bard_BardR_OnCast {r3}.txtp,e3fa739115e8b5efed23a522cb94a17435664d080f768e03ae18479c23f55a22,.team0.form0.audio.events.spell:cast.pool[2];.team1.form0.audio.events.spell:cast.pool[2],
stasis,凝滞法术,音效,assets/audio/spells/stasis/explo.wav,自动增益残留（波形确认）,11.5,-0.001,0.0,11.5,1.0,/Users/czh/Projects/Clash Legends/ClashLegends-开发素材库/03-制作中/凝滞法术/audio/bard/txtp/Play_sfx_Bard_BardR_explo {r1}.txtp,2e4a99178c3de989dc5b8737b629f4a332aa046b6cbde45db2366bc7ebc1c1c6,.team0.form0.audio.events.spell:strike.pool[0];.team1.form0.audio.events.spell:strike.pool[0],
stasis,凝滞法术,音效,assets/audio/spells/stasis/explo_2.wav,自动增益残留（波形确认）,11.5,-0.001,0.0,11.5,1.0,/Users/czh/Projects/Clash Legends/ClashLegends-开发素材库/03-制作中/凝滞法术/audio/bard/txtp/Play_sfx_Bard_BardR_explo {r2}.txtp,d1e39e2cab743f0ae469e8daf668ced721ce749acd3bffa6b16fc735ae6d3149,.team0.form0.audio.events.spell:strike.pool[1];.team1.form0.audio.events.spell:strike.pool[1],
stasis,凝滞法术,音效,assets/audio/spells/stasis/explo_3.wav,自动增益残留（波形确认）,11.5,-0.001,0.0,11.5,1.0,/Users/czh/Projects/Clash Legends/ClashLegends-开发素材库/03-制作中/凝滞法术/audio/bard/txtp/Play_sfx_Bard_BardR_explo {r3}.txtp,a208e9c73a4ca51664507777d5b16ade107dc0b1005b8b0f1c02afda3fb90066,.team0.form0.audio.events.spell:strike.pool[2];.team1.form0.audio.events.spell:strike.pool[2],
stasis,凝滞法术,音效,assets/audio/spells/stasis/flight_1.wav,自动增益残留（波形确认）,17.0,-0.001,0.0,17.0,1.0,/Users/czh/Projects/Clash Legends/ClashLegends-开发素材库/03-制作中/凝滞法术/audio/bard/txtp/Play_sfx_Bard_BardR_mis {r1}.txtp,039e175572378f8ee618c0a4af750b803d49b4e1291a49b7f875d1b91fa24d92,.team0.form0.audio.events.spell:flight.pool[0];.team1.form0.audio.events.spell:flight.pool[0],
stasis,凝滞法术,音效,assets/audio/spells/stasis/flight_2.wav,自动增益残留（波形确认）,17.0,-0.001,0.0,17.0,1.0,/Users/czh/Projects/Clash Legends/ClashLegends-开发素材库/03-制作中/凝滞法术/audio/bard/txtp/Play_sfx_Bard_BardR_mis {r2}.txtp,cc02fcde03fec229bc8de0f6529d30cfe88789d872c94ad15363695f19de3cc1,.team0.form0.audio.events.spell:flight.pool[1];.team1.form0.audio.events.spell:flight.pool[1],
stasis,凝滞法术,音效,assets/audio/spells/stasis/target_1.wav,自动增益残留（波形确认）,11.0,-0.001,-6.0,5.0,1.0,/Users/czh/Projects/Clash Legends/ClashLegends-开发素材库/03-制作中/凝滞法术/audio/bard/txtp/Play_sfx_Bard_bardr_stasis_tar {r1}.txtp,1f3b9c69e8885139f2aafe80d0684d268e878796d34e0fa7663727f643dfd1c6,.team0.form0.audio.events.stasis_target:sustain.pool[0];.team1.form0.audio.events.stasis_target:sustain.pool[0],
stasis,凝滞法术,音效,assets/audio/spells/stasis/target_2.wav,自动增益残留（波形确认）,11.0,-0.001,-6.0,5.0,1.0,/Users/czh/Projects/Clash Legends/ClashLegends-开发素材库/03-制作中/凝滞法术/audio/bard/txtp/Play_sfx_Bard_bardr_stasis_tar {r2}.txtp,692b0c9ac33037afb3d8b01ba071a5bf8b265c0882508bc1e2d580e451818622,.team0.form0.audio.events.stasis_target:sustain.pool[1];.team1.form0.audio.events.stasis_target:sustain.pool[1],
zap,电击法术,音效,assets/audio/spells/zap/strike_r1.wav,自动增益残留（波形确认）,11.0,-3.0,0.0,8.0,1.0,/Users/czh/Projects/Clash Legends/ClashLegends-开发素材库/03-制作中/电击法术/audio_electrocute/txtp/Play_sfx_Perks_Domination_Electrocute_OnBuffActivate {r1}.txtp,6f4e68d4cc03947676e4308e593590e5bd1cbd9afa4ab9e0f8e5079a338e41c2,.team0.form0.audio.events.spell:strike.pool[0];.team1.form0.audio.events.spell:strike.pool[0],
zap,电击法术,音效,assets/audio/spells/zap/strike_r2.wav,自动增益残留（波形确认）,11.0,-3.0,0.0,8.0,1.0,/Users/czh/Projects/Clash Legends/ClashLegends-开发素材库/03-制作中/电击法术/audio_electrocute/txtp/Play_sfx_Perks_Domination_Electrocute_OnBuffActivate {r2}.txtp,02179b294a85b6b56d9e6ffdf2b067a0e5c7182bb427a56ab37ddc2c0c53ae52,.team0.form0.audio.events.spell:strike.pool[1];.team1.form0.audio.events.spell:strike.pool[1],
zap,电击法术,音效,assets/audio/spells/zap/strike_r3.wav,自动增益残留（波形确认）,11.0,-3.0,0.0,8.0,1.0,/Users/czh/Projects/Clash Legends/ClashLegends-开发素材库/03-制作中/电击法术/audio_electrocute/txtp/Play_sfx_Perks_Domination_Electrocute_OnBuffActivate {r3}.txtp,c965653469a033e3bd59f9b2c38ece58f9d1a49faf359c3a7b8082e696f9ff84,.team0.form0.audio.events.spell:strike.pool[2];.team1.form0.audio.events.spell:strike.pool[2],
aatrox,剑魔,音效,assets/audio/units/aatrox/play_sfx_aatrox_aatroxbasicattack2_oncast_1.wav,自动增益残留（波形确认）,16.0,-6.0,-5,5.0,1.0,/Users/czh/Projects/Clash Legends/ClashLegends-开发素材库/05-已完成/剑魔/源件/剑魔/audio-source/aatrox/txtp/Play_sfx_Aatrox_AatroxBasicAttack2_OnCast {r1}.txtp,cb93ea1d345db04735757c44890e612e1c4b1064159e7ca042e6af5629a935e9,.team0.form0.audio.attack_swing[1][0];.team1.form0.audio.attack_swing[1][0],
aatrox,剑魔,音效,assets/audio/units/aatrox/play_sfx_aatrox_aatroxbasicattack2_oncast_2.wav,自动增益残留（波形确认）,16.0,-6.0,-5,5.0,1.0,/Users/czh/Projects/Clash Legends/ClashLegends-开发素材库/05-已完成/剑魔/源件/剑魔/audio-source/aatrox/txtp/Play_sfx_Aatrox_AatroxBasicAttack2_OnCast {r2}.txtp,7e700055debd91ce50e67492b638445e77f12719a915422cf3e23cc89c869775,.team0.form0.audio.attack_swing[1][1];.team1.form0.audio.attack_swing[1][1],
aatrox,剑魔,音效,assets/audio/units/aatrox/play_sfx_aatrox_aatroxbasicattack2_oncast_3.wav,自动增益残留（波形确认）,16.0,-6.0,-5,5.0,1.0,/Users/czh/Projects/Clash Legends/ClashLegends-开发素材库/05-已完成/剑魔/源件/剑魔/audio-source/aatrox/txtp/Play_sfx_Aatrox_AatroxBasicAttack2_OnCast {r3}.txtp,3e7de6769eeb115d1803930c5e668fa5c7800723482cbd7d398737c9c9053bfb,.team0.form0.audio.attack_swing[1][2];.team1.form0.audio.attack_swing[1][2],
aatrox,剑魔,音效,assets/audio/units/aatrox/play_sfx_aatrox_aatroxbasicattack2_oncast_4.wav,自动增益残留（波形确认）,16.0,-6.0,-5,5.0,1.0,/Users/czh/Projects/Clash Legends/ClashLegends-开发素材库/05-已完成/剑魔/源件/剑魔/audio-source/aatrox/txtp/Play_sfx_Aatrox_AatroxBasicAttack2_OnCast {r4}.txtp,f5c9c4a5f10eb618034350799f1fc7695daba2efdcb364d8a6ff5dda62cfa229,.team0.form0.audio.attack_swing[1][3];.team1.form0.audio.attack_swing[1][3],
aatrox,剑魔,音效,assets/audio/units/aatrox/play_sfx_aatrox_aatroxbasicattack2_oncast_5.wav,自动增益残留（波形确认）,16.0,-6.0,-5,5.0,1.0,/Users/czh/Projects/Clash Legends/ClashLegends-开发素材库/05-已完成/剑魔/源件/剑魔/audio-source/aatrox/txtp/Play_sfx_Aatrox_AatroxBasicAttack2_OnCast {r5}.txtp,e850c12289a30a7f0d251fc1c75384c8fdf3b6c3557c6ca81188909dfd17e59b,.team0.form0.audio.attack_swing[1][4];.team1.form0.audio.attack_swing[1][4],
aatrox,剑魔,音效,assets/audio/units/aatrox/play_sfx_aatrox_aatroxbasicattack2_onhit_1.wav,自动增益残留（波形确认）,15.0,-6.0,-4,5.0,1.0,/Users/czh/Projects/Clash Legends/ClashLegends-开发素材库/05-已完成/剑魔/源件/剑魔/audio-source/aatrox/txtp/Play_sfx_Aatrox_AatroxBasicAttack2_OnHit [1559186049=1153642577] {r1}.txtp,ce23be7761ac130d61278a4bec58412258d130d8a2f9aa347a46dcb0dd261af5,.team0.form0.audio.attack_hit_by_segment[1][0];.team1.form0.audio.attack_hit_by_segment[1][0],
aatrox,剑魔,音效,assets/audio/units/aatrox/play_sfx_aatrox_aatroxbasicattack2_onhit_2.wav,自动增益残留（波形确认）,15.0,-6.0,-4,5.0,1.0,/Users/czh/Projects/Clash Legends/ClashLegends-开发素材库/05-已完成/剑魔/源件/剑魔/audio-source/aatrox/txtp/Play_sfx_Aatrox_AatroxBasicAttack2_OnHit [1559186049=1153642577] {r2}.txtp,aea6d582d38cdcba66906e5651daa757566ec9d0026b08d473878cc770f8f07e,.team0.form0.audio.attack_hit_by_segment[1][1];.team1.form0.audio.attack_hit_by_segment[1][1],
aatrox,剑魔,音效,assets/audio/units/aatrox/play_sfx_aatrox_aatroxbasicattack2_onhit_3.wav,自动增益残留（波形确认）,15.0,-6.0,-4,5.0,1.0,/Users/czh/Projects/Clash Legends/ClashLegends-开发素材库/05-已完成/剑魔/源件/剑魔/audio-source/aatrox/txtp/Play_sfx_Aatrox_AatroxBasicAttack2_OnHit [1559186049=1153642577] {r3}.txtp,53667386d3a2b325c36923f734450645bd4c30a0ea4cbc3763e345a77a2fa327,.team0.form0.audio.attack_hit_by_segment[1][2];.team1.form0.audio.attack_hit_by_segment[1][2],
aatrox,剑魔,音效,assets/audio/units/aatrox/play_sfx_aatrox_aatroxbasicattack3_oncast_1.wav,自动增益残留（波形确认）,16.0,-6.0,-5,5.0,1.0,/Users/czh/Projects/Clash Legends/ClashLegends-开发素材库/05-已完成/剑魔/源件/剑魔/audio-source/aatrox/txtp/Play_sfx_Aatrox_AatroxBasicAttack3_OnCast {r1} {d}.txtp,cb93ea1d345db04735757c44890e612e1c4b1064159e7ca042e6af5629a935e9,.team0.form0.audio.attack_swing[2][0];.team1.form0.audio.attack_swing[2][0],
aatrox,剑魔,音效,assets/audio/units/aatrox/play_sfx_aatrox_aatroxbasicattack3_oncast_2.wav,自动增益残留（波形确认）,16.0,-6.0,-5,5.0,1.0,/Users/czh/Projects/Clash Legends/ClashLegends-开发素材库/05-已完成/剑魔/源件/剑魔/audio-source/aatrox/txtp/Play_sfx_Aatrox_AatroxBasicAttack3_OnCast {r2} {d}.txtp,7e700055debd91ce50e67492b638445e77f12719a915422cf3e23cc89c869775,.team0.form0.audio.attack_swing[2][1];.team1.form0.audio.attack_swing[2][1],
aatrox,剑魔,音效,assets/audio/units/aatrox/play_sfx_aatrox_aatroxbasicattack3_oncast_3.wav,自动增益残留（波形确认）,16.0,-6.0,-5,5.0,1.0,/Users/czh/Projects/Clash Legends/ClashLegends-开发素材库/05-已完成/剑魔/源件/剑魔/audio-source/aatrox/txtp/Play_sfx_Aatrox_AatroxBasicAttack3_OnCast {r3} {d}.txtp,3e7de6769eeb115d1803930c5e668fa5c7800723482cbd7d398737c9c9053bfb,.team0.form0.audio.attack_swing[2][2];.team1.form0.audio.attack_swing[2][2],
aatrox,剑魔,音效,assets/audio/units/aatrox/play_sfx_aatrox_aatroxbasicattack3_oncast_4.wav,自动增益残留（波形确认）,16.0,-6.0,-5,5.0,1.0,/Users/czh/Projects/Clash Legends/ClashLegends-开发素材库/05-已完成/剑魔/源件/剑魔/audio-source/aatrox/txtp/Play_sfx_Aatrox_AatroxBasicAttack3_OnCast {r4} {d}.txtp,f5c9c4a5f10eb618034350799f1fc7695daba2efdcb364d8a6ff5dda62cfa229,.team0.form0.audio.attack_swing[2][3];.team1.form0.audio.attack_swing[2][3],
aatrox,剑魔,音效,assets/audio/units/aatrox/play_sfx_aatrox_aatroxbasicattack3_oncast_5.wav,自动增益残留（波形确认）,16.0,-6.0,-5,5.0,1.0,/Users/czh/Projects/Clash Legends/ClashLegends-开发素材库/05-已完成/剑魔/源件/剑魔/audio-source/aatrox/txtp/Play_sfx_Aatrox_AatroxBasicAttack3_OnCast {r5} {d}.txtp,e850c12289a30a7f0d251fc1c75384c8fdf3b6c3557c6ca81188909dfd17e59b,.team0.form0.audio.attack_swing[2][4];.team1.form0.audio.attack_swing[2][4],
aatrox,剑魔,音效,assets/audio/units/aatrox/play_sfx_aatrox_aatroxbasicattack3_onhit_1.wav,自动增益残留（波形确认）,15.0,-6.0,-4,5.0,1.0,/Users/czh/Projects/Clash Legends/ClashLegends-开发素材库/05-已完成/剑魔/源件/剑魔/audio-source/aatrox/txtp/Play_sfx_Aatrox_AatroxBasicAttack3_OnHit [1559186049=1153642577] {r1} {d}.txtp,ce23be7761ac130d61278a4bec58412258d130d8a2f9aa347a46dcb0dd261af5,.team0.form0.audio.attack_hit_by_segment[2][0];.team1.form0.audio.attack_hit_by_segment[2][0],
aatrox,剑魔,音效,assets/audio/units/aatrox/play_sfx_aatrox_aatroxbasicattack3_onhit_2.wav,自动增益残留（波形确认）,15.0,-6.0,-4,5.0,1.0,/Users/czh/Projects/Clash Legends/ClashLegends-开发素材库/05-已完成/剑魔/源件/剑魔/audio-source/aatrox/txtp/Play_sfx_Aatrox_AatroxBasicAttack3_OnHit [1559186049=1153642577] {r2} {d}.txtp,aea6d582d38cdcba66906e5651daa757566ec9d0026b08d473878cc770f8f07e,.team0.form0.audio.attack_hit_by_segment[2][1];.team1.form0.audio.attack_hit_by_segment[2][1],
aatrox,剑魔,音效,assets/audio/units/aatrox/play_sfx_aatrox_aatroxbasicattack3_onhit_3.wav,自动增益残留（波形确认）,15.0,-6.0,-4,5.0,1.0,/Users/czh/Projects/Clash Legends/ClashLegends-开发素材库/05-已完成/剑魔/源件/剑魔/audio-source/aatrox/txtp/Play_sfx_Aatrox_AatroxBasicAttack3_OnHit [1559186049=1153642577] {r3} {d}.txtp,53667386d3a2b325c36923f734450645bd4c30a0ea4cbc3763e345a77a2fa327,.team0.form0.audio.attack_hit_by_segment[2][2];.team1.form0.audio.attack_hit_by_segment[2][2],
aatrox,剑魔,音效,assets/audio/units/aatrox/play_sfx_aatrox_aatroxbasicattack_oncast_1.wav,自动增益残留（波形确认）,16.0,-6.0,-5,5.0,1.0,/Users/czh/Projects/Clash Legends/ClashLegends-开发素材库/05-已完成/剑魔/源件/剑魔/audio-source/aatrox/txtp/Play_sfx_Aatrox_AatroxBasicAttack_OnCast {r1} {d}.txtp,cb93ea1d345db04735757c44890e612e1c4b1064159e7ca042e6af5629a935e9,.team0.form0.audio.attack_swing[0][0];.team1.form0.audio.attack_swing[0][0],
aatrox,剑魔,音效,assets/audio/units/aatrox/play_sfx_aatrox_aatroxbasicattack_oncast_2.wav,自动增益残留（波形确认）,16.0,-6.0,-5,5.0,1.0,/Users/czh/Projects/Clash Legends/ClashLegends-开发素材库/05-已完成/剑魔/源件/剑魔/audio-source/aatrox/txtp/Play_sfx_Aatrox_AatroxBasicAttack_OnCast {r2} {d}.txtp,7e700055debd91ce50e67492b638445e77f12719a915422cf3e23cc89c869775,.team0.form0.audio.attack_swing[0][1];.team1.form0.audio.attack_swing[0][1],
aatrox,剑魔,音效,assets/audio/units/aatrox/play_sfx_aatrox_aatroxbasicattack_oncast_3.wav,自动增益残留（波形确认）,16.0,-6.0,-5,5.0,1.0,/Users/czh/Projects/Clash Legends/ClashLegends-开发素材库/05-已完成/剑魔/源件/剑魔/audio-source/aatrox/txtp/Play_sfx_Aatrox_AatroxBasicAttack_OnCast {r3} {d}.txtp,3e7de6769eeb115d1803930c5e668fa5c7800723482cbd7d398737c9c9053bfb,.team0.form0.audio.attack_swing[0][2];.team1.form0.audio.attack_swing[0][2],
aatrox,剑魔,音效,assets/audio/units/aatrox/play_sfx_aatrox_aatroxbasicattack_oncast_4.wav,自动增益残留（波形确认）,16.0,-6.0,-5,5.0,1.0,/Users/czh/Projects/Clash Legends/ClashLegends-开发素材库/05-已完成/剑魔/源件/剑魔/audio-source/aatrox/txtp/Play_sfx_Aatrox_AatroxBasicAttack_OnCast {r4} {d}.txtp,f5c9c4a5f10eb618034350799f1fc7695daba2efdcb364d8a6ff5dda62cfa229,.team0.form0.audio.attack_swing[0][3];.team1.form0.audio.attack_swing[0][3],
aatrox,剑魔,音效,assets/audio/units/aatrox/play_sfx_aatrox_aatroxbasicattack_oncast_5.wav,自动增益残留（波形确认）,16.0,-6.0,-5,5.0,1.0,/Users/czh/Projects/Clash Legends/ClashLegends-开发素材库/05-已完成/剑魔/源件/剑魔/audio-source/aatrox/txtp/Play_sfx_Aatrox_AatroxBasicAttack_OnCast {r5} {d}.txtp,e850c12289a30a7f0d251fc1c75384c8fdf3b6c3557c6ca81188909dfd17e59b,.team0.form0.audio.attack_swing[0][4];.team1.form0.audio.attack_swing[0][4],
aatrox,剑魔,音效,assets/audio/units/aatrox/play_sfx_aatrox_aatroxbasicattack_onhit_1.wav,自动增益残留（波形确认）,15.0,-6.0,-4,5.0,1.0,/Users/czh/Projects/Clash Legends/ClashLegends-开发素材库/05-已完成/剑魔/源件/剑魔/audio-source/aatrox/txtp/Play_sfx_Aatrox_AatroxBasicAttack_OnHit [1559186049=1153642577] {r1} {d}.txtp,ce23be7761ac130d61278a4bec58412258d130d8a2f9aa347a46dcb0dd261af5,.team0.form0.audio.attack_hit_by_segment[0][0];.team1.form0.audio.attack_hit_by_segment[0][0],
aatrox,剑魔,音效,assets/audio/units/aatrox/play_sfx_aatrox_aatroxbasicattack_onhit_2.wav,自动增益残留（波形确认）,15.0,-6.0,-4,5.0,1.0,/Users/czh/Projects/Clash Legends/ClashLegends-开发素材库/05-已完成/剑魔/源件/剑魔/audio-source/aatrox/txtp/Play_sfx_Aatrox_AatroxBasicAttack_OnHit [1559186049=1153642577] {r2} {d}.txtp,aea6d582d38cdcba66906e5651daa757566ec9d0026b08d473878cc770f8f07e,.team0.form0.audio.attack_hit_by_segment[0][1];.team1.form0.audio.attack_hit_by_segment[0][1],
aatrox,剑魔,音效,assets/audio/units/aatrox/play_sfx_aatrox_aatroxbasicattack_onhit_3.wav,自动增益残留（波形确认）,15.0,-6.0,-4,5.0,1.0,/Users/czh/Projects/Clash Legends/ClashLegends-开发素材库/05-已完成/剑魔/源件/剑魔/audio-source/aatrox/txtp/Play_sfx_Aatrox_AatroxBasicAttack_OnHit [1559186049=1153642577] {r3} {d}.txtp,53667386d3a2b325c36923f734450645bd4c30a0ea4cbc3763e345a77a2fa327,.team0.form0.audio.attack_hit_by_segment[0][2];.team1.form0.audio.attack_hit_by_segment[0][2],
aatrox,剑魔,音效,assets/audio/units/aatrox/play_sfx_aatrox_aatroxpassiveattack_oncast_1.wav,自动增益残留（波形确认）,17.0,-6.0,-5,6.0,1.0,/Users/czh/Projects/Clash Legends/ClashLegends-开发素材库/05-已完成/剑魔/源件/剑魔/audio-source/aatrox/txtp/Play_sfx_Aatrox_AatroxPassiveAttack_OnCast.txtp,5e6a199d3df048cc3ad13c4ae88d6a8a237a5a845ee31d4da6c4f381266367f5,.team0.form0.audio.attack_swing[3][0];.team0.form1.audio.attack_swing[0][0];.team1.form0.audio.attack_swing[3][0];.team1.form1.audio.attack_swing[0][0],
aatrox,剑魔,音效,assets/audio/units/aatrox/play_sfx_aatrox_aatroxpassiveattack_onhit_1.wav,自动增益残留（波形确认）,13.0,-6.0,-4,3.0,1.0,/Users/czh/Projects/Clash Legends/ClashLegends-开发素材库/05-已完成/剑魔/源件/剑魔/audio-source/aatrox/txtp/Play_sfx_Aatrox_AatroxPassiveAttack_OnHit [1559186049=1153642577] {r}.txtp,b1637b58f7bb2bd502562aa5096e582e472e1ad34c9d2c240128874e56e965f2,.team0.form0.audio.attack_hit_by_segment[3][0];.team0.form1.audio.attack_hit_by_segment[0][0];.team1.form0.audio.attack_hit_by_segment[3][0];.team1.form1.audio.attack_hit_by_segment[0][0],
aatrox,剑魔,音效,assets/audio/units/aatrox/play_sfx_aatrox_aatroxr_buffdeactivate_1.wav,auto已抵消或播放后不高于原事件,4.0,-6.0,0.0,-2.0,1.0,/Users/czh/Projects/Clash Legends/ClashLegends-开发素材库/05-已完成/剑魔/源件/剑魔/audio-source/aatrox/txtp/Play_sfx_Aatrox_AatroxR_buffdeactivate.txtp,d6565466cac23d57ea82a2909eab387300daad728a82dc8ce105cae5bb107d13,.team0.form0.audio.events.revert:start.pool[0];.team1.form0.audio.events.revert:start.pool[0],
aatrox,剑魔,音效,assets/audio/units/aatrox/play_sfx_aatrox_aatroxr_onbuffactivate_all_1.wav,自动增益残留（波形确认）,9.0,-6.0,0.0,3.0,1.0,/Users/czh/Projects/Clash Legends/ClashLegends-开发素材库/05-已完成/剑魔/源件/剑魔/audio-source/aatrox/txtp/Play_sfx_Aatrox_AatroxR_OnBuffActivate_all {r}.txtp,9f44f4dce8bc470310ce23856b1f1952c2be45a79bb34264147fe90205390b6b,.team0.form1.audio.events.form:refresh.pool[0];.team0.form1.audio.events.transform_active:start.pool[0];.team1.form1.audio.events.form:refresh.pool[0];.team1.form1.audio.events.transform_active:start.pool[0],
aatrox,剑魔,音效,assets/audio/units/aatrox/play_sfx_aatrox_aatroxrattack1_oncast_1.wav,自动增益残留（波形确认）,16.0,-6.0,-5,5.0,1.0,/Users/czh/Projects/Clash Legends/ClashLegends-开发素材库/05-已完成/剑魔/源件/剑魔/audio-source/aatrox/txtp/Play_sfx_Aatrox_AatroxRAttack1_OnCast {r1} {d}.txtp,cb93ea1d345db04735757c44890e612e1c4b1064159e7ca042e6af5629a935e9,.team0.form1.audio.attack_swing[1][0];.team1.form1.audio.attack_swing[1][0],
aatrox,剑魔,音效,assets/audio/units/aatrox/play_sfx_aatrox_aatroxrattack1_oncast_2.wav,自动增益残留（波形确认）,16.0,-6.0,-5,5.0,1.0,/Users/czh/Projects/Clash Legends/ClashLegends-开发素材库/05-已完成/剑魔/源件/剑魔/audio-source/aatrox/txtp/Play_sfx_Aatrox_AatroxRAttack1_OnCast {r2} {d}.txtp,7e700055debd91ce50e67492b638445e77f12719a915422cf3e23cc89c869775,.team0.form1.audio.attack_swing[1][1];.team1.form1.audio.attack_swing[1][1],
aatrox,剑魔,音效,assets/audio/units/aatrox/play_sfx_aatrox_aatroxrattack1_oncast_3.wav,自动增益残留（波形确认）,16.0,-6.0,-5,5.0,1.0,/Users/czh/Projects/Clash Legends/ClashLegends-开发素材库/05-已完成/剑魔/源件/剑魔/audio-source/aatrox/txtp/Play_sfx_Aatrox_AatroxRAttack1_OnCast {r3} {d}.txtp,3e7de6769eeb115d1803930c5e668fa5c7800723482cbd7d398737c9c9053bfb,.team0.form1.audio.attack_swing[1][2];.team1.form1.audio.attack_swing[1][2],
aatrox,剑魔,音效,assets/audio/units/aatrox/play_sfx_aatrox_aatroxrattack1_oncast_4.wav,自动增益残留（波形确认）,16.0,-6.0,-5,5.0,1.0,/Users/czh/Projects/Clash Legends/ClashLegends-开发素材库/05-已完成/剑魔/源件/剑魔/audio-source/aatrox/txtp/Play_sfx_Aatrox_AatroxRAttack1_OnCast {r4} {d}.txtp,f5c9c4a5f10eb618034350799f1fc7695daba2efdcb364d8a6ff5dda62cfa229,.team0.form1.audio.attack_swing[1][3];.team1.form1.audio.attack_swing[1][3],
aatrox,剑魔,音效,assets/audio/units/aatrox/play_sfx_aatrox_aatroxrattack1_oncast_5.wav,自动增益残留（波形确认）,16.0,-6.0,-5,5.0,1.0,/Users/czh/Projects/Clash Legends/ClashLegends-开发素材库/05-已完成/剑魔/源件/剑魔/audio-source/aatrox/txtp/Play_sfx_Aatrox_AatroxRAttack1_OnCast {r5} {d}.txtp,e850c12289a30a7f0d251fc1c75384c8fdf3b6c3557c6ca81188909dfd17e59b,.team0.form1.audio.attack_swing[1][4];.team1.form1.audio.attack_swing[1][4],
aatrox,剑魔,音效,assets/audio/units/aatrox/play_sfx_aatrox_aatroxrattack1_onhit_1.wav,自动增益残留（波形确认）,15.0,-6.0,-4,5.0,1.0,/Users/czh/Projects/Clash Legends/ClashLegends-开发素材库/05-已完成/剑魔/源件/剑魔/audio-source/aatrox/txtp/Play_sfx_Aatrox_AatroxRAttack1_OnHit [1559186049=1153642577] {r1} {d}.txtp,ce23be7761ac130d61278a4bec58412258d130d8a2f9aa347a46dcb0dd261af5,.team0.form1.audio.attack_hit_by_segment[1][0];.team1.form1.audio.attack_hit_by_segment[1][0],
aatrox,剑魔,音效,assets/audio/units/aatrox/play_sfx_aatrox_aatroxrattack1_onhit_2.wav,自动增益残留（波形确认）,15.0,-6.0,-4,5.0,1.0,/Users/czh/Projects/Clash Legends/ClashLegends-开发素材库/05-已完成/剑魔/源件/剑魔/audio-source/aatrox/txtp/Play_sfx_Aatrox_AatroxRAttack1_OnHit [1559186049=1153642577] {r2} {d}.txtp,aea6d582d38cdcba66906e5651daa757566ec9d0026b08d473878cc770f8f07e,.team0.form1.audio.attack_hit_by_segment[1][1];.team1.form1.audio.attack_hit_by_segment[1][1],
aatrox,剑魔,音效,assets/audio/units/aatrox/play_sfx_aatrox_aatroxrattack1_onhit_3.wav,自动增益残留（波形确认）,15.0,-6.0,-4,5.0,1.0,/Users/czh/Projects/Clash Legends/ClashLegends-开发素材库/05-已完成/剑魔/源件/剑魔/audio-source/aatrox/txtp/Play_sfx_Aatrox_AatroxRAttack1_OnHit [1559186049=1153642577] {r3} {d}.txtp,53667386d3a2b325c36923f734450645bd4c30a0ea4cbc3763e345a77a2fa327,.team0.form1.audio.attack_hit_by_segment[1][2];.team1.form1.audio.attack_hit_by_segment[1][2],
aatrox,剑魔,音效,assets/audio/units/aatrox/play_sfx_aatrox_aatroxrattack2_oncast_1.wav,自动增益残留（波形确认）,16.0,-6.0,-5,5.0,1.0,/Users/czh/Projects/Clash Legends/ClashLegends-开发素材库/05-已完成/剑魔/源件/剑魔/audio-source/aatrox/txtp/Play_sfx_Aatrox_AatroxRAttack2_OnCast {r1} {d}.txtp,cb93ea1d345db04735757c44890e612e1c4b1064159e7ca042e6af5629a935e9,.team0.form1.audio.attack_swing[2][0];.team1.form1.audio.attack_swing[2][0],
aatrox,剑魔,音效,assets/audio/units/aatrox/play_sfx_aatrox_aatroxrattack2_oncast_2.wav,自动增益残留（波形确认）,16.0,-6.0,-5,5.0,1.0,/Users/czh/Projects/Clash Legends/ClashLegends-开发素材库/05-已完成/剑魔/源件/剑魔/audio-source/aatrox/txtp/Play_sfx_Aatrox_AatroxRAttack2_OnCast {r2} {d}.txtp,7e700055debd91ce50e67492b638445e77f12719a915422cf3e23cc89c869775,.team0.form1.audio.attack_swing[2][1];.team1.form1.audio.attack_swing[2][1],
aatrox,剑魔,音效,assets/audio/units/aatrox/play_sfx_aatrox_aatroxrattack2_oncast_3.wav,自动增益残留（波形确认）,16.0,-6.0,-5,5.0,1.0,/Users/czh/Projects/Clash Legends/ClashLegends-开发素材库/05-已完成/剑魔/源件/剑魔/audio-source/aatrox/txtp/Play_sfx_Aatrox_AatroxRAttack2_OnCast {r3} {d}.txtp,3e7de6769eeb115d1803930c5e668fa5c7800723482cbd7d398737c9c9053bfb,.team0.form1.audio.attack_swing[2][2];.team1.form1.audio.attack_swing[2][2],
aatrox,剑魔,音效,assets/audio/units/aatrox/play_sfx_aatrox_aatroxrattack2_oncast_4.wav,自动增益残留（波形确认）,16.0,-6.0,-5,5.0,1.0,/Users/czh/Projects/Clash Legends/ClashLegends-开发素材库/05-已完成/剑魔/源件/剑魔/audio-source/aatrox/txtp/Play_sfx_Aatrox_AatroxRAttack2_OnCast {r4} {d}.txtp,f5c9c4a5f10eb618034350799f1fc7695daba2efdcb364d8a6ff5dda62cfa229,.team0.form1.audio.attack_swing[2][3];.team1.form1.audio.attack_swing[2][3],
aatrox,剑魔,音效,assets/audio/units/aatrox/play_sfx_aatrox_aatroxrattack2_oncast_5.wav,自动增益残留（波形确认）,16.0,-6.0,-5,5.0,1.0,/Users/czh/Projects/Clash Legends/ClashLegends-开发素材库/05-已完成/剑魔/源件/剑魔/audio-source/aatrox/txtp/Play_sfx_Aatrox_AatroxRAttack2_OnCast {r5} {d}.txtp,e850c12289a30a7f0d251fc1c75384c8fdf3b6c3557c6ca81188909dfd17e59b,.team0.form1.audio.attack_swing[2][4];.team1.form1.audio.attack_swing[2][4],
aatrox,剑魔,音效,assets/audio/units/aatrox/play_sfx_aatrox_aatroxrattack2_onhit_1.wav,自动增益残留（波形确认）,15.0,-6.0,-4,5.0,1.0,/Users/czh/Projects/Clash Legends/ClashLegends-开发素材库/05-已完成/剑魔/源件/剑魔/audio-source/aatrox/txtp/Play_sfx_Aatrox_AatroxRAttack2_OnHit [1559186049=1153642577] {r1} {d}.txtp,ce23be7761ac130d61278a4bec58412258d130d8a2f9aa347a46dcb0dd261af5,.team0.form1.audio.attack_hit_by_segment[2][0];.team1.form1.audio.attack_hit_by_segment[2][0],
aatrox,剑魔,音效,assets/audio/units/aatrox/play_sfx_aatrox_aatroxrattack2_onhit_2.wav,自动增益残留（波形确认）,15.0,-6.0,-4,5.0,1.0,/Users/czh/Projects/Clash Legends/ClashLegends-开发素材库/05-已完成/剑魔/源件/剑魔/audio-source/aatrox/txtp/Play_sfx_Aatrox_AatroxRAttack2_OnHit [1559186049=1153642577] {r2} {d}.txtp,aea6d582d38cdcba66906e5651daa757566ec9d0026b08d473878cc770f8f07e,.team0.form1.audio.attack_hit_by_segment[2][1];.team1.form1.audio.attack_hit_by_segment[2][1],
aatrox,剑魔,音效,assets/audio/units/aatrox/play_sfx_aatrox_aatroxrattack2_onhit_3.wav,自动增益残留（波形确认）,15.0,-6.0,-4,5.0,1.0,/Users/czh/Projects/Clash Legends/ClashLegends-开发素材库/05-已完成/剑魔/源件/剑魔/audio-source/aatrox/txtp/Play_sfx_Aatrox_AatroxRAttack2_OnHit [1559186049=1153642577] {r3} {d}.txtp,53667386d3a2b325c36923f734450645bd4c30a0ea4cbc3763e345a77a2fa327,.team0.form1.audio.attack_hit_by_segment[2][2];.team1.form1.audio.attack_hit_by_segment[2][2],
aatrox,剑魔,音效,assets/audio/units/aatrox/play_sfx_aatrox_death3d_cast_1.wav,自动增益残留（波形确认）,14.0,-6.0,0.0,8.0,1.0,/Users/czh/Projects/Clash Legends/ClashLegends-开发素材库/05-已完成/剑魔/源件/剑魔/audio-source/aatrox/txtp/Play_sfx_Aatrox_Death3D_cast.txtp,0bdc731a8ce39e2d92fac2f7941cfed94db4729edc3a5e36914aca64772eb2d5,.team0.form0.audio.events.death.pool[0];.team0.form1.audio.events.death.pool[0];.team1.form0.audio.events.death.pool[0];.team1.form1.audio.events.death.pool[0],
aatrox,剑魔,语音,assets/audio/units/aatrox/play_vo_aatrox_death3d_1.wav,自动增益残留（波形确认）,13.0,-6.0,0.0,7.0,1.0,/Users/czh/Projects/Clash Legends/ClashLegends-开发素材库/05-已完成/剑魔/源件/剑魔/audio-source/aatrox_vo/txtp/Play_vo_Aatrox_Death3D {r1}.txtp,b102e4f1b17e067cc6722068700c355f76ade83c3bfd618e153207cdd8e95265,.team0.form0.audio.events.death:voice.pool[0];.team0.form1.audio.events.death:voice.pool[0];.team1.form0.audio.events.death:voice.pool[0];.team1.form1.audio.events.death:voice.pool[0],
aatrox,剑魔,语音,assets/audio/units/aatrox/play_vo_aatrox_death3d_2.wav,自动增益残留（波形确认）,13.0,-6.0,0.0,7.0,1.0,/Users/czh/Projects/Clash Legends/ClashLegends-开发素材库/05-已完成/剑魔/源件/剑魔/audio-source/aatrox_vo/txtp/Play_vo_Aatrox_Death3D {r2}.txtp,8678548d8e572f3f9ba4d72b258637344040f10ccbbb170de7ee5d5a5342a807,.team0.form0.audio.events.death:voice.pool[1];.team0.form1.audio.events.death:voice.pool[1];.team1.form0.audio.events.death:voice.pool[1];.team1.form1.audio.events.death:voice.pool[1],
aatrox,剑魔,语音,assets/audio/units/aatrox/play_vo_aatrox_death3d_3.wav,自动增益残留（波形确认）,13.0,-6.0,0.0,7.0,1.0,/Users/czh/Projects/Clash Legends/ClashLegends-开发素材库/05-已完成/剑魔/源件/剑魔/audio-source/aatrox_vo/txtp/Play_vo_Aatrox_Death3D {r3}.txtp,eff3d14ec8a835fb839f4a54d0cb357ea165ef907ca442fd67c08f1b0043f075,.team0.form0.audio.events.death:voice.pool[2];.team0.form1.audio.events.death:voice.pool[2];.team1.form0.audio.events.death:voice.pool[2];.team1.form1.audio.events.death:voice.pool[2],
aatrox,剑魔,语音,assets/audio/units/aatrox/play_vo_aatrox_deploy_1.wav,LCU直取/用户提供源，不经事件auto,,,0.0,,,,320452aa51bad7b4f21be8ec2d13c1a9464c16198a1cc128d4359f583e2abcff,.team0.form0.audio.events.deploy:voice.pool[0];.team0.form1.audio.events.deploy:voice.pool[0];.team1.form0.audio.events.deploy:voice.pool[0];.team1.form1.audio.events.deploy:voice.pool[0],
aatrox,剑魔,语音,assets/audio/units/aatrox/play_vo_aatrox_deploy_2.wav,自动增益残留（波形确认）,14.0,-6.0,0.0,8.0,1.0,/Users/czh/Projects/Clash Legends/ClashLegends-开发素材库/04-中间产物/voice-tool-render-check/txtp/Play_vo_Aatrox_UseItem3DGuardianAngelR {r13}.txtp;/Users/czh/Projects/Clash Legends/ClashLegends-开发素材库/04-中间产物/构建与验证/performance-baseline-c87f218/ClashLegends-开发素材库/03-制作中/剑魔/voice-selection/txtp/Play_vo_Aatrox_UseItem3DGuardianAngelR {r13}.txtp;/Users/czh/Projects/Clash Legends/ClashLegends-开发素材库/04-中间产物/构建与验证/performance-candidate-20260916/ClashLegends-开发素材库/03-制作中/剑魔/voice-selection/txtp/Play_vo_Aatrox_UseItem3DGuardianAngelR {r13}.txtp;/Users/czh/Projects/Clash Legends/ClashLegends-开发素材库/05-已完成/剑魔/源件/剑魔/voice-selection/txtp/Play_vo_Aatrox_UseItem3DGuardianAngelR {r13}.txtp,b6959456b138d5c0f16ba61629ad7223e3c3ec93556fdd45b75ca21100316bdd,.team0.form0.audio.events.deploy:voice.pool[1];.team0.form1.audio.events.deploy:voice.pool[1];.team1.form0.audio.events.deploy:voice.pool[1];.team1.form1.audio.events.deploy:voice.pool[1],
aatrox,剑魔,语音,assets/audio/units/aatrox/play_vo_aatrox_deploy_3.wav,自动增益残留（波形确认）,14.0,-6.0,0.0,8.0,1.0,/Users/czh/Projects/Clash Legends/ClashLegends-开发素材库/04-中间产物/voice-tool-render-check/txtp/Play_vo_Aatrox_UseItem3DGuardianAngelR {r10}.txtp;/Users/czh/Projects/Clash Legends/ClashLegends-开发素材库/04-中间产物/构建与验证/performance-baseline-c87f218/ClashLegends-开发素材库/03-制作中/剑魔/voice-selection/txtp/Play_vo_Aatrox_UseItem3DGuardianAngelR {r10}.txtp;/Users/czh/Projects/Clash Legends/ClashLegends-开发素材库/04-中间产物/构建与验证/performance-candidate-20260916/ClashLegends-开发素材库/03-制作中/剑魔/voice-selection/txtp/Play_vo_Aatrox_UseItem3DGuardianAngelR {r10}.txtp;/Users/czh/Projects/Clash Legends/ClashLegends-开发素材库/05-已完成/剑魔/源件/剑魔/voice-selection/txtp/Play_vo_Aatrox_UseItem3DGuardianAngelR {r10}.txtp,ec304450b0de6849b069472417ffbafe5b4ec9176111b051dd04d398908e39ab,.team0.form0.audio.events.deploy:voice.pool[2];.team0.form1.audio.events.deploy:voice.pool[2];.team1.form0.audio.events.deploy:voice.pool[2];.team1.form1.audio.events.deploy:voice.pool[2],
anivia_egg,冰晶凤凰蛋,音效,assets/audio/units/anivia/anivia_rebirth_full_half.wav,加工/合成源未使用auto,,,0.0,,0.27151133,/Users/czh/Projects/Clash Legends/ClashLegends-开发素材库/04-中间产物/素材加工/card_audio_batch/anivia/txtp/Play_sfx_Anivia_Rebirth_OnBuffActivate.txtp,51352ed01e0b61217f8a533ad380430ea67203cfd1779a6f8fe3c0deda77a4b7,.team0.form0.audio.events.revival:sustain.pool[0];.team1.form0.audio.events.revival:sustain.pool[0],
anivia,艾尼维亚（冰晶凤凰）,音效,assets/audio/units/anivia/play_sfx_anivia_aniviabasicattack_oncast_d.wav,未发现自动增益残留（波形确认）,,-0.003,-3.0,-3.0,0.99999998,/Users/czh/Projects/Clash Legends/ClashLegends-开发素材库/04-中间产物/素材加工/card_audio_batch/anivia/txtp/Play_sfx_Anivia_AniviaBasicAttack_OnCast {d}.txtp,ccd072d24a3370fc1348ac4668e717fb03417a5a0800b0cb0a16640a12adca19,.team0.form0.audio.attack_swing[0][0];.team0.form0.audio.attack_swing[1][0];.team1.form0.audio.attack_swing[0][0];.team1.form0.audio.attack_swing[1][0],
anivia,艾尼维亚（冰晶凤凰）,音效,assets/audio/units/anivia/play_sfx_anivia_aniviabasicattack_onhit_r1_d.wav,未发现自动增益残留（波形确认）,,-0.003,-5.0,-5.0,0.99999997,/Users/czh/Projects/Clash Legends/ClashLegends-开发素材库/04-中间产物/素材加工/card_audio_batch/anivia/txtp/Play_sfx_Anivia_AniviaBasicAttack_OnHit {r1} {d}.txtp,4afd35e47402bb29d1be868c8870267d420dcd4158e313684aa74497998e1cfa,.team0.form0.audio.attack_hit[0];.team1.form0.audio.attack_hit[0],
anivia,艾尼维亚（冰晶凤凰）,音效,assets/audio/units/anivia/play_sfx_anivia_aniviabasicattack_onhit_r2_d.wav,未发现自动增益残留（波形确认）,,-0.004,-5.0,-5.0,0.99999996,/Users/czh/Projects/Clash Legends/ClashLegends-开发素材库/04-中间产物/素材加工/card_audio_batch/anivia/txtp/Play_sfx_Anivia_AniviaBasicAttack_OnHit {r2} {d}.txtp,b0718978ea219b74428db476debe4157a9e6ac633c17c51339f22df04f932f84,.team0.form0.audio.attack_hit[1];.team1.form0.audio.attack_hit[1],
anivia,艾尼维亚（冰晶凤凰）,音效,assets/audio/units/anivia/play_sfx_anivia_aniviabasicattack_onhit_r3_d.wav,未发现自动增益残留（波形确认）,,-0.004,-5.0,-5.0,0.99999997,/Users/czh/Projects/Clash Legends/ClashLegends-开发素材库/04-中间产物/素材加工/card_audio_batch/anivia/txtp/Play_sfx_Anivia_AniviaBasicAttack_OnHit {r3} {d}.txtp,89d91607945486b86310b8b8087ae07be27095e04fba0d9d269ec4b57575ea5f,.team0.form0.audio.attack_hit[2];.team1.form0.audio.attack_hit[2],
anivia,艾尼维亚（冰晶凤凰）,音效,assets/audio/units/anivia/play_sfx_anivia_aniviabasicattack_onmissilelaunch_r1_d.wav,未发现自动增益残留（波形确认）,,-0.006,0.0,-0.01,0.9999998,/Users/czh/Projects/Clash Legends/ClashLegends-开发素材库/04-中间产物/素材加工/card_audio_batch/anivia/txtp/Play_sfx_Anivia_AniviaBasicAttack_OnMissileLaunch {r1} {d}.txtp,f0f322db507333233be000ee55364526d3595074c90c218b44367c339c40d6c6,.team0.form0.audio.events.attack_launch.pool[0];.team1.form0.audio.events.attack_launch.pool[0],
anivia,艾尼维亚（冰晶凤凰）,音效,assets/audio/units/anivia/play_sfx_anivia_aniviabasicattack_onmissilelaunch_r2_d.wav,未发现自动增益残留（波形确认）,,-0.005,0.0,-0.01,0.99999985,/Users/czh/Projects/Clash Legends/ClashLegends-开发素材库/04-中间产物/素材加工/card_audio_batch/anivia/txtp/Play_sfx_Anivia_AniviaBasicAttack_OnMissileLaunch {r2} {d}.txtp,b98773aac079a281492d05bf168238c8522af49546a285db61542a3d98742206,.team0.form0.audio.events.attack_launch.pool[1];.team1.form0.audio.events.attack_launch.pool[1],
anivia,艾尼维亚（冰晶凤凰）,音效,assets/audio/units/anivia/play_sfx_anivia_aniviabasicattack_onmissilelaunch_r3_d.wav,未发现自动增益残留（波形确认）,,-0.004,0.0,-0.0,0.99999992,/Users/czh/Projects/Clash Legends/ClashLegends-开发素材库/04-中间产物/素材加工/card_audio_batch/anivia/txtp/Play_sfx_Anivia_AniviaBasicAttack_OnMissileLaunch {r3} {d}.txtp,121bb9b472fdcdfc948c151bd57dc1a61be08420db44244ae197b9560478e67c,.team0.form0.audio.events.attack_launch.pool[2];.team1.form0.audio.events.attack_launch.pool[2],
anivia,艾尼维亚（冰晶凤凰）,音效,assets/audio/units/anivia/play_sfx_anivia_glacialstorm_buffactivate_m_onset.wav,未发现自动增益残留（波形确认）,,-0.002,0.0,-0.0,1.0,/Users/czh/Projects/Clash Legends/ClashLegends-开发素材库/04-中间产物/素材加工/card_audio_batch/anivia/txtp/Play_sfx_Anivia_GlacialStorm_buffactivate {m}.txtp,6420492032adf878273ccc1de468b306a98d91d6d53f29d851214610b3baa407,.team0.form0.audio.events.frost_storm:start.pool[0];.team1.form0.audio.events.frost_storm:start.pool[0],
anivia,艾尼维亚（冰晶凤凰）,音效,assets/audio/units/anivia/play_sfx_anivia_glacialstorm_onbuffdeactivate.wav,未发现自动增益残留（波形确认）,,-0.004,0.0,-0.0,0.99999997,/Users/czh/Projects/Clash Legends/ClashLegends-开发素材库/04-中间产物/素材加工/card_audio_batch/anivia/txtp/Play_sfx_Anivia_GlacialStorm_OnBuffDeactivate.txtp,4f5647a4365e81979d85bed4099ae426815c4a76a0dc2ab9fd09e4be58408a05,.team0.form0.audio.events.frost_storm:zone_end.pool[0];.team1.form0.audio.events.frost_storm:zone_end.pool[0],
anivia,艾尼维亚（冰晶凤凰）,音效,assets/audio/units/anivia/play_sfx_anivia_glacialstorm_zone_sustain.wav,加工/合成源未使用auto,,,0.0,,0.20504416,/Users/czh/Projects/Clash Legends/ClashLegends-开发素材库/04-中间产物/素材加工/card_audio_batch/anivia/txtp/Play_sfx_Anivia_GlacialStorm_buffactivate {m}.txtp,452cf33142e63004cfece91a9e72c048b435469e389c272bc17afdb828e9ae63,.team0.form0.audio.events.frost_storm:zone_sustain.pool[0];.team1.form0.audio.events.frost_storm:zone_sustain.pool[0],
anivia,艾尼维亚（冰晶凤凰）,语音,assets/audio/units/anivia/play_vo_anivia_attack2dgeneral_r2_en_us.wav,自动增益残留（波形确认）,11.0,-0.001,0.0,11.0,1.0,/Users/czh/Projects/Clash Legends/ClashLegends-开发素材库/02-候选讨论/音频/来源批次/deployment_audio_review/voice_candidates_all_20260914/anivia/txtp/Play_vo_Anivia_Attack2DGeneral {r2}.txtp,d1ea417ec1b2e190d15df34d5a5270a0a7738a3c7d69f701d43f751e9f4d717e,.team0.form0.audio.events.deploy:voice.pool[0];.team1.form0.audio.events.deploy:voice.pool[0],
anivia;anivia_egg,冰晶凤凰蛋;艾尼维亚（冰晶凤凰）,语音,assets/audio/units/anivia/play_vo_anivia_death3d_r1_zh_cn.wav,自动增益残留（波形确认）,11.0,-0.001,0.0,11.0,1.0,/Users/czh/Projects/Clash Legends/ClashLegends-开发素材库/04-中间产物/素材加工/card_audio_batch/anivia_vo/txtp/Play_vo_Anivia_Death3D {r1}.txtp,57848d1fbc7895d57cc5f034c9f03ee0744d459ca14156e193006fcdbeae2e7c,.team0.form0.audio.events.death.pool[0];.team1.form0.audio.events.death.pool[0],
anivia;anivia_egg,冰晶凤凰蛋;艾尼维亚（冰晶凤凰）,语音,assets/audio/units/anivia/play_vo_anivia_death3d_r2_zh_cn.wav,自动增益残留（波形确认）,11.0,-0.001,0.0,11.0,1.0,/Users/czh/Projects/Clash Legends/ClashLegends-开发素材库/04-中间产物/素材加工/card_audio_batch/anivia_vo/txtp/Play_vo_Anivia_Death3D {r2}.txtp,40d2560398633097582cbc48c76ea64bbf3c4182fdd21935ea45c785aed957d1,.team0.form0.audio.events.death.pool[1];.team1.form0.audio.events.death.pool[1],
anivia;anivia_egg,冰晶凤凰蛋;艾尼维亚（冰晶凤凰）,语音,assets/audio/units/anivia/play_vo_anivia_death3d_r3_zh_cn.wav,自动增益残留（波形确认）,11.0,-0.001,0.0,11.0,1.0,/Users/czh/Projects/Clash Legends/ClashLegends-开发素材库/04-中间产物/素材加工/card_audio_batch/anivia_vo/txtp/Play_vo_Anivia_Death3D {r3}.txtp,483b98cf1056c3f3d1264560d9c1d13c4b38383ac9c24d42014c6be834374d46,.team0.form0.audio.events.death.pool[2];.team1.form0.audio.events.death.pool[2],
anivia,艾尼维亚（冰晶凤凰）,语音,assets/audio/units/anivia/play_vo_anivia_laugh3dgeneral_r1_en_us.wav,自动增益残留（波形确认）,11.0,-0.001,0.0,11.0,1.0,/Users/czh/Projects/Clash Legends/ClashLegends-开发素材库/02-候选讨论/音频/来源批次/deployment_audio_review/voice_candidates_all_20260914/anivia/txtp/Play_vo_Anivia_Laugh3DGeneral {r1}.txtp,c2da484fd191f87bf515fbeb7ba7d6fc7dd985ae088d0f6de4b41b32a8a68d3a,.team0.form0.audio.events.deploy:voice.pool[1];.team1.form0.audio.events.deploy:voice.pool[1],
apex_turret,H-28Q尖端炮台,音效,assets/audio/units/apex_turret/play_sfx_heimertblue_heimerdingerrqengineaudio_onbuffactivate.wav,未发现自动增益残留（波形确认）,,-0.009,0.0,-0.01,0.9999996,/Users/czh/Projects/Clash Legends/ClashLegends-开发素材库/04-中间产物/素材加工/card_audio_batch/heimerdinger/txtp/Play_sfx_HeimerTBlue_HeimerdingerRQEngineAudio_OnBuffActivate.txtp,fd98cf243e650abfd1271bd67775e13fbda1c15e1916660fdfffa635f8b580c3,.team0.form0.audio.events.idle:sustain.pool[0];.team1.form0.audio.events.idle:sustain.pool[0],
apex_turret,H-28Q尖端炮台,音效,assets/audio/units/apex_turret/play_sfx_heimertblue_heimerdingerturretbigenergyblast_oncast.wav,未发现自动增益残留（波形确认）,,-0.002,0.0,-0.0,0.99999999,/Users/czh/Projects/Clash Legends/ClashLegends-开发素材库/04-中间产物/素材加工/card_audio_batch/heimerdinger/txtp/Play_sfx_HeimerTBlue_HeimerdingerTurretBigEnergyBlast_OnCast.txtp,bb4d6efcc7d51c97652ac7b5873f9bbb600c400dbb26bbd0f54b00cd18fb09e4,.team0.form0.audio.events.laser:sustain.pool[0];.team1.form0.audio.events.laser:sustain.pool[0],
apex_turret,H-28Q尖端炮台,音效,assets/audio/units/apex_turret/play_sfx_heimertblue_heimerdingerturretbigenergyblast_onhit.wav,未发现自动增益残留（波形确认）,,-0.001,0.0,-0.0,1.0,/Users/czh/Projects/Clash Legends/ClashLegends-开发素材库/04-中间产物/素材加工/card_audio_batch/heimerdinger/txtp/Play_sfx_HeimerTBlue_HeimerdingerTurretBigEnergyBlast_OnHit.txtp,00bc62674b2890cb1cbaf04eb5c0bccf302a7a2bb51039f27f45b0d5939bdd15,.team0.form0.audio.events.laser:hit.pool[0];.team1.form0.audio.events.laser:hit.pool[0],
apex_turret,H-28Q尖端炮台,音效,assets/audio/units/apex_turret/play_sfx_heimertblue_heimerdingerturretbigenergyblast_onmissilelaunch.wav,未发现自动增益残留（波形确认）,,-0.002,0.0,-0.0,0.99999999,/Users/czh/Projects/Clash Legends/ClashLegends-开发素材库/04-中间产物/素材加工/card_audio_batch/heimerdinger/txtp/Play_sfx_HeimerTBlue_HeimerdingerTurretBigEnergyBlast_OnMissileLaunch.txtp,cf4815b31a1abfa850d825208b01661786e6d0e251ff7bad98fc3805a7d0c923,.team0.form0.audio.events.laser:release.pool[0];.team1.form0.audio.events.laser:release.pool[0],
apex_turret,H-28Q尖端炮台,音效,assets/audio/units/apex_turret/play_sfx_heimertblue_heimertbluebasicattack_oncast_r1.wav,未发现自动增益残留（波形确认）,,-0.002,-3.0,-3.0,0.99999999,/Users/czh/Projects/Clash Legends/ClashLegends-开发素材库/04-中间产物/素材加工/card_audio_batch/heimerdinger/txtp/Play_sfx_HeimerTBlue_HeimerTBlueBasicAttack_OnCast {r1}.txtp,c45dc949f43de831c7030a3e68c7a39d24ee40c2091bc90cd349b34d533222ac,.team0.form0.audio.attack_swing[0][0];.team1.form0.audio.attack_swing[0][0],
apex_turret,H-28Q尖端炮台,音效,assets/audio/units/apex_turret/play_sfx_heimertblue_heimertbluebasicattack_oncast_r2.wav,未发现自动增益残留（波形确认）,,-0.002,-3.0,-3.0,0.99999999,/Users/czh/Projects/Clash Legends/ClashLegends-开发素材库/04-中间产物/素材加工/card_audio_batch/heimerdinger/txtp/Play_sfx_HeimerTBlue_HeimerTBlueBasicAttack_OnCast {r2}.txtp,efaecab7de3e1a0f14c9ad748afeea033397c395b5b1567e2a1e916db7ecc256,.team0.form0.audio.attack_swing[0][1];.team1.form0.audio.attack_swing[0][1],
apex_turret,H-28Q尖端炮台,音效,assets/audio/units/apex_turret/play_sfx_heimertblue_heimertbluebasicattack_oncast_r3.wav,未发现自动增益残留（波形确认）,,-0.002,-3.0,-3.0,0.99999999,/Users/czh/Projects/Clash Legends/ClashLegends-开发素材库/04-中间产物/素材加工/card_audio_batch/heimerdinger/txtp/Play_sfx_HeimerTBlue_HeimerTBlueBasicAttack_OnCast {r3}.txtp,34300b6e6d76b59077d38fa2c8c7abeb60d1ce339e03f6f7f4de9c6362800216,.team0.form0.audio.attack_swing[0][2];.team1.form0.audio.attack_swing[0][2],
apex_turret,H-28Q尖端炮台,音效,assets/audio/units/apex_turret/play_sfx_heimertblue_heimertbluebasicattack_onhit_r1.wav,未发现自动增益残留（波形确认）,,-0.002,-5.0,-5.0,0.99999999,/Users/czh/Projects/Clash Legends/ClashLegends-开发素材库/04-中间产物/素材加工/card_audio_batch/heimerdinger/txtp/Play_sfx_HeimerTBlue_HeimerTBlueBasicAttack_OnHit {r1}.txtp,f6eb5bfc0bee191a56f3282965b68b4919fc0408491ea6a055ac3991fdb5a982,.team0.form0.audio.attack_hit[0];.team1.form0.audio.attack_hit[0],
apex_turret,H-28Q尖端炮台,音效,assets/audio/units/apex_turret/play_sfx_heimertblue_heimertbluebasicattack_onhit_r2.wav,未发现自动增益残留（波形确认）,,-0.002,-5.0,-5.0,0.99999999,/Users/czh/Projects/Clash Legends/ClashLegends-开发素材库/04-中间产物/素材加工/card_audio_batch/heimerdinger/txtp/Play_sfx_HeimerTBlue_HeimerTBlueBasicAttack_OnHit {r2}.txtp,a8a0e3ba1b42a5828a2425ca00a12e4a154eba252d8cb47fcd282e65cfe28106,.team0.form0.audio.attack_hit[1];.team1.form0.audio.attack_hit[1],
apex_turret,H-28Q尖端炮台,音效,assets/audio/units/apex_turret/play_sfx_heimertblue_heimertbluebasicattack_onhit_r3.wav,未发现自动增益残留（波形确认）,,-0.002,-5.0,-5.0,0.99999999,/Users/czh/Projects/Clash Legends/ClashLegends-开发素材库/04-中间产物/素材加工/card_audio_batch/heimerdinger/txtp/Play_sfx_HeimerTBlue_HeimerTBlueBasicAttack_OnHit {r3}.txtp,7178c2726eb8d2e7bd7c1f1532b7c41343add2f7e515809c814b55ccfa419e44,.team0.form0.audio.attack_hit[2];.team1.form0.audio.attack_hit[2],
apex_turret,H-28Q尖端炮台,音效,assets/audio/units/apex_turret/play_sfx_heimertblue_heimertbluebasicattack_onmissilelaunch_r1.wav,未发现自动增益残留（波形确认）,,-0.002,0.0,-0.0,1.0,/Users/czh/Projects/Clash Legends/ClashLegends-开发素材库/04-中间产物/素材加工/card_audio_batch/heimerdinger/txtp/Play_sfx_HeimerTBlue_HeimerTBlueBasicAttack_OnMissileLaunch {r1}.txtp,c0ffb5b1d120869dcdbf94752dfc93b16ce0118ee9f2a962766b6e9ba034062d,.team0.form0.audio.events.attack_launch.pool[0];.team1.form0.audio.events.attack_launch.pool[0],
apex_turret,H-28Q尖端炮台,音效,assets/audio/units/apex_turret/play_sfx_heimertblue_heimertbluebasicattack_onmissilelaunch_r2.wav,未发现自动增益残留（波形确认）,,-0.002,0.0,-0.0,1.0,/Users/czh/Projects/Clash Legends/ClashLegends-开发素材库/04-中间产物/素材加工/card_audio_batch/heimerdinger/txtp/Play_sfx_HeimerTBlue_HeimerTBlueBasicAttack_OnMissileLaunch {r2}.txtp,3946f3e83da91eefc99705095f5add106c3d8e83abfd05fc7432bb5d8588d299,.team0.form0.audio.events.attack_launch.pool[1];.team1.form0.audio.events.attack_launch.pool[1],
apex_turret,H-28Q尖端炮台,音效,assets/audio/units/apex_turret/play_sfx_heimertblue_heimertbluebasicattack_onmissilelaunch_r3.wav,未发现自动增益残留（波形确认）,,-0.002,0.0,-0.0,1.0,/Users/czh/Projects/Clash Legends/ClashLegends-开发素材库/04-中间产物/素材加工/card_audio_batch/heimerdinger/txtp/Play_sfx_HeimerTBlue_HeimerTBlueBasicAttack_OnMissileLaunch {r3}.txtp,e7914220d3b7618fcdb9d436db4d4b40f6a60534b9604b97a2c8d3e5617970df,.team0.form0.audio.events.attack_launch.pool[2];.team1.form0.audio.events.attack_launch.pool[2],
apex_turret,H-28Q尖端炮台,音效,assets/audio/units/apex_turret/play_sfx_heimertyellow_heimerdingerqspawndestroyaudio_onbuffactivate_r1.wav,未发现自动增益残留（波形确认）,,-0.001,0.0,-0.0,1.0,/Users/czh/Projects/Clash Legends/ClashLegends-开发素材库/04-中间产物/素材加工/card_audio_batch/heimerdinger/txtp/Play_sfx_HeimerTYellow_HeimerdingerQSpawnDestroyAudio_OnBuffActivate {r1} {d}.txtp,e09f8be388de436ca5e079166537acceb3efd72def66c6a07530c227c4a126c7,.team0.form0.audio.events.deploy:start.pool[0];.team1.form0.audio.events.deploy:start.pool[0],
apex_turret,H-28Q尖端炮台,音效,assets/audio/units/apex_turret/play_sfx_heimertyellow_heimerdingerqspawndestroyaudio_onbuffactivate_r2.wav,未发现自动增益残留（波形确认）,,-0.001,0.0,-0.0,1.0,/Users/czh/Projects/Clash Legends/ClashLegends-开发素材库/04-中间产物/素材加工/card_audio_batch/heimerdinger/txtp/Play_sfx_HeimerTYellow_HeimerdingerQSpawnDestroyAudio_OnBuffActivate {r2} {d}.txtp,8f6088a57bc724ad0008269935b15c9d7e9bfe6ee80a09db655865d414c73b8a,.team0.form0.audio.events.deploy:start.pool[1];.team1.form0.audio.events.deploy:start.pool[1],
apex_turret,H-28Q尖端炮台,音效,assets/audio/units/apex_turret/play_sfx_heimertyellow_heimerdingerqspawndestroyaudio_onbuffactivate_r3.wav,未发现自动增益残留（波形确认）,,-0.001,0.0,-0.0,1.0,/Users/czh/Projects/Clash Legends/ClashLegends-开发素材库/04-中间产物/素材加工/card_audio_batch/heimerdinger/txtp/Play_sfx_HeimerTYellow_HeimerdingerQSpawnDestroyAudio_OnBuffActivate {r3} {d}.txtp,a0be40e217d8c40ea8100647a6edcaa2a004c5432a2eb9d629036fd0e2596dee,.team0.form0.audio.events.deploy:start.pool[2];.team1.form0.audio.events.deploy:start.pool[2],
apex_turret,H-28Q尖端炮台,音效,assets/audio/units/apex_turret/play_sfx_heimertyellow_heimerdingerqspawndestroyaudio_onbuffdeactivate_r1.wav,未发现自动增益残留（波形确认）,,-0.004,0.0,-0.0,0.99999997,/Users/czh/Projects/Clash Legends/ClashLegends-开发素材库/04-中间产物/素材加工/card_audio_batch/heimerdinger/txtp/Play_sfx_HeimerTYellow_HeimerdingerQSpawnDestroyAudio_OnBuffDeactivate {r1}.txtp,95f6c5a965e9ad28ad88417de367846a7d72018d85f0176cd7d25d83861bd578,.team0.form0.audio.events.death.pool[0];.team1.form0.audio.events.death.pool[0],
apex_turret,H-28Q尖端炮台,音效,assets/audio/units/apex_turret/play_sfx_heimertyellow_heimerdingerqspawndestroyaudio_onbuffdeactivate_r2.wav,未发现自动增益残留（波形确认）,,-0.004,0.0,-0.0,0.99999997,/Users/czh/Projects/Clash Legends/ClashLegends-开发素材库/04-中间产物/素材加工/card_audio_batch/heimerdinger/txtp/Play_sfx_HeimerTYellow_HeimerdingerQSpawnDestroyAudio_OnBuffDeactivate {r2}.txtp,9185b5f520160299692e3e91bcb36f678fa094445bed2761914b894a7f636875,.team0.form0.audio.events.death.pool[1];.team1.form0.audio.events.death.pool[1],
apex_turret,H-28Q尖端炮台,音效,assets/audio/units/apex_turret/play_sfx_heimertyellow_heimerdingerqspawndestroyaudio_onbuffdeactivate_r3.wav,未发现自动增益残留（波形确认）,,-0.004,0.0,-0.0,0.99999996,/Users/czh/Projects/Clash Legends/ClashLegends-开发素材库/04-中间产物/素材加工/card_audio_batch/heimerdinger/txtp/Play_sfx_HeimerTYellow_HeimerdingerQSpawnDestroyAudio_OnBuffDeactivate {r3}.txtp,77a3e0e8068d17ccca677c412de123f5c71734893c7877f5413515765267be24,.team0.form0.audio.events.death.pool[2];.team1.form0.audio.events.death.pool[2],
ashe,艾希,音效,assets/audio/units/ashe/play_sfx_ashe_ashebasicattack_oncast_r1_d.wav,auto已抵消或播放后不高于原事件,10.0,-10.017,0.0,-0.02,0.99999907,/Users/czh/Projects/Clash Legends/ClashLegends-开发素材库/04-中间产物/素材加工/ashe_base_audio/txtp/Play_sfx_Ashe_AsheBasicAttack_OnCast {r1} {d}.txtp;/Users/czh/Projects/Clash Legends/ClashLegends-开发素材库/04-中间产物/素材加工/card_audio_batch/ashe/txtp/Play_sfx_Ashe_AsheBasicAttack_OnCast {r1} {d}.txtp,31f647febe9179cf888112e53f6ed238bd17e1fdee2a66b69ae6b91126aa189b,.team0.form0.audio.attack_swing[0][0];.team0.form0.audio.attack_swing[1][0];.team1.form0.audio.attack_swing[0][0];.team1.form0.audio.attack_swing[1][0],
ashe,艾希,音效,assets/audio/units/ashe/play_sfx_ashe_ashebasicattack_oncast_r2_d.wav,auto已抵消或播放后不高于原事件,10.0,-10.02,0.0,-0.02,0.99999662,/Users/czh/Projects/Clash Legends/ClashLegends-开发素材库/04-中间产物/素材加工/ashe_base_audio/txtp/Play_sfx_Ashe_AsheBasicAttack_OnCast {r2} {d}.txtp;/Users/czh/Projects/Clash Legends/ClashLegends-开发素材库/04-中间产物/素材加工/card_audio_batch/ashe/txtp/Play_sfx_Ashe_AsheBasicAttack_OnCast {r2} {d}.txtp,b97bed299f53b683f2db9b5fdf3cbafab917b4ad3c3b894c2aa918d1c1e65ff9,.team0.form0.audio.attack_swing[0][1];.team0.form0.audio.attack_swing[1][1];.team1.form0.audio.attack_swing[0][1];.team1.form0.audio.attack_swing[1][1],
ashe,艾希,音效,assets/audio/units/ashe/play_sfx_ashe_ashebasicattack_onhit_r1_d.wav,未发现自动增益残留（波形确认）,,-0.002,0.0,-0.0,0.99999998,/Users/czh/Projects/Clash Legends/ClashLegends-开发素材库/04-中间产物/素材加工/ashe_base_audio/txtp/Play_sfx_Ashe_AsheBasicAttack_OnHit {r1} {d}.txtp;/Users/czh/Projects/Clash Legends/ClashLegends-开发素材库/04-中间产物/素材加工/card_audio_batch/ashe/txtp/Play_sfx_Ashe_AsheBasicAttack_OnHit {r1} {d}.txtp,506c7cc655fdab22b993c0c9db276959b60fa46f16c033f8d639f3329c114e2d,.team0.form0.audio.attack_hit[0];.team1.form0.audio.attack_hit[0],
ashe,艾希,音效,assets/audio/units/ashe/play_sfx_ashe_ashebasicattack_onhit_r2_d.wav,auto已抵消或播放后不高于原事件,16.0,-16.002,0.0,-0.0,0.99999999,/Users/czh/Projects/Clash Legends/ClashLegends-开发素材库/04-中间产物/素材加工/ashe_base_audio/txtp/Play_sfx_Ashe_AsheBasicAttack_OnHit {r2} {d}.txtp;/Users/czh/Projects/Clash Legends/ClashLegends-开发素材库/04-中间产物/素材加工/card_audio_batch/ashe/txtp/Play_sfx_Ashe_AsheBasicAttack_OnHit {r2} {d}.txtp,e63c7d0e1d1488745055a4de2471db4dd0b39a1f02e25f82606a13438231a14d,.team0.form0.audio.attack_hit[1];.team1.form0.audio.attack_hit[1],
ashe,艾希,音效,assets/audio/units/ashe/play_sfx_ashe_ashebasicattack_onhit_r3_d.wav,auto已抵消或播放后不高于原事件,16.0,-16.002,0.0,-0.0,0.99999998,/Users/czh/Projects/Clash Legends/ClashLegends-开发素材库/04-中间产物/素材加工/ashe_base_audio/txtp/Play_sfx_Ashe_AsheBasicAttack_OnHit {r3} {d}.txtp;/Users/czh/Projects/Clash Legends/ClashLegends-开发素材库/04-中间产物/素材加工/card_audio_batch/ashe/txtp/Play_sfx_Ashe_AsheBasicAttack_OnHit {r3} {d}.txtp,65e4cfc35f6c6206203327173d1429fc80f3c42c10d1ffe7648fa221ff3754a2,.team0.form0.audio.attack_hit[2];.team1.form0.audio.attack_hit[2],
ashe,艾希,音效,assets/audio/units/ashe/play_sfx_ashe_ashebasicattack_onmissilelaunch_r1_d.wav,未发现自动增益残留（波形确认）,,-0.013,0.0,-0.01,0.99999914,/Users/czh/Projects/Clash Legends/ClashLegends-开发素材库/04-中间产物/素材加工/ashe_base_audio/txtp/Play_sfx_Ashe_AsheBasicAttack_OnMissileLaunch {r1} {d}.txtp;/Users/czh/Projects/Clash Legends/ClashLegends-开发素材库/04-中间产物/素材加工/card_audio_batch/ashe/txtp/Play_sfx_Ashe_AsheBasicAttack_OnMissileLaunch {r1} {d}.txtp,ebcc26f7c9dfb3871a8d04f1d5fb52c48a7128454bcc70f26bbdd6a11ba89f13,.team0.form0.audio.events.attack_launch.pool[0];.team1.form0.audio.events.attack_launch.pool[0],
ashe,艾希,音效,assets/audio/units/ashe/play_sfx_ashe_ashebasicattack_onmissilelaunch_r2_d.wav,auto已抵消或播放后不高于原事件,13.0,-13.009,0.0,-0.01,0.99999208,/Users/czh/Projects/Clash Legends/ClashLegends-开发素材库/04-中间产物/素材加工/ashe_base_audio/txtp/Play_sfx_Ashe_AsheBasicAttack_OnMissileLaunch {r2} {d}.txtp;/Users/czh/Projects/Clash Legends/ClashLegends-开发素材库/04-中间产物/素材加工/card_audio_batch/ashe/txtp/Play_sfx_Ashe_AsheBasicAttack_OnMissileLaunch {r2} {d}.txtp,1e926fe218fc89263cd41beae3bcc739638ac35f0c14d839db6d9cba4d5f188c,.team0.form0.audio.events.attack_launch.pool[1];.team1.form0.audio.events.attack_launch.pool[1],
ashe,艾希,音效,assets/audio/units/ashe/play_sfx_ashe_ashebasicattack_onmissilelaunch_r3_d.wav,未发现自动增益残留（波形确认）,,-0.004,0.0,-0.0,0.99999935,/Users/czh/Projects/Clash Legends/ClashLegends-开发素材库/04-中间产物/素材加工/ashe_base_audio/txtp/Play_sfx_Ashe_AsheBasicAttack_OnMissileLaunch {r3} {d}.txtp;/Users/czh/Projects/Clash Legends/ClashLegends-开发素材库/04-中间产物/素材加工/card_audio_batch/ashe/txtp/Play_sfx_Ashe_AsheBasicAttack_OnMissileLaunch {r3} {d}.txtp,6692cd0a3623206db9eeaa01dbec6b80a215677990d9eae80eed563a0a0126ad,.team0.form0.audio.events.attack_launch.pool[2];.team1.form0.audio.events.attack_launch.pool[2],
ashe,艾希,音效,assets/audio/units/ashe/play_sfx_ashe_volley_oncast_r1_d.wav,auto已抵消或播放后不高于原事件,13.0,-13.024,0.0,-0.02,0.99999824,/Users/czh/Projects/Clash Legends/ClashLegends-开发素材库/04-中间产物/素材加工/ashe_base_audio/txtp/Play_sfx_Ashe_Volley_OnCast {r1} {d}.txtp;/Users/czh/Projects/Clash Legends/ClashLegends-开发素材库/04-中间产物/素材加工/card_audio_batch/ashe/txtp/Play_sfx_Ashe_Volley_OnCast {r1} {d}.txtp,25d0215d754f45aab573727e1c761ffd450b2a07c2621c88bf22ced748c71c45,.team0.form0.audio.events.active:start.pool[0];.team1.form0.audio.events.active:start.pool[0],
ashe,艾希,音效,assets/audio/units/ashe/play_sfx_ashe_volley_oncast_r2_d.wav,未发现自动增益残留（波形确认）,,-0.028,0.0,-0.03,0.99999322,/Users/czh/Projects/Clash Legends/ClashLegends-开发素材库/04-中间产物/素材加工/ashe_base_audio/txtp/Play_sfx_Ashe_Volley_OnCast {r2} {d}.txtp;/Users/czh/Projects/Clash Legends/ClashLegends-开发素材库/04-中间产物/素材加工/card_audio_batch/ashe/txtp/Play_sfx_Ashe_Volley_OnCast {r2} {d}.txtp,c5a2504745066b32682c24eebf153a8ffc524f5149c854e486a49dfbc539ba43,.team0.form0.audio.events.active:start.pool[1];.team1.form0.audio.events.active:start.pool[1],
ashe,艾希,音效,assets/audio/units/ashe/play_sfx_ashe_volleyattack_onhit_r1.wav,未发现自动增益残留（波形确认）,,-0.002,0.0,-0.0,0.99999999,/Users/czh/Projects/Clash Legends/ClashLegends-开发素材库/04-中间产物/素材加工/ashe_base_audio/txtp/Play_sfx_Ashe_VolleyAttack_OnHit {r1}.txtp;/Users/czh/Projects/Clash Legends/ClashLegends-开发素材库/04-中间产物/素材加工/card_audio_batch/ashe/txtp/Play_sfx_Ashe_VolleyAttack_OnHit {r1}.txtp,20370224a7913126fade953e6b027c2c3f636010081d0c80b039118f563c3e18,.team0.form0.audio.events.active:hit.pool[0];.team1.form0.audio.events.active:hit.pool[0],
ashe,艾希,音效,assets/audio/units/ashe/play_sfx_ashe_volleyattack_onhit_r2.wav,auto已抵消或播放后不高于原事件,12.0,-12.001,0.0,-0.0,1.0,/Users/czh/Projects/Clash Legends/ClashLegends-开发素材库/04-中间产物/素材加工/ashe_base_audio/txtp/Play_sfx_Ashe_VolleyAttack_OnHit {r2}.txtp;/Users/czh/Projects/Clash Legends/ClashLegends-开发素材库/04-中间产物/素材加工/card_audio_batch/ashe/txtp/Play_sfx_Ashe_VolleyAttack_OnHit {r2}.txtp,b3644f01d34e79a4777fc3c7298eda00b2fb05b35dc0577cd194cbd76ea8313f,.team0.form0.audio.events.active:hit.pool[1];.team1.form0.audio.events.active:hit.pool[1],
ashe,艾希,音效,assets/audio/units/ashe/play_sfx_ashe_volleyattack_onhit_r3.wav,未发现自动增益残留（波形确认）,,-0.002,0.0,-0.0,0.99999999,/Users/czh/Projects/Clash Legends/ClashLegends-开发素材库/04-中间产物/素材加工/ashe_base_audio/txtp/Play_sfx_Ashe_VolleyAttack_OnHit {r3}.txtp;/Users/czh/Projects/Clash Legends/ClashLegends-开发素材库/04-中间产物/素材加工/card_audio_batch/ashe/txtp/Play_sfx_Ashe_VolleyAttack_OnHit {r3}.txtp,ac3cfef17eeb9f797c02f5ec70a29b0d9664172ffd04034a1d5f36c97a7f7c8a,.team0.form0.audio.events.active:hit.pool[2];.team1.form0.audio.events.active:hit.pool[2],
ashe,艾希,音效,assets/audio/units/ashe/play_sfx_ashe_volleyattackwithsound_onmissilelaunch.wav,auto已抵消或播放后不高于原事件,9.0,-9.002,0.0,-0.0,0.99999999,/Users/czh/Projects/Clash Legends/ClashLegends-开发素材库/04-中间产物/素材加工/ashe_base_audio/txtp/Play_sfx_Ashe_VolleyAttackWithSound_OnMissileLaunch.txtp;/Users/czh/Projects/Clash Legends/ClashLegends-开发素材库/04-中间产物/素材加工/card_audio_batch/ashe/txtp/Play_sfx_Ashe_VolleyAttackWithSound_OnMissileLaunch.txtp,9fb47b38ba6734e98d8ba8e0b2c94f50166173f65fab9499dd8e6ee555b26a34,.team0.form0.audio.events.active:release.pool[0];.team1.form0.audio.events.active:release.pool[0],
ashe,艾希,语音,assets/audio/units/ashe/play_vo_ashe_attack2dgeneral_r10_en_us.wav,自动增益残留（波形确认）,12.0,-0.001,0.0,12.0,1.0,/Users/czh/Projects/Clash Legends/ClashLegends-开发素材库/02-候选讨论/音频/来源批次/deployment_audio_review/voice_candidates_all_20260914/ashe/txtp/Play_vo_Ashe_Attack2DGeneral {r10}.txtp,15fcfec3b7a268d61b0ab28f4c6f5011119c03e8dc011218ffc62e6d21adef4a,.team0.form0.audio.events.deploy:voice.pool[0];.team1.form0.audio.events.deploy:voice.pool[0],
ashe,艾希,语音,assets/audio/units/ashe/play_vo_ashe_death3d_r1_zh_cn.wav,未发现自动增益残留（波形确认）,,-0.002,0.0,-0.0,1.0,/Users/czh/Projects/Clash Legends/ClashLegends-开发素材库/04-中间产物/素材加工/ashe_death_zh_audio/txtp/Play_vo_Ashe_Death3D {r1}.txtp,c3ac045e908519d286a32a83f9cfe68c789c41d346eb0437a277779f4eb3bcab,.team0.form0.audio.events.death.pool[0];.team1.form0.audio.events.death.pool[0],
ashe,艾希,语音,assets/audio/units/ashe/play_vo_ashe_death3d_r2_zh_cn.wav,未发现自动增益残留（波形确认）,,-0.002,0.0,-0.0,1.0,/Users/czh/Projects/Clash Legends/ClashLegends-开发素材库/04-中间产物/素材加工/ashe_death_zh_audio/txtp/Play_vo_Ashe_Death3D {r2}.txtp,ab7cb541dde0931a947203c49b53b72423669d37933171ef1ae1594b1ba26740,.team0.form0.audio.events.death.pool[1];.team1.form0.audio.events.death.pool[1],
ashe,艾希,语音,assets/audio/units/ashe/play_vo_ashe_death3d_r3_zh_cn.wav,未发现自动增益残留（波形确认）,,-0.002,0.0,-0.0,1.0,/Users/czh/Projects/Clash Legends/ClashLegends-开发素材库/04-中间产物/素材加工/ashe_death_zh_audio/txtp/Play_vo_Ashe_Death3D {r3}.txtp,aa819251f4bb98ae20ad448309d34d921d131fa6803b164486a9d42358f5afd9,.team0.form0.audio.events.death.pool[2];.team1.form0.audio.events.death.pool[2],
ashe,艾希,语音,assets/audio/units/ashe/play_vo_ashe_move2dstandard_r3_en_us.wav,自动增益残留（波形确认）,11.0,-0.001,0.0,11.0,1.0,/Users/czh/Projects/Clash Legends/ClashLegends-开发素材库/02-候选讨论/音频/来源批次/deployment_audio_review/voice_candidates_all_20260914/ashe/txtp/Play_vo_Ashe_Move2DStandard {r3}.txtp,2ed7d4d1f332d60f7e8ca5c1d4b352371c462df7c54c96b34193cb07b7652633,.team0.form0.audio.events.deploy:voice.pool[1];.team1.form0.audio.events.deploy:voice.pool[1],
aurelionsol,龙王,音效,assets/audio/units/aurelionsol/play_sfx_aurelionsol_aurelionsolq_buffdeactivate_r1.wav,未发现自动增益残留（波形确认）,,-0.01,0.0,-0.01,0.9999997,/Users/czh/Projects/Clash Legends/ClashLegends-开发素材库/04-中间产物/素材加工/card_audio_batch/aurelionsol/txtp/Play_sfx_AurelionSol_AurelionSolQ_buffdeactivate {r1}.txtp,3ba167684c142ccd011662494c3344c56e9909ce735c7bc079f95f0481171d9d,.team0.form0.audio.events.continuous_attack:end.pool[0];.team1.form0.audio.events.continuous_attack:end.pool[0],
aurelionsol,龙王,音效,assets/audio/units/aurelionsol/play_sfx_aurelionsol_aurelionsolq_buffdeactivate_r2.wav,未发现自动增益残留（波形确认）,,-0.01,0.0,-0.01,0.9999996,/Users/czh/Projects/Clash Legends/ClashLegends-开发素材库/04-中间产物/素材加工/card_audio_batch/aurelionsol/txtp/Play_sfx_AurelionSol_AurelionSolQ_buffdeactivate {r2}.txtp,01f2f89200a1c671843b784786f95667f11053e2175e69fa422a8502d0f643c0,.team0.form0.audio.events.continuous_attack:end.pool[1];.team1.form0.audio.events.continuous_attack:end.pool[1],
aurelionsol,龙王,音效,assets/audio/units/aurelionsol/play_sfx_aurelionsol_aurelionsolq_buffdeactivate_r3.wav,未发现自动增益残留（波形确认）,,-0.014,0.0,-0.01,0.99999931,/Users/czh/Projects/Clash Legends/ClashLegends-开发素材库/04-中间产物/素材加工/card_audio_batch/aurelionsol/txtp/Play_sfx_AurelionSol_AurelionSolQ_buffdeactivate {r3}.txtp,3b78f5ca1f4d07c5f706ef1b3311e73fb07ac69243a906f64fa432eb1baff536,.team0.form0.audio.events.continuous_attack:end.pool[2];.team1.form0.audio.events.continuous_attack:end.pool[2],
aurelionsol,龙王,音效,assets/audio/units/aurelionsol/play_sfx_aurelionsol_aurelionsolq_missilecast_r1.wav,未发现自动增益残留（波形确认）,,-0.002,0.0,-0.0,1.0,/Users/czh/Projects/Clash Legends/ClashLegends-开发素材库/04-中间产物/素材加工/card_audio_batch/aurelionsol/txtp/Play_sfx_AurelionSol_AurelionSolQ_missilecast {r1}.txtp,281db3fb5dcff8dd10ca709c30c600a5d14c839c9bacdc757e4036023e77e6cc,.team0.form0.audio.events.continuous_attack:release.pool[0];.team1.form0.audio.events.continuous_attack:release.pool[0],
aurelionsol,龙王,音效,assets/audio/units/aurelionsol/play_sfx_aurelionsol_aurelionsolq_missilecast_r2.wav,未发现自动增益残留（波形确认）,,-0.002,0.0,-0.0,1.0,/Users/czh/Projects/Clash Legends/ClashLegends-开发素材库/04-中间产物/素材加工/card_audio_batch/aurelionsol/txtp/Play_sfx_AurelionSol_AurelionSolQ_missilecast {r2}.txtp,54a180639db1005f9b478763a9db6e3f569f1e0db58d410729304572a6dfe325,.team0.form0.audio.events.continuous_attack:release.pool[1];.team1.form0.audio.events.continuous_attack:release.pool[1],
aurelionsol,龙王,音效,assets/audio/units/aurelionsol/play_sfx_aurelionsol_aurelionsolq_missilecast_r3.wav,未发现自动增益残留（波形确认）,,-0.002,0.0,-0.0,1.0,/Users/czh/Projects/Clash Legends/ClashLegends-开发素材库/04-中间产物/素材加工/card_audio_batch/aurelionsol/txtp/Play_sfx_AurelionSol_AurelionSolQ_missilecast {r3}.txtp,a6e78246a5769f8806b58c6f92471e0d0ae623468071ab5ffd318b0c90f3dc93,.team0.form0.audio.events.continuous_attack:release.pool[2];.team1.form0.audio.events.continuous_attack:release.pool[2],
aurelionsol,龙王,音效,assets/audio/units/aurelionsol/play_sfx_aurelionsol_aurelionsolq_missilelaunch.wav,未发现自动增益残留（波形确认）,,-0.003,0.0,-0.0,0.99999999,/Users/czh/Projects/Clash Legends/ClashLegends-开发素材库/04-中间产物/素材加工/card_audio_batch/aurelionsol/txtp/Play_sfx_AurelionSol_AurelionSolQ_missilelaunch.txtp,3ba4e21375ab24e8a5f8ba7cf92d4e9808ab370ef22850348003f63cf93f30cb,.team0.form0.audio.events.continuous_attack:sustain.pool[0];.team1.form0.audio.events.continuous_attack:sustain.pool[0],
aurelionsol,龙王,音效,assets/audio/units/aurelionsol/play_sfx_aurelionsol_aurelionsolq_oncast.wav,未发现自动增益残留（波形确认）,,-0.002,0.0,-0.0,1.0,/Users/czh/Projects/Clash Legends/ClashLegends-开发素材库/04-中间产物/素材加工/card_audio_batch/aurelionsol/txtp/Play_sfx_AurelionSol_AurelionSolQ_OnCast.txtp,a08af84f57eec6fc0adc714ba5d476424669247c858edfadb1f02b53c3f25bf5,.team0.form0.audio.events.continuous_attack:start.pool[0];.team1.form0.audio.events.continuous_attack:start.pool[0],
aurelionsol,龙王,音效,assets/audio/units/aurelionsol/play_sfx_aurelionsol_aurelionsolr2_oncast.wav,未发现自动增益残留（波形确认）,,-0.002,0.0,-0.0,1.0,/Users/czh/Projects/Clash Legends/ClashLegends-开发素材库/04-中间产物/素材加工/card_audio_batch/aurelionsol/txtp/Play_sfx_AurelionSol_AurelionSolR2_OnCast.txtp,42def426885bea382c32b79509270d808f3851dbffde1c967e3056ca758ea9d8,.team0.form0.audio.events.active_strong:sustain.pool[0];.team1.form0.audio.events.active_strong:sustain.pool[0],
aurelionsol,龙王,音效,assets/audio/units/aurelionsol/play_sfx_aurelionsol_aurelionsolr2missile_hit_super_s.wav,未发现自动增益残留（波形确认）,,-0.001,0.0,-0.0,1.0,/Users/czh/Projects/Clash Legends/ClashLegends-开发素材库/04-中间产物/素材加工/card_audio_batch/aurelionsol/txtp/Play_sfx_AurelionSol_AurelionSolR2Missile_hit_super {s}.txtp,8300090e5d7e4ebb399be1c902f566398482d9a714a03adae9920429cb4cdabb,.team0.form0.audio.events.active_strong:impact.pool[0];.team1.form0.audio.events.active_strong:impact.pool[0],
aurelionsol,龙王,音效,assets/audio/units/aurelionsol/play_sfx_aurelionsol_aurelionsolr2missile_missilelaunch_super.wav,未发现自动增益残留（波形确认）,,-0.001,0.0,-0.0,1.0,/Users/czh/Projects/Clash Legends/ClashLegends-开发素材库/04-中间产物/素材加工/card_audio_batch/aurelionsol/txtp/Play_sfx_AurelionSol_AurelionSolR2Missile_missilelaunch_super.txtp,168a1114bb33114c8ccaca7144fe93eeb83a0c028d4a4ec82b6a3999ce090d97,.team0.form0.audio.events.active_strong:start.pool[0];.team1.form0.audio.events.active_strong:start.pool[0],
aurelionsol,龙王,音效,assets/audio/units/aurelionsol/play_sfx_aurelionsol_aurelionsolr_hit_shockwave_r1.wav,未发现自动增益残留（波形确认）,,-0.002,0.0,-0.0,0.99999999,/Users/czh/Projects/Clash Legends/ClashLegends-开发素材库/04-中间产物/素材加工/card_audio_batch/aurelionsol/txtp/Play_sfx_AurelionSol_AurelionSolR_hit_shockwave {r1}.txtp,2d43d95dc406fb9f3037bdc124c8a178d298782b890c37e107aa592fcf9e2c66,.team0.form0.audio.events.active_strong:wave_hit.pool[0];.team1.form0.audio.events.active_strong:wave_hit.pool[0],
aurelionsol,龙王,音效,assets/audio/units/aurelionsol/play_sfx_aurelionsol_aurelionsolr_hit_shockwave_r2.wav,未发现自动增益残留（波形确认）,,-0.002,0.0,-0.0,0.99999999,/Users/czh/Projects/Clash Legends/ClashLegends-开发素材库/04-中间产物/素材加工/card_audio_batch/aurelionsol/txtp/Play_sfx_AurelionSol_AurelionSolR_hit_shockwave {r2}.txtp,9564b3dc2eb7566383f5c0a0b082294e609fbec94ce7c22ece13c9b6876be0e2,.team0.form0.audio.events.active_strong:wave_hit.pool[1];.team1.form0.audio.events.active_strong:wave_hit.pool[1],
aurelionsol,龙王,音效,assets/audio/units/aurelionsol/play_sfx_aurelionsol_aurelionsolr_hit_shockwave_r3.wav,未发现自动增益残留（波形确认）,,-0.002,0.0,-0.0,0.99999999,/Users/czh/Projects/Clash Legends/ClashLegends-开发素材库/04-中间产物/素材加工/card_audio_batch/aurelionsol/txtp/Play_sfx_AurelionSol_AurelionSolR_hit_shockwave {r3}.txtp,4f259abbb1306ffaba885855ac4554c10366504decb1496e8e87312f0d094711,.team0.form0.audio.events.active_strong:wave_hit.pool[2];.team1.form0.audio.events.active_strong:wave_hit.pool[2],
aurelionsol,龙王,音效,assets/audio/units/aurelionsol/play_sfx_aurelionsol_aurelionsolr_oncast.wav,未发现自动增益残留（波形确认）,,-0.002,0.0,-0.0,1.0,/Users/czh/Projects/Clash Legends/ClashLegends-开发素材库/04-中间产物/素材加工/card_audio_batch/aurelionsol/txtp/Play_sfx_AurelionSol_AurelionSolR_OnCast.txtp,1c8adc8ebb793b9f526d391a49a9a547ae194a76e98bb9ffb6f3b3400d968c0a,.team0.form0.audio.events.active:sustain.pool[0];.team1.form0.audio.events.active:sustain.pool[0],
aurelionsol,龙王,音效,assets/audio/units/aurelionsol/play_sfx_aurelionsol_aurelionsolrmissile_hit_r1.wav,未发现自动增益残留（波形确认）,,-0.001,0.0,-0.0,1.0,/Users/czh/Projects/Clash Legends/ClashLegends-开发素材库/04-中间产物/素材加工/card_audio_batch/aurelionsol/txtp/Play_sfx_AurelionSol_AurelionSolRMissile_hit {r1}.txtp,1d72ec4e1ec39933ab907523504ad5f5f5300dbc156585fbae9741b6fd2269a9,.team0.form0.audio.events.active:impact.pool[0];.team1.form0.audio.events.active:impact.pool[0],
aurelionsol,龙王,音效,assets/audio/units/aurelionsol/play_sfx_aurelionsol_aurelionsolrmissile_hit_r2.wav,未发现自动增益残留（波形确认）,,-0.001,0.0,-0.0,1.0,/Users/czh/Projects/Clash Legends/ClashLegends-开发素材库/04-中间产物/素材加工/card_audio_batch/aurelionsol/txtp/Play_sfx_AurelionSol_AurelionSolRMissile_hit {r2}.txtp,61a0a6715a83f7e469e8f984509dca43a91484bc9b271bb4e8d936ea3d9d8150,.team0.form0.audio.events.active:impact.pool[1];.team1.form0.audio.events.active:impact.pool[1],
aurelionsol,龙王,音效,assets/audio/units/aurelionsol/play_sfx_aurelionsol_aurelionsolrmissile_hit_r3.wav,未发现自动增益残留（波形确认）,,-0.001,0.0,-0.0,1.0,/Users/czh/Projects/Clash Legends/ClashLegends-开发素材库/04-中间产物/素材加工/card_audio_batch/aurelionsol/txtp/Play_sfx_AurelionSol_AurelionSolRMissile_hit {r3}.txtp,6075f1ee5e5c256dd98bae89f28638eda9000ce225cb9b3f459581188660ae28,.team0.form0.audio.events.active:impact.pool[2];.team1.form0.audio.events.active:impact.pool[2],
aurelionsol,龙王,音效,assets/audio/units/aurelionsol/play_sfx_aurelionsol_aurelionsolrmissile_missilelaunch.wav,未发现自动增益残留（波形确认）,,-0.002,0.0,-0.0,1.0,/Users/czh/Projects/Clash Legends/ClashLegends-开发素材库/04-中间产物/素材加工/card_audio_batch/aurelionsol/txtp/Play_sfx_AurelionSol_AurelionSolRMissile_missilelaunch.txtp,c75c3915130cd8142c087f0cdddd5331b3224df5d82c7f6d503d01b397913297,.team0.form0.audio.events.active:start.pool[0];.team1.form0.audio.events.active:start.pool[0],
aurelionsol,龙王,音效,assets/audio/units/aurelionsol/play_sfx_aurelionsol_respawn3d_buffactivate.wav,未发现自动增益残留（波形确认）,,-0.002,0.0,-0.0,0.99999999,/Users/czh/Projects/Clash Legends/ClashLegends-开发素材库/04-中间产物/素材加工/card_audio_batch/aurelionsol/txtp/Play_sfx_AurelionSol_Respawn3D_buffactivate.txtp,a19ea8cc994cfb7f0d3cb79fd7671d86dfe11a90b5121176defcc2d49f02957a,.team0.form0.audio.events.deploy:start.pool[0];.team1.form0.audio.events.deploy:start.pool[0],
aurelionsol,龙王,语音,assets/audio/units/aurelionsol/play_vo_aurelionsol_death3d_r1_zh_cn.wav,自动增益残留（波形确认）,18.0,-0.001,0.0,18.0,1.0,/Users/czh/Projects/Clash Legends/ClashLegends-开发素材库/04-中间产物/素材加工/card_audio_batch/aurelionsol_vo/txtp/Play_vo_AurelionSol_Death3D {r1}.txtp,e42e29d22c1360982d86352c854ba14b9703b0475160ee76a01000ad23572e21,.team0.form0.audio.events.death.pool[0];.team1.form0.audio.events.death.pool[0],
aurelionsol,龙王,语音,assets/audio/units/aurelionsol/play_vo_aurelionsol_death3d_r2_zh_cn.wav,自动增益残留（波形确认）,18.0,-0.001,0.0,18.0,1.0,/Users/czh/Projects/Clash Legends/ClashLegends-开发素材库/04-中间产物/素材加工/card_audio_batch/aurelionsol_vo/txtp/Play_vo_AurelionSol_Death3D {r2}.txtp,7ff49c64046b1464f6745166edf611e141360c72cbfa6bfc175a3e289b8e7d29,.team0.form0.audio.events.death.pool[1];.team1.form0.audio.events.death.pool[1],
aurelionsol,龙王,语音,assets/audio/units/aurelionsol/play_vo_aurelionsol_death3d_r3_zh_cn.wav,自动增益残留（波形确认）,18.0,-0.001,0.0,18.0,1.0,/Users/czh/Projects/Clash Legends/ClashLegends-开发素材库/04-中间产物/素材加工/card_audio_batch/aurelionsol_vo/txtp/Play_vo_AurelionSol_Death3D {r3}.txtp,7ce5094a159201f234d018e9fdc34d78d225e434960c4ec9a3189f519b72cdf1,.team0.form0.audio.events.death.pool[2];.team1.form0.audio.events.death.pool[2],
belveth,虚空女皇,音效,assets/audio/units/belveth/cast_1.wav,自动增益残留（波形确认）,18.0,-6.0,-4.0,8.0,1.0,/Users/czh/Projects/Clash Legends/ClashLegends-开发素材库/03-制作中/卑尔维斯/audio/belveth/txtp/Play_sfx_Belveth_BelvethQ_cast.txtp,4009b6b71d69cef2242f88f7d95dae38fc450b2f82c502450b5d7bd14b029508,.team0.form0.audio.events.active:cast.pool[0];.team1.form0.audio.events.active:cast.pool[0],
belveth,虚空女皇,音效,assets/audio/units/belveth/death_1.wav,自动增益残留（波形确认）,19.0,-6.0,-5.0,8.0,1.0,/Users/czh/Projects/Clash Legends/ClashLegends-开发素材库/03-制作中/卑尔维斯/audio/belveth/txtp/Play_sfx_Belveth_Death3D_buffactivate.txtp,7f94d71ebd8be8498e7a2edd8c86dcb143c7a5b09701524d3db7d707b71f6f80,.team0.form0.audio.events.death.pool[0];.team1.form0.audio.events.death.pool[0],
belveth,虚空女皇,音效,assets/audio/units/belveth/deploy_1.wav,自动增益残留（波形确认）,21.0,-6.0,-5.0,10.0,1.0,/Users/czh/Projects/Clash Legends/ClashLegends-开发素材库/03-制作中/卑尔维斯/audio/belveth/txtp/Play_sfx_Belveth_Respawn3D_buffactivate.txtp,739beb62f47c2f809b40866fe49816e2bdbde45b33d9210e72666ba08ba80e77,.team0.form0.audio.events.deploy:start.pool[0];.team1.form0.audio.events.deploy:start.pool[0],
belveth,虚空女皇,音效,assets/audio/units/belveth/hit_1.wav,自动增益残留（波形确认）,21.0,-6.0,-7.0,8.0,1.0,/Users/czh/Projects/Clash Legends/ClashLegends-开发素材库/03-制作中/卑尔维斯/audio/belveth/txtp/Play_sfx_Belveth_BelvethBasicAttack_OnHit {r1} {d}.txtp,d46247278f8b02a945fb4a19cb656d541fa3b236afb212aea39a7be0224459e0,.team0.form0.audio.attack_hit[0];.team1.form0.audio.attack_hit[0],
belveth,虚空女皇,音效,assets/audio/units/belveth/hit_2.wav,自动增益残留（波形确认）,21.0,-6.0,-7.0,8.0,1.0,/Users/czh/Projects/Clash Legends/ClashLegends-开发素材库/03-制作中/卑尔维斯/audio/belveth/txtp/Play_sfx_Belveth_BelvethBasicAttack_OnHit {r2} {d}.txtp,50d9fa3f05751e1a6aece61486ebc45c79b38ef3faba9a31be877f7c874adf29,.team0.form0.audio.attack_hit[1];.team1.form0.audio.attack_hit[1],
belveth,虚空女皇,音效,assets/audio/units/belveth/hit_3.wav,自动增益残留（波形确认）,21.0,-6.0,-7.0,8.0,1.0,/Users/czh/Projects/Clash Legends/ClashLegends-开发素材库/03-制作中/卑尔维斯/audio/belveth/txtp/Play_sfx_Belveth_BelvethBasicAttack_OnHit {r3} {d}.txtp,e72c62e4f6d04d5f3dc21fd203bddd1b3a8578dc34a78c60ef444648e36af2cb,.team0.form0.audio.attack_hit[2];.team1.form0.audio.attack_hit[2],
belveth,虚空女皇,音效,assets/audio/units/belveth/hit_4.wav,自动增益残留（波形确认）,21.0,-6.0,-7.0,8.0,1.0,/Users/czh/Projects/Clash Legends/ClashLegends-开发素材库/03-制作中/卑尔维斯/audio/belveth/txtp/Play_sfx_Belveth_BelvethBasicAttack_OnHit {r4} {d}.txtp,fd8a2e1997c3cc8a50f5767e3affb07563d9355a1218a2e09005194da1212e1a,.team0.form0.audio.attack_hit[3];.team1.form0.audio.attack_hit[3],
belveth,虚空女皇,音效,assets/audio/units/belveth/skill_hit_1.wav,自动增益残留（波形确认）,14.0,-6.0,-5.0,3.0,1.0,/Users/czh/Projects/Clash Legends/ClashLegends-开发素材库/03-制作中/卑尔维斯/audio/belveth/txtp/Play_sfx_Belveth_BelvethQ_hit.txtp,76eace03db358c4c83a64121d0edc9d0305d1b3da552c3b41afdc99f05a63048,.team0.form0.audio.events.active:hit.pool[0];.team1.form0.audio.events.active:hit.pool[0],
belveth,虚空女皇,音效,assets/audio/units/belveth/swing_1.wav,自动增益残留（波形确认）,19.0,-6.0,-7.0,6.0,1.0,/Users/czh/Projects/Clash Legends/ClashLegends-开发素材库/03-制作中/卑尔维斯/audio/belveth/txtp/Play_sfx_Belveth_BelvethBasicAttack_cast_slow {r1}.txtp,5262db1d4d05ac49f0d3aa77bf9216d6e2f8caf613469e7b17b1080e7259aacf,.team0.form0.audio.attack_swing[0][0];.team0.form0.audio.attack_swing[1][0];.team1.form0.audio.attack_swing[0][0];.team1.form0.audio.attack_swing[1][0],
belveth,虚空女皇,音效,assets/audio/units/belveth/swing_2.wav,自动增益残留（波形确认）,19.0,-6.0,-7.0,6.0,1.0,/Users/czh/Projects/Clash Legends/ClashLegends-开发素材库/03-制作中/卑尔维斯/audio/belveth/txtp/Play_sfx_Belveth_BelvethBasicAttack_cast_slow {r2}.txtp,b2f0e1507a2c7b558cd407a4aedbdfd35aa6ff3d514a104fe1fad286739c5ef7,.team0.form0.audio.attack_swing[0][1];.team0.form0.audio.attack_swing[1][1];.team1.form0.audio.attack_swing[0][1];.team1.form0.audio.attack_swing[1][1],
belveth,虚空女皇,音效,assets/audio/units/belveth/swing_3.wav,自动增益残留（波形确认）,19.0,-6.0,-7.0,6.0,1.0,/Users/czh/Projects/Clash Legends/ClashLegends-开发素材库/03-制作中/卑尔维斯/audio/belveth/txtp/Play_sfx_Belveth_BelvethBasicAttack_cast_slow {r3}.txtp,3ef0fa232a298ca1359a5bba9eb60ae3d832696f2010f2410710fbbe07b59c52,.team0.form0.audio.attack_swing[0][2];.team0.form0.audio.attack_swing[1][2];.team1.form0.audio.attack_swing[0][2];.team1.form0.audio.attack_swing[1][2],
belveth,虚空女皇,音效,assets/audio/units/belveth/swing_4.wav,自动增益残留（波形确认）,19.0,-6.0,-7.0,6.0,1.0,/Users/czh/Projects/Clash Legends/ClashLegends-开发素材库/03-制作中/卑尔维斯/audio/belveth/txtp/Play_sfx_Belveth_BelvethBasicAttack_cast_slow {r4}.txtp,54d436995afedae41ab2ea19b805b3070c2ca9eeb9ea39d611c39d0a26cbe4a0,.team0.form0.audio.attack_swing[0][3];.team0.form0.audio.attack_swing[1][3];.team1.form0.audio.attack_swing[0][3];.team1.form0.audio.attack_swing[1][3],
corki,库奇,音效,assets/audio/units/corki/active_big_hit0.wav,未发现自动增益残留（波形确认）,,-0.001,0.0,-0.0,1.0,/Users/czh/Projects/Clash Legends/ClashLegends-开发素材库/03-制作中/库奇/弹体音频复核/original-gain-txtp/Play_sfx_Corki_MissileBarrageMissile2_boom.txtp,bb7062fc47786d5fbd884578eff73c3059e21ff772b15cee64fd93133034834f,.team0.form0.audio.events.active_big:hit.pool[0];.team1.form0.audio.events.active_big:hit.pool[0],
corki,库奇,音效,assets/audio/units/corki/active_big_release0.wav,未发现自动增益残留（波形确认）,,-0.001,0.0,-0.0,1.0,/Users/czh/Projects/Clash Legends/ClashLegends-开发素材库/03-制作中/库奇/弹体音频复核/original-gain-txtp/Play_sfx_Corki_MissileBarrageMissile2_OnMissileLaunch.txtp,8ea26597cfa7c69d8a43cc280d3251e779e558785ac1d8719d0f7f46f5ca89bd,.team0.form0.audio.events.active_big:release.pool[0];.team1.form0.audio.events.active_big:release.pool[0],
corki,库奇,音效,assets/audio/units/corki/active_big_start0.wav,未发现自动增益残留（波形确认）,,-0.002,0.0,-0.0,0.99999999,/Users/czh/Projects/Clash Legends/ClashLegends-开发素材库/03-制作中/库奇/弹体音频复核/original-gain-txtp/Play_sfx_Corki_MissileBarrage_OnCast {r1}.txtp,3092b8e1f8933946891b2527cfb6c37d89138cc9e6f2eb9c47cd70fa70a9440d,.team0.form0.audio.events.active_big:start.pool[0];.team1.form0.audio.events.active_big:start.pool[0],
corki,库奇,音效,assets/audio/units/corki/active_big_start1.wav,未发现自动增益残留（波形确认）,,-0.002,0.0,-0.0,0.99999999,/Users/czh/Projects/Clash Legends/ClashLegends-开发素材库/03-制作中/库奇/弹体音频复核/original-gain-txtp/Play_sfx_Corki_MissileBarrage_OnCast {r2}.txtp,75ddfda02a0763b473b2e36c01aa4f3ba56f616ae6448ca8d20b20ed485dbda0,.team0.form0.audio.events.active_big:start.pool[1];.team1.form0.audio.events.active_big:start.pool[1],
corki,库奇,音效,assets/audio/units/corki/active_big_start2.wav,未发现自动增益残留（波形确认）,,-0.002,0.0,-0.0,0.99999998,/Users/czh/Projects/Clash Legends/ClashLegends-开发素材库/03-制作中/库奇/弹体音频复核/original-gain-txtp/Play_sfx_Corki_MissileBarrage_OnCast {r3}.txtp,75887d11e1b35934a3353355dfe215147923577c3accc4f2ef85365d814c668c,.team0.form0.audio.events.active_big:start.pool[2];.team1.form0.audio.events.active_big:start.pool[2],
corki,库奇,音效,assets/audio/units/corki/active_hit0.wav,未发现自动增益残留（波形确认）,,-0.002,0.0,-0.0,0.99999999,/Users/czh/Projects/Clash Legends/ClashLegends-开发素材库/03-制作中/库奇/弹体音频复核/original-gain-txtp/Play_sfx_Corki_MissileBarrageMissile_boom {r1}.txtp,42d67d6f814f5502f63ea3e1c870aab0a3bc0345e2567ae637933860eed639af,.team0.form0.audio.events.active:hit.pool[0];.team1.form0.audio.events.active:hit.pool[0],
corki,库奇,音效,assets/audio/units/corki/active_hit1.wav,未发现自动增益残留（波形确认）,,-0.002,0.0,-0.0,0.99999999,/Users/czh/Projects/Clash Legends/ClashLegends-开发素材库/03-制作中/库奇/弹体音频复核/original-gain-txtp/Play_sfx_Corki_MissileBarrageMissile_boom {r2}.txtp,48bdbf9eff5b3950283131a6ec9eaab822236a12d4168a41cb36a60c6e9fcc85,.team0.form0.audio.events.active:hit.pool[1];.team1.form0.audio.events.active:hit.pool[1],
corki,库奇,音效,assets/audio/units/corki/active_hit2.wav,未发现自动增益残留（波形确认）,,-0.002,0.0,-0.0,0.99999999,/Users/czh/Projects/Clash Legends/ClashLegends-开发素材库/03-制作中/库奇/弹体音频复核/original-gain-txtp/Play_sfx_Corki_MissileBarrageMissile_boom {r3}.txtp,c3dddc13304709d96e254ed3f833844e200d36574cf0fba2a2abd8ea0e2a34a7,.team0.form0.audio.events.active:hit.pool[2];.team1.form0.audio.events.active:hit.pool[2],
corki,库奇,音效,assets/audio/units/corki/active_release0.wav,未发现自动增益残留（波形确认）,,-0.002,0.0,-0.0,0.99999999,/Users/czh/Projects/Clash Legends/ClashLegends-开发素材库/03-制作中/库奇/弹体音频复核/original-gain-txtp/Play_sfx_Corki_MissileBarrageMissile_OnMissileLaunch.txtp,ed2f1e89745ee68139c2addf6db0807284961ba69c3ec80e40f3d3ff6771da0d,.team0.form0.audio.events.active:release.pool[0];.team1.form0.audio.events.active:release.pool[0],
corki,库奇,音效,assets/audio/units/corki/active_start0.wav,未发现自动增益残留（波形确认）,,-0.002,0.0,-0.0,0.99999999,/Users/czh/Projects/Clash Legends/ClashLegends-开发素材库/03-制作中/库奇/弹体音频复核/original-gain-txtp/Play_sfx_Corki_MissileBarrage_OnCast {r1}.txtp,3092b8e1f8933946891b2527cfb6c37d89138cc9e6f2eb9c47cd70fa70a9440d,.team0.form0.audio.events.active:start.pool[0];.team1.form0.audio.events.active:start.pool[0],
corki,库奇,音效,assets/audio/units/corki/active_start1.wav,未发现自动增益残留（波形确认）,,-0.002,0.0,-0.0,0.99999999,/Users/czh/Projects/Clash Legends/ClashLegends-开发素材库/03-制作中/库奇/弹体音频复核/original-gain-txtp/Play_sfx_Corki_MissileBarrage_OnCast {r2}.txtp,75ddfda02a0763b473b2e36c01aa4f3ba56f616ae6448ca8d20b20ed485dbda0,.team0.form0.audio.events.active:start.pool[1];.team1.form0.audio.events.active:start.pool[1],
corki,库奇,音效,assets/audio/units/corki/active_start2.wav,未发现自动增益残留（波形确认）,,-0.002,0.0,-0.0,0.99999998,/Users/czh/Projects/Clash Legends/ClashLegends-开发素材库/03-制作中/库奇/弹体音频复核/original-gain-txtp/Play_sfx_Corki_MissileBarrage_OnCast {r3}.txtp,75887d11e1b35934a3353355dfe215147923577c3accc4f2ef85365d814c668c,.team0.form0.audio.events.active:start.pool[2];.team1.form0.audio.events.active:start.pool[2],
corki,库奇,音效,assets/audio/units/corki/attack_hit0.wav,未发现自动增益残留（波形确认）,,-0.002,0.0,-0.0,0.99999998,/Users/czh/Projects/Clash Legends/ClashLegends-开发素材库/03-制作中/库奇/弹体音频复核/original-gain-txtp/Play_sfx_Corki_CorkiBasicAttack_OnHit {d}.txtp,298b25d58d2a5cc3ef811252918fcb6c62e6877cbaf0475cb94478546d437b75,.team0.form0.audio.attack_hit[0];.team1.form0.audio.attack_hit[0],
corki,库奇,音效,assets/audio/units/corki/attack_launch0.wav,未发现自动增益残留（波形确认）,,-0.004,0.0,-0.0,0.99999994,/Users/czh/Projects/Clash Legends/ClashLegends-开发素材库/03-制作中/库奇/弹体音频复核/original-gain-txtp/Play_sfx_Corki_CorkiBasicAttack_OnMissileLaunch {d}.txtp,663dddb552f5adc24e8fd9579e580ca3754757dec64330cd593496fb34a48409,.team0.form0.audio.events.attack_launch.pool[0];.team1.form0.audio.events.attack_launch.pool[0],
corki,库奇,音效,assets/audio/units/corki/attack_swing0.wav,未发现自动增益残留（波形确认）,,-0.003,0.0,-0.0,0.99999994,/Users/czh/Projects/Clash Legends/ClashLegends-开发素材库/03-制作中/库奇/弹体音频复核/original-gain-txtp/Play_sfx_Corki_CorkiBasicAttack_OnCast {d}.txtp,3ef54df9af85649ec6f844326a12389064259e60f348170006b346243891d351,.team0.form0.audio.attack_swing[0][0];.team0.form0.audio.attack_swing[1][0];.team1.form0.audio.attack_swing[0][0];.team1.form0.audio.attack_swing[1][0],
corki,库奇,语音,assets/audio/units/corki/death0.wav,自动增益残留（波形确认）,16.0,-0.001,0.0,16.0,1.0,/Users/czh/Projects/Clash Legends/ClashLegends-开发素材库/03-制作中/库奇/audio-source/corki_vo/txtp/Play_vo_Corki_Death3D {r1}.txtp;/Users/czh/Projects/Clash Legends/ClashLegends-开发素材库/03-制作中/库奇/audio-source/corki_vo/txtp/Play_vo_Corki_Death3D {r2}.txtp;/Users/czh/Projects/Clash Legends/ClashLegends-开发素材库/03-制作中/库奇/audio-source/corki_vo/txtp/Play_vo_Corki_Death3D {r3}.txtp,c7e1a4826d950d7df4abec3d9b52ac1561cefe9c8df05bb1d3b0dfc7ee5eac25,.team0.form0.audio.events.death.pool[0];.team1.form0.audio.events.death.pool[0],依据源Death3D三变体逐一波形匹配（原清单未记事件名）
corki,库奇,语音,assets/audio/units/corki/death1.wav,自动增益残留（波形确认）,16.0,-0.001,0.0,16.0,1.0,/Users/czh/Projects/Clash Legends/ClashLegends-开发素材库/03-制作中/库奇/audio-source/corki_vo/txtp/Play_vo_Corki_Death3D {r1}.txtp;/Users/czh/Projects/Clash Legends/ClashLegends-开发素材库/03-制作中/库奇/audio-source/corki_vo/txtp/Play_vo_Corki_Death3D {r2}.txtp;/Users/czh/Projects/Clash Legends/ClashLegends-开发素材库/03-制作中/库奇/audio-source/corki_vo/txtp/Play_vo_Corki_Death3D {r3}.txtp,f02a9efdb74d606a9debc7cd8202d6ee28ddd0b2661a274fb9e5ffb6e39fe2f9,.team0.form0.audio.events.death.pool[1];.team1.form0.audio.events.death.pool[1],依据源Death3D三变体逐一波形匹配（原清单未记事件名）
corki,库奇,语音,assets/audio/units/corki/death2.wav,自动增益残留（波形确认）,16.0,-0.001,0.0,16.0,1.0,/Users/czh/Projects/Clash Legends/ClashLegends-开发素材库/03-制作中/库奇/audio-source/corki_vo/txtp/Play_vo_Corki_Death3D {r1}.txtp;/Users/czh/Projects/Clash Legends/ClashLegends-开发素材库/03-制作中/库奇/audio-source/corki_vo/txtp/Play_vo_Corki_Death3D {r2}.txtp;/Users/czh/Projects/Clash Legends/ClashLegends-开发素材库/03-制作中/库奇/audio-source/corki_vo/txtp/Play_vo_Corki_Death3D {r3}.txtp,85820da0c7e24616fc5f308379a4b06dab20f792fe48b964143e76ad3fd5ad7b,.team0.form0.audio.events.death.pool[2];.team1.form0.audio.events.death.pool[2],依据源Death3D三变体逐一波形匹配（原清单未记事件名）
corki,库奇,语音,assets/audio/units/corki/deploy_ace.wav,LCU直取/用户提供源，不经事件auto,,,0.0,,,,ac7e61d95ad2b2252381cfe958a99af945c69a740c866cf65ffa59d74d42a0ae,.team0.form0.audio.events.deploy:voice.pool[0];.team1.form0.audio.events.deploy:voice.pool[0],
corki,库奇,语音,assets/audio/units/corki/deploy_burning.wav,自动增益残留（波形确认）,16.0,0.0,0.0,16.0,1.0,/Users/czh/Projects/Clash Legends/ClashLegends-开发素材库/03-制作中/库奇/voice-move/txtp/Play_vo_Corki_Move2DStandard {r1}.txtp,79a25789f71cdaf59b3e236f7d926393f9e91840d43f4edc80d5b09034ce3b27,.team0.form0.audio.events.deploy:voice.pool[2];.team1.form0.audio.events.deploy:voice.pool[2],
corki,库奇,语音,assets/audio/units/corki/deploy_ready.wav,自动增益残留（波形确认）,17.0,-0.0,0.0,17.0,1.0,/Users/czh/Projects/Clash Legends/ClashLegends-开发素材库/03-制作中/库奇/voice-loaded/txtp/Play_vo_Corki_CorkiLoaded_cast {r2}.txtp,5c6fb3b0ccc4326c3e2fa0d8ce760c57415cdb353a786a6f82a277917f0e1a12,.team0.form0.audio.events.deploy:voice.pool[1];.team1.form0.audio.events.deploy:voice.pool[1],
darius,德莱厄斯,语音,assets/audio/units/darius/deploy_cowardice.wav,自动增益残留（波形确认）,13.0,-0.0,0.0,13.0,1.0,/Users/czh/Projects/Clash Legends/ClashLegends-开发素材库/03-制作中/德莱厄斯/voice-move/txtp/Play_vo_Darius_Move2DStandard {r4}.txtp,66bb8acc20e8402adde253e734bca4bb7722705ba94fdc4447b8d12593244cc9,.team0.form0.audio.events.deploy:voice.pool[1];.team1.form0.audio.events.deploy:voice.pool[1],
darius,德莱厄斯,语音,assets/audio/units/darius/deploy_fight.wav,自动增益残留（波形确认）,13.0,0.0,0.0,13.0,1.0,/Users/czh/Projects/Clash Legends/ClashLegends-开发素材库/03-制作中/德莱厄斯/voice-move/txtp/Play_vo_Darius_Move2DStandard {r1}.txtp,3c53c119e8f8207f344b356e238e2e2f09bfe23f927c59c4f70e5986617d8e88,.team0.form0.audio.events.deploy:voice.pool[2];.team1.form0.audio.events.deploy:voice.pool[2],
darius,德莱厄斯,语音,assets/audio/units/darius/deploy_rise.wav,自动增益残留（波形确认）,13.0,0.0,0.0,13.0,1.0,/Users/czh/Projects/Clash Legends/ClashLegends-开发素材库/03-制作中/德莱厄斯/voice-move/txtp/Play_vo_Darius_Move2DStandard {r3}.txtp,80ebf4b9a8efa2261f23fd402ab2a4f3fcd3549c142b5567585ddfa20a025ef1,.team0.form0.audio.events.deploy:voice.pool[0];.team1.form0.audio.events.deploy:voice.pool[0],
darius,德莱厄斯,音效,assets/audio/units/darius/play_sfx_darius_dariusbasicattack2_oncast_r1.wav,自动增益残留（波形确认）,15.0,-2.838,-3.0,9.16,1.0,/Users/czh/Projects/Clash Legends/ClashLegends-开发素材库/03-制作中/德莱厄斯/audio-source/darius/txtp/Play_sfx_Darius_DariusBasicAttack2_OnCast {r1}.txtp,4c9fb9498b4296fb3711c3401d6faf1b3329f2865c10cabb9678b77e36f9f189,.team0.form0.audio.attack_swing[1][0];.team1.form0.audio.attack_swing[1][0],
darius,德莱厄斯,音效,assets/audio/units/darius/play_sfx_darius_dariusbasicattack2_oncast_r2.wav,自动增益残留（波形确认）,15.0,-2.838,-3.0,9.16,1.0,/Users/czh/Projects/Clash Legends/ClashLegends-开发素材库/03-制作中/德莱厄斯/audio-source/darius/txtp/Play_sfx_Darius_DariusBasicAttack2_OnCast {r2}.txtp,bb9e6fae19ce9dc910ee4e300cbf3396746fe60fc9cd49e47bcd836886f79157,.team0.form0.audio.attack_swing[1][1];.team1.form0.audio.attack_swing[1][1],
darius,德莱厄斯,音效,assets/audio/units/darius/play_sfx_darius_dariusbasicattack2_oncast_r3.wav,自动增益残留（波形确认）,15.0,-2.838,-3.0,9.16,1.0,/Users/czh/Projects/Clash Legends/ClashLegends-开发素材库/03-制作中/德莱厄斯/audio-source/darius/txtp/Play_sfx_Darius_DariusBasicAttack2_OnCast {r3}.txtp,e0e7026522cf5146d00b87a9fd5b7fca7d0c5e43bdd63e467f3886b9ff840b74,.team0.form0.audio.attack_swing[1][2];.team1.form0.audio.attack_swing[1][2],
darius,德莱厄斯,音效,assets/audio/units/darius/play_sfx_darius_dariusbasicattack2_oncast_r4.wav,自动增益残留（波形确认）,15.0,-2.838,-3.0,9.16,1.0,/Users/czh/Projects/Clash Legends/ClashLegends-开发素材库/03-制作中/德莱厄斯/audio-source/darius/txtp/Play_sfx_Darius_DariusBasicAttack2_OnCast {r4}.txtp,abfd1186d01a96a0033b9f49fec7e2336e2790d06189423cd94de86214e049be,.team0.form0.audio.attack_swing[1][3];.team1.form0.audio.attack_swing[1][3],
darius,德莱厄斯,音效,assets/audio/units/darius/play_sfx_darius_dariusbasicattack2_onhit_1559186049_1153642577_r1.wav,自动增益残留（波形确认）,15.0,-2.838,-5.0,7.16,1.0,/Users/czh/Projects/Clash Legends/ClashLegends-开发素材库/03-制作中/德莱厄斯/audio-source/darius/txtp/Play_sfx_Darius_DariusBasicAttack2_OnHit [1559186049=1153642577] {r1}.txtp,b0526d0e633e99cd2d7b0c166271bf727fca03bda9de6d84e010b319a9bd5f0d,.team0.form0.audio.attack_hit_by_segment[1][0];.team1.form0.audio.attack_hit_by_segment[1][0],
darius,德莱厄斯,音效,assets/audio/units/darius/play_sfx_darius_dariusbasicattack2_onhit_1559186049_1153642577_r2.wav,自动增益残留（波形确认）,15.0,-2.838,-5.0,7.16,1.0,/Users/czh/Projects/Clash Legends/ClashLegends-开发素材库/03-制作中/德莱厄斯/audio-source/darius/txtp/Play_sfx_Darius_DariusBasicAttack2_OnHit [1559186049=1153642577] {r2}.txtp,bae36484a6b16135415c61dd56e840a129fd63e530c6ed7d86509e2f26171c3d,.team0.form0.audio.attack_hit_by_segment[1][1];.team1.form0.audio.attack_hit_by_segment[1][1],
darius,德莱厄斯,音效,assets/audio/units/darius/play_sfx_darius_dariusbasicattack2_onhit_1559186049_1153642577_r3.wav,自动增益残留（波形确认）,15.0,-2.838,-5.0,7.16,1.0,/Users/czh/Projects/Clash Legends/ClashLegends-开发素材库/03-制作中/德莱厄斯/audio-source/darius/txtp/Play_sfx_Darius_DariusBasicAttack2_OnHit [1559186049=1153642577] {r3}.txtp,cef88ffc0eca7e06210d97c0ad5fb52622ca12dd3622dbb46f6a994aff40ffad,.team0.form0.audio.attack_hit_by_segment[1][2];.team1.form0.audio.attack_hit_by_segment[1][2],
darius,德莱厄斯,音效,assets/audio/units/darius/play_sfx_darius_dariusbasicattack2_onhit_1559186049_1153642577_r4.wav,自动增益残留（波形确认）,15.0,-2.838,-5.0,7.16,1.0,/Users/czh/Projects/Clash Legends/ClashLegends-开发素材库/03-制作中/德莱厄斯/audio-source/darius/txtp/Play_sfx_Darius_DariusBasicAttack2_OnHit [1559186049=1153642577] {r4}.txtp,32feb7eef8857b45fb5a86e747db76bdfa957208210f384103fce90679b750e2,.team0.form0.audio.attack_hit_by_segment[1][3];.team1.form0.audio.attack_hit_by_segment[1][3],
darius,德莱厄斯,音效,assets/audio/units/darius/play_sfx_darius_dariusbasicattack_oncast_r1_d.wav,自动增益残留（波形确认）,15.0,-2.838,-3.0,9.16,1.0,/Users/czh/Projects/Clash Legends/ClashLegends-开发素材库/03-制作中/德莱厄斯/audio-source/darius/txtp/Play_sfx_Darius_DariusBasicAttack_OnCast {r1} {d}.txtp,4c9fb9498b4296fb3711c3401d6faf1b3329f2865c10cabb9678b77e36f9f189,.team0.form0.audio.attack_swing[0][0];.team1.form0.audio.attack_swing[0][0],
darius,德莱厄斯,音效,assets/audio/units/darius/play_sfx_darius_dariusbasicattack_oncast_r2_d.wav,自动增益残留（波形确认）,15.0,-2.838,-3.0,9.16,1.0,/Users/czh/Projects/Clash Legends/ClashLegends-开发素材库/03-制作中/德莱厄斯/audio-source/darius/txtp/Play_sfx_Darius_DariusBasicAttack_OnCast {r2} {d}.txtp,bb9e6fae19ce9dc910ee4e300cbf3396746fe60fc9cd49e47bcd836886f79157,.team0.form0.audio.attack_swing[0][1];.team1.form0.audio.attack_swing[0][1],
darius,德莱厄斯,音效,assets/audio/units/darius/play_sfx_darius_dariusbasicattack_oncast_r3_d.wav,自动增益残留（波形确认）,15.0,-2.838,-3.0,9.16,1.0,/Users/czh/Projects/Clash Legends/ClashLegends-开发素材库/03-制作中/德莱厄斯/audio-source/darius/txtp/Play_sfx_Darius_DariusBasicAttack_OnCast {r3} {d}.txtp,e0e7026522cf5146d00b87a9fd5b7fca7d0c5e43bdd63e467f3886b9ff840b74,.team0.form0.audio.attack_swing[0][2];.team1.form0.audio.attack_swing[0][2],
darius,德莱厄斯,音效,assets/audio/units/darius/play_sfx_darius_dariusbasicattack_oncast_r4_d.wav,自动增益残留（波形确认）,15.0,-2.838,-3.0,9.16,1.0,/Users/czh/Projects/Clash Legends/ClashLegends-开发素材库/03-制作中/德莱厄斯/audio-source/darius/txtp/Play_sfx_Darius_DariusBasicAttack_OnCast {r4} {d}.txtp,abfd1186d01a96a0033b9f49fec7e2336e2790d06189423cd94de86214e049be,.team0.form0.audio.attack_swing[0][3];.team1.form0.audio.attack_swing[0][3],
darius,德莱厄斯,音效,assets/audio/units/darius/play_sfx_darius_dariusbasicattack_onhit_1559186049_1153642577_r1_d.wav,自动增益残留（波形确认）,15.0,-2.838,-5.0,7.16,1.0,/Users/czh/Projects/Clash Legends/ClashLegends-开发素材库/03-制作中/德莱厄斯/audio-source/darius/txtp/Play_sfx_Darius_DariusBasicAttack_OnHit [1559186049=1153642577] {r1} {d}.txtp,b0526d0e633e99cd2d7b0c166271bf727fca03bda9de6d84e010b319a9bd5f0d,.team0.form0.audio.attack_hit_by_segment[0][0];.team1.form0.audio.attack_hit_by_segment[0][0],
darius,德莱厄斯,音效,assets/audio/units/darius/play_sfx_darius_dariusbasicattack_onhit_1559186049_1153642577_r2_d.wav,自动增益残留（波形确认）,15.0,-2.838,-5.0,7.16,1.0,/Users/czh/Projects/Clash Legends/ClashLegends-开发素材库/03-制作中/德莱厄斯/audio-source/darius/txtp/Play_sfx_Darius_DariusBasicAttack_OnHit [1559186049=1153642577] {r2} {d}.txtp,bae36484a6b16135415c61dd56e840a129fd63e530c6ed7d86509e2f26171c3d,.team0.form0.audio.attack_hit_by_segment[0][1];.team1.form0.audio.attack_hit_by_segment[0][1],
darius,德莱厄斯,音效,assets/audio/units/darius/play_sfx_darius_dariusbasicattack_onhit_1559186049_1153642577_r3_d.wav,自动增益残留（波形确认）,15.0,-2.838,-5.0,7.16,1.0,/Users/czh/Projects/Clash Legends/ClashLegends-开发素材库/03-制作中/德莱厄斯/audio-source/darius/txtp/Play_sfx_Darius_DariusBasicAttack_OnHit [1559186049=1153642577] {r3} {d}.txtp,cef88ffc0eca7e06210d97c0ad5fb52622ca12dd3622dbb46f6a994aff40ffad,.team0.form0.audio.attack_hit_by_segment[0][2];.team1.form0.audio.attack_hit_by_segment[0][2],
darius,德莱厄斯,音效,assets/audio/units/darius/play_sfx_darius_dariusbasicattack_onhit_1559186049_1153642577_r4_d.wav,自动增益残留（波形确认）,15.0,-2.838,-5.0,7.16,1.0,/Users/czh/Projects/Clash Legends/ClashLegends-开发素材库/03-制作中/德莱厄斯/audio-source/darius/txtp/Play_sfx_Darius_DariusBasicAttack_OnHit [1559186049=1153642577] {r4} {d}.txtp,32feb7eef8857b45fb5a86e747db76bdfa957208210f384103fce90679b750e2,.team0.form0.audio.attack_hit_by_segment[0][3];.team1.form0.audio.attack_hit_by_segment[0][3],
darius,德莱厄斯,音效,assets/audio/units/darius/play_sfx_darius_dariusexecute_hit_kill_r1.wav,自动增益残留（波形确认）,15.0,-2.838,-3.0,9.16,1.0,/Users/czh/Projects/Clash Legends/ClashLegends-开发素材库/03-制作中/德莱厄斯/audio-source/darius/txtp/Play_sfx_Darius_DariusExecute_hit_kill {r1}.txtp,bc685c47ee3ad606e41ec8178496d799c1729b32d4f2baee5be0ec9b34690ca5,.team0.form0.audio.events.execute:kill.pool[0];.team1.form0.audio.events.execute:kill.pool[0],
darius,德莱厄斯,音效,assets/audio/units/darius/play_sfx_darius_dariusexecute_hit_kill_r2.wav,自动增益残留（波形确认）,15.0,-2.838,-3.0,9.16,1.0,/Users/czh/Projects/Clash Legends/ClashLegends-开发素材库/03-制作中/德莱厄斯/audio-source/darius/txtp/Play_sfx_Darius_DariusExecute_hit_kill {r2}.txtp,51a7296ecb2bb3567892b526f94e819fc17bb791c11704275b003b7fd62dc561,.team0.form0.audio.events.execute:kill.pool[1];.team1.form0.audio.events.execute:kill.pool[1],
darius,德莱厄斯,音效,assets/audio/units/darius/play_sfx_darius_dariusexecute_hit_kill_r3.wav,自动增益残留（波形确认）,15.0,-2.838,-3.0,9.16,1.0,/Users/czh/Projects/Clash Legends/ClashLegends-开发素材库/03-制作中/德莱厄斯/audio-source/darius/txtp/Play_sfx_Darius_DariusExecute_hit_kill {r3}.txtp,7fd42adb662781dad99c362549ba1b514b624415f88c6b6056ea476cd80a3d23,.team0.form0.audio.events.execute:kill.pool[2];.team1.form0.audio.events.execute:kill.pool[2],
darius,德莱厄斯,音效,assets/audio/units/darius/play_sfx_darius_dariusexecute_oncast_r1.wav,自动增益残留（波形确认）,12.0,-2.838,-2.0,7.16,1.0,/Users/czh/Projects/Clash Legends/ClashLegends-开发素材库/03-制作中/德莱厄斯/audio-source/darius/txtp/Play_sfx_Darius_DariusExecute_OnCast {r1}.txtp,fb79cfa8c446c8cf0a36c118a99136aa9a1d830226266921a52764e45ca469b0,.team0.form0.audio.events.empowered_swing.pool[0];.team1.form0.audio.events.empowered_swing.pool[0],
darius,德莱厄斯,音效,assets/audio/units/darius/play_sfx_darius_dariusexecute_oncast_r2.wav,自动增益残留（波形确认）,12.0,-2.838,-2.0,7.16,1.0,/Users/czh/Projects/Clash Legends/ClashLegends-开发素材库/03-制作中/德莱厄斯/audio-source/darius/txtp/Play_sfx_Darius_DariusExecute_OnCast {r2}.txtp,7e5aa6d0c53c5b6bf2f6c3055b09b411daecd4a27e84a5fe81d961b36a76e276,.team0.form0.audio.events.empowered_swing.pool[1];.team1.form0.audio.events.empowered_swing.pool[1],
darius,德莱厄斯,音效,assets/audio/units/darius/play_sfx_darius_dariusexecute_oncast_r3.wav,自动增益残留（波形确认）,12.0,-2.838,-2.0,7.16,1.0,/Users/czh/Projects/Clash Legends/ClashLegends-开发素材库/03-制作中/德莱厄斯/audio-source/darius/txtp/Play_sfx_Darius_DariusExecute_OnCast {r3}.txtp,723cdf6a1a035d98f647eb099a2f3d3315b89b3efd337c864adbd3ee5937e469,.team0.form0.audio.events.empowered_swing.pool[2];.team1.form0.audio.events.empowered_swing.pool[2],
darius,德莱厄斯,音效,assets/audio/units/darius/play_sfx_darius_dariusexecute_oncast_r4.wav,自动增益残留（波形确认）,12.0,-2.838,-2.0,7.16,1.0,/Users/czh/Projects/Clash Legends/ClashLegends-开发素材库/03-制作中/德莱厄斯/audio-source/darius/txtp/Play_sfx_Darius_DariusExecute_OnCast {r4}.txtp,7a7e4b37c799a38a545696130342daa8e9c1cc5155bb0b5330fd4bf2c042077c,.team0.form0.audio.events.empowered_swing.pool[3];.team1.form0.audio.events.empowered_swing.pool[3],
darius,德莱厄斯,音效,assets/audio/units/darius/play_sfx_darius_dariusexecute_onhit_r1.wav,自动增益残留（波形确认）,12.0,-2.838,-5.0,4.16,1.0,/Users/czh/Projects/Clash Legends/ClashLegends-开发素材库/03-制作中/德莱厄斯/audio-source/darius/txtp/Play_sfx_Darius_DariusExecute_OnHit {r1}.txtp,c847e4a7950715d8e3d5c374685b5329774e693aebd32fcbe09e7df86c1fb608,.team0.form0.audio.empowered_hit[0];.team1.form0.audio.empowered_hit[0],
darius,德莱厄斯,音效,assets/audio/units/darius/play_sfx_darius_dariusexecute_onhit_r2.wav,自动增益残留（波形确认）,12.0,-2.838,-5.0,4.16,1.0,/Users/czh/Projects/Clash Legends/ClashLegends-开发素材库/03-制作中/德莱厄斯/audio-source/darius/txtp/Play_sfx_Darius_DariusExecute_OnHit {r2}.txtp,6346d4cbf619db4504ab51c438b3cff5106f2a371d15ee823739f482c1a9bdfd,.team0.form0.audio.empowered_hit[1];.team1.form0.audio.empowered_hit[1],
darius,德莱厄斯,音效,assets/audio/units/darius/play_sfx_darius_dariusexecute_onhit_r3.wav,自动增益残留（波形确认）,12.0,-2.838,-5.0,4.16,1.0,/Users/czh/Projects/Clash Legends/ClashLegends-开发素材库/03-制作中/德莱厄斯/audio-source/darius/txtp/Play_sfx_Darius_DariusExecute_OnHit {r3}.txtp,a92b3cfdceaa37e5b4ccc0fc15f2768450c9198fd8aefaeeaf301220da6cc7c5,.team0.form0.audio.empowered_hit[2];.team1.form0.audio.empowered_hit[2],
darius,德莱厄斯,音效,assets/audio/units/darius/play_sfx_darius_dariusexecute_onhit_r4.wav,自动增益残留（波形确认）,12.0,-2.838,-5.0,4.16,1.0,/Users/czh/Projects/Clash Legends/ClashLegends-开发素材库/03-制作中/德莱厄斯/audio-source/darius/txtp/Play_sfx_Darius_DariusExecute_OnHit {r4}.txtp,bc23f1e52060d0b6bb99c78eb88b183724beb25b66a155fd420517fd93a00222,.team0.form0.audio.empowered_hit[3];.team1.form0.audio.empowered_hit[3],
darius,德莱厄斯,音效,assets/audio/units/darius/play_sfx_darius_dariushemomax_loop.wav,自动增益残留（波形确认）,21.0,-2.838,-9.0,9.16,1.0,/Users/czh/Projects/Clash Legends/ClashLegends-开发素材库/03-制作中/德莱厄斯/audio-source/darius/txtp/Play_sfx_Darius_DariusHemoMax_loop.txtp,ef70acce65ef45fc32462fb953a6529bb55b8a11421db5fd1df036cd3fece351,.team0.form0.audio.events.blood_rage:sustain.pool[0];.team1.form0.audio.events.blood_rage:sustain.pool[0],
darius,德莱厄斯,音效,assets/audio/units/darius/play_sfx_darius_dariushemomax_onbuffactivate_r1.wav,自动增益残留（波形确认）,11.0,-2.838,-3.0,5.16,1.0,/Users/czh/Projects/Clash Legends/ClashLegends-开发素材库/03-制作中/德莱厄斯/audio-source/darius/txtp/Play_sfx_Darius_DariusHemoMax_OnBuffActivate {r1}.txtp,21cd6fea461f823bec6ec70675da428f0f73ab368c39bdb322897c194404fbb4,.team0.form0.audio.events.blood_rage:start.pool[0];.team1.form0.audio.events.blood_rage:start.pool[0],
darius,德莱厄斯,音效,assets/audio/units/darius/play_sfx_darius_dariushemomax_onbuffactivate_r2.wav,自动增益残留（波形确认）,11.0,-2.838,-3.0,5.16,1.0,/Users/czh/Projects/Clash Legends/ClashLegends-开发素材库/03-制作中/德莱厄斯/audio-source/darius/txtp/Play_sfx_Darius_DariusHemoMax_OnBuffActivate {r2}.txtp,233997984a0b1b373a8fefcce8519b68a81cd404f21a3ad95be68cc1a077d5b4,.team0.form0.audio.events.blood_rage:start.pool[1];.team1.form0.audio.events.blood_rage:start.pool[1],
darius,德莱厄斯,音效,assets/audio/units/darius/play_sfx_darius_death3d_cast.wav,自动增益残留（波形确认）,17.0,-2.838,-3.0,11.16,1.0,/Users/czh/Projects/Clash Legends/ClashLegends-开发素材库/03-制作中/德莱厄斯/audio-source/darius/txtp/Play_sfx_Darius_Death3D_cast.txtp,af39e2fc66f2517f4cfaebfb003f6e38755476a60bb46e2eeba762af751e2f61,.team0.form0.audio.events.death.pool[0];.team1.form0.audio.events.death.pool[0],
freeze,冰冻,音效,assets/audio/units/freeze/play_sfx_cr_freeze_spell_cast_first3s.wav,LCU直取/用户提供源，不经事件auto,,,0.0,,,,1ee13665da02de6694527bc2c501597f5dcaed3b3056a4261fba3fe02065b8ee,.team0.form0.audio.events.spell:cast.pool[0];.team1.form0.audio.events.spell:cast.pool[0],
garen,盖伦,语音,assets/audio/units/garen/champion_choose_86_zh_cn.wav,LCU直取/用户提供源，不经事件auto,,,0.0,,,,d30ad2d1e977aecd35cfb4d5556237868a2343c540643acfa1c89d78a2300f72,.team0.form0.audio.events.deploy:voice.pool[0];.team1.form0.audio.events.deploy:voice.pool[0],
garen,盖伦,音效,assets/audio/units/garen/play_sfx_garen_death3d_cast.wav,未发现自动增益残留（波形确认）,,-0.002,0.0,-0.0,0.99999999,/Users/czh/Projects/Clash Legends/ClashLegends-开发素材库/04-中间产物/素材加工/garen_base_audio/txtp/Play_sfx_Garen_Death3D_cast.txtp,0b52b21c8dcdcb5fbbf348b946b982820919643219c2f5aac9ee38e16ea3b87e,.team0.form0.audio.events.death.pool[0];.team1.form0.audio.events.death.pool[0],
garen,盖伦,音效,assets/audio/units/garen/play_sfx_garen_garenbasicattack2_oncast_r1.wav,未发现自动增益残留（波形确认）,,-0.002,0.0,-0.0,0.99999999,/Users/czh/Projects/Clash Legends/ClashLegends-开发素材库/04-中间产物/素材加工/card_audio_batch/garen/txtp/Play_sfx_Garen_GarenBasicAttack2_OnCast {r1}.txtp;/Users/czh/Projects/Clash Legends/ClashLegends-开发素材库/04-中间产物/素材加工/garen_base_audio/txtp/Play_sfx_Garen_GarenBasicAttack2_OnCast {r1}.txtp,14165e7f39b6963b6552e02652c5391ce6ad1c1e94b673d4c4800176d6ed52bb,.team0.form0.audio.attack_swing[1][0];.team1.form0.audio.attack_swing[1][0],
garen,盖伦,音效,assets/audio/units/garen/play_sfx_garen_garenbasicattack2_oncast_r2.wav,auto已抵消或播放后不高于原事件,22.0,-22.002,0.0,-0.0,0.99999999,/Users/czh/Projects/Clash Legends/ClashLegends-开发素材库/04-中间产物/素材加工/card_audio_batch/garen/txtp/Play_sfx_Garen_GarenBasicAttack2_OnCast {r2}.txtp;/Users/czh/Projects/Clash Legends/ClashLegends-开发素材库/04-中间产物/素材加工/garen_base_audio/txtp/Play_sfx_Garen_GarenBasicAttack2_OnCast {r2}.txtp,9a1693a318e8fda233bc885ad5800121ce0df905a63735f2fcde50a326558e8b,.team0.form0.audio.attack_swing[1][1];.team1.form0.audio.attack_swing[1][1],
garen,盖伦,音效,assets/audio/units/garen/play_sfx_garen_garenbasicattack2_oncast_r3.wav,auto已抵消或播放后不高于原事件,22.0,-22.002,0.0,-0.0,0.99999999,/Users/czh/Projects/Clash Legends/ClashLegends-开发素材库/04-中间产物/素材加工/card_audio_batch/garen/txtp/Play_sfx_Garen_GarenBasicAttack2_OnCast {r3}.txtp;/Users/czh/Projects/Clash Legends/ClashLegends-开发素材库/04-中间产物/素材加工/garen_base_audio/txtp/Play_sfx_Garen_GarenBasicAttack2_OnCast {r3}.txtp,75596dabc004b236bb07e844719555d7a5d60fbafd870b32bf3651481dce19db,.team0.form0.audio.attack_swing[1][2];.team1.form0.audio.attack_swing[1][2],
garen,盖伦,音效,assets/audio/units/garen/play_sfx_garen_garenbasicattack2_oncast_r4.wav,auto已抵消或播放后不高于原事件,22.0,-22.002,0.0,-0.0,0.99999999,/Users/czh/Projects/Clash Legends/ClashLegends-开发素材库/04-中间产物/素材加工/card_audio_batch/garen/txtp/Play_sfx_Garen_GarenBasicAttack2_OnCast {r4}.txtp;/Users/czh/Projects/Clash Legends/ClashLegends-开发素材库/04-中间产物/素材加工/garen_base_audio/txtp/Play_sfx_Garen_GarenBasicAttack2_OnCast {r4}.txtp,7373e28284fc0f95e2e11e215099a5965e2254cc79f5f1f1a65ab7176bda00b7,.team0.form0.audio.attack_swing[1][3];.team1.form0.audio.attack_swing[1][3],
garen,盖伦,音效,assets/audio/units/garen/play_sfx_garen_garenbasicattack_oncast_r1.wav,auto已抵消或播放后不高于原事件,22.0,-22.002,0.0,-0.0,0.99999999,/Users/czh/Projects/Clash Legends/ClashLegends-开发素材库/04-中间产物/素材加工/card_audio_batch/garen/txtp/Play_sfx_Garen_GarenBasicAttack_OnCast {r1}.txtp;/Users/czh/Projects/Clash Legends/ClashLegends-开发素材库/04-中间产物/素材加工/garen_base_audio/txtp/Play_sfx_Garen_GarenBasicAttack_OnCast {r1}.txtp,762fe88ef53099ef1eb5194039890acc90c2a098ed9c85fadcbdffd5c1a04506,.team0.form0.audio.attack_swing[0][0];.team1.form0.audio.attack_swing[0][0],
garen,盖伦,音效,assets/audio/units/garen/play_sfx_garen_garenbasicattack_oncast_r2.wav,未发现自动增益残留（波形确认）,,-0.002,0.0,-0.0,0.99999999,/Users/czh/Projects/Clash Legends/ClashLegends-开发素材库/04-中间产物/素材加工/card_audio_batch/garen/txtp/Play_sfx_Garen_GarenBasicAttack_OnCast {r2}.txtp;/Users/czh/Projects/Clash Legends/ClashLegends-开发素材库/04-中间产物/素材加工/garen_base_audio/txtp/Play_sfx_Garen_GarenBasicAttack_OnCast {r2}.txtp,9e3a081cbaa701621e5c580ce1cae255923d373dfc3d9ce747dbdf2953e7ab6c,.team0.form0.audio.attack_swing[0][1];.team1.form0.audio.attack_swing[0][1],
garen,盖伦,音效,assets/audio/units/garen/play_sfx_garen_garenbasicattack_oncast_r3.wav,未发现自动增益残留（波形确认）,,-0.002,0.0,-0.0,0.99999999,/Users/czh/Projects/Clash Legends/ClashLegends-开发素材库/04-中间产物/素材加工/card_audio_batch/garen/txtp/Play_sfx_Garen_GarenBasicAttack_OnCast {r3}.txtp;/Users/czh/Projects/Clash Legends/ClashLegends-开发素材库/04-中间产物/素材加工/garen_base_audio/txtp/Play_sfx_Garen_GarenBasicAttack_OnCast {r3}.txtp,bfa10266a30a0aa771528f93776896d817b2e88ae1baf32a1c01872240e1b0bb,.team0.form0.audio.attack_swing[0][2];.team1.form0.audio.attack_swing[0][2],
garen,盖伦,音效,assets/audio/units/garen/play_sfx_garen_garenbasicattack_oncast_r4.wav,auto已抵消或播放后不高于原事件,22.0,-22.002,0.0,-0.0,0.99999999,/Users/czh/Projects/Clash Legends/ClashLegends-开发素材库/04-中间产物/素材加工/card_audio_batch/garen/txtp/Play_sfx_Garen_GarenBasicAttack_OnCast {r4}.txtp;/Users/czh/Projects/Clash Legends/ClashLegends-开发素材库/04-中间产物/素材加工/garen_base_audio/txtp/Play_sfx_Garen_GarenBasicAttack_OnCast {r4}.txtp,a9bb0edd03b9003da9ff0a7001f3342992565bc50fd74a19d690bf58948a81ea,.team0.form0.audio.attack_swing[0][3];.team1.form0.audio.attack_swing[0][3],
garen,盖伦,音效,assets/audio/units/garen/play_sfx_garen_garenbasicattack_onhit_1559186049_1153642577_r1_d.wav,未发现自动增益残留（波形确认）,,-0.002,0.0,-0.0,0.99999999,/Users/czh/Projects/Clash Legends/ClashLegends-开发素材库/04-中间产物/素材加工/card_audio_batch/garen/txtp/Play_sfx_Garen_GarenBasicAttack_OnHit [1559186049=1153642577] {r1} {d}.txtp;/Users/czh/Projects/Clash Legends/ClashLegends-开发素材库/04-中间产物/素材加工/garen_base_audio/txtp/Play_sfx_Garen_GarenBasicAttack_OnHit [1559186049=1153642577] {r1} {d}.txtp,ffbd2df95aeb9668c2ec854b935cc58fb34fea44c386dbd33fd91eb4c8fa5ad2,.team0.form0.audio.attack_hit[0];.team1.form0.audio.attack_hit[0],
garen,盖伦,音效,assets/audio/units/garen/play_sfx_garen_garenbasicattack_onhit_1559186049_1153642577_r2_d.wav,未发现自动增益残留（波形确认）,,-0.003,0.0,-0.0,0.99999999,/Users/czh/Projects/Clash Legends/ClashLegends-开发素材库/04-中间产物/素材加工/card_audio_batch/garen/txtp/Play_sfx_Garen_GarenBasicAttack_OnHit [1559186049=1153642577] {r2} {d}.txtp;/Users/czh/Projects/Clash Legends/ClashLegends-开发素材库/04-中间产物/素材加工/garen_base_audio/txtp/Play_sfx_Garen_GarenBasicAttack_OnHit [1559186049=1153642577] {r2} {d}.txtp,02c06a6faa62f43f9852eb717f5dddba45074f430ae84de0cb410c5987fcc028,.team0.form0.audio.attack_hit[1];.team1.form0.audio.attack_hit[1],
garen,盖伦,音效,assets/audio/units/garen/play_sfx_garen_garenbasicattack_onhit_1559186049_1153642577_r3_d.wav,未发现自动增益残留（波形确认）,,-0.002,0.0,-0.0,0.99999999,/Users/czh/Projects/Clash Legends/ClashLegends-开发素材库/04-中间产物/素材加工/card_audio_batch/garen/txtp/Play_sfx_Garen_GarenBasicAttack_OnHit [1559186049=1153642577] {r3} {d}.txtp;/Users/czh/Projects/Clash Legends/ClashLegends-开发素材库/04-中间产物/素材加工/garen_base_audio/txtp/Play_sfx_Garen_GarenBasicAttack_OnHit [1559186049=1153642577] {r3} {d}.txtp,a9713d3bf6c0bc2d53368083b110f8a1e87a631ad5206f14a32d4a2f78d9fda8,.team0.form0.audio.attack_hit[2];.team1.form0.audio.attack_hit[2],
garen,盖伦,音效,assets/audio/units/garen/play_sfx_garen_garenbasicattack_onhit_1559186049_1153642577_r4_d.wav,未发现自动增益残留（波形确认）,,-0.002,0.0,-0.0,0.99999999,/Users/czh/Projects/Clash Legends/ClashLegends-开发素材库/04-中间产物/素材加工/card_audio_batch/garen/txtp/Play_sfx_Garen_GarenBasicAttack_OnHit [1559186049=1153642577] {r4} {d}.txtp;/Users/czh/Projects/Clash Legends/ClashLegends-开发素材库/04-中间产物/素材加工/garen_base_audio/txtp/Play_sfx_Garen_GarenBasicAttack_OnHit [1559186049=1153642577] {r4} {d}.txtp,3b17712eeb8052a78d228fa99abb4dd2316a2b02a7eb3e0a0ed5c0d6211ec9c2,.team0.form0.audio.attack_hit[3];.team1.form0.audio.attack_hit[3],
garen,盖伦,音效,assets/audio/units/garen/play_sfx_garen_garenbasicattack_onhit_1559186049_1216965916_r1_d.wav,auto已抵消或播放后不高于原事件,20.0,-20.003,0.0,-0.0,0.99999999,/Users/czh/Projects/Clash Legends/ClashLegends-开发素材库/04-中间产物/素材加工/card_audio_batch/garen/txtp/Play_sfx_Garen_GarenBasicAttack_OnHit [1559186049=1216965916] {r1} {d}.txtp;/Users/czh/Projects/Clash Legends/ClashLegends-开发素材库/04-中间产物/素材加工/garen_base_audio/txtp/Play_sfx_Garen_GarenBasicAttack_OnHit [1559186049=1216965916] {r1} {d}.txtp,4c6ef3b1008b57362f4a289597aba50949fb326d35e7b3962b7996de50efd83e,.team0.form0.audio.attack_hit[4];.team1.form0.audio.attack_hit[4],
garen,盖伦,音效,assets/audio/units/garen/play_sfx_garen_garenbasicattack_onhit_1559186049_1216965916_r2_d.wav,auto已抵消或播放后不高于原事件,20.0,-20.003,0.0,-0.0,0.99999998,/Users/czh/Projects/Clash Legends/ClashLegends-开发素材库/04-中间产物/素材加工/card_audio_batch/garen/txtp/Play_sfx_Garen_GarenBasicAttack_OnHit [1559186049=1216965916] {r2} {d}.txtp;/Users/czh/Projects/Clash Legends/ClashLegends-开发素材库/04-中间产物/素材加工/garen_base_audio/txtp/Play_sfx_Garen_GarenBasicAttack_OnHit [1559186049=1216965916] {r2} {d}.txtp,8de081f84bec5028018b32a7b6e63d6dae5aedc66ec1af89b84f32f1cbcebfe8,.team0.form0.audio.attack_hit[5];.team1.form0.audio.attack_hit[5],
garen,盖伦,音效,assets/audio/units/garen/play_sfx_garen_garenbasicattack_onhit_1559186049_1216965916_r3_d.wav,auto已抵消或播放后不高于原事件,20.0,-20.003,0.0,-0.0,0.99999999,/Users/czh/Projects/Clash Legends/ClashLegends-开发素材库/04-中间产物/素材加工/card_audio_batch/garen/txtp/Play_sfx_Garen_GarenBasicAttack_OnHit [1559186049=1216965916] {r3} {d}.txtp;/Users/czh/Projects/Clash Legends/ClashLegends-开发素材库/04-中间产物/素材加工/garen_base_audio/txtp/Play_sfx_Garen_GarenBasicAttack_OnHit [1559186049=1216965916] {r3} {d}.txtp,0bf02b0ef3d19920bf7944014cf756c28059e78905bdd47327d6e7741261a167,.team0.form0.audio.attack_hit[6];.team1.form0.audio.attack_hit[6],
garen,盖伦,音效,assets/audio/units/garen/play_sfx_garen_garenbasicattack_onhit_1559186049_1216965916_r4_d.wav,auto已抵消或播放后不高于原事件,20.0,-20.002,0.0,-0.0,0.99999999,/Users/czh/Projects/Clash Legends/ClashLegends-开发素材库/04-中间产物/素材加工/card_audio_batch/garen/txtp/Play_sfx_Garen_GarenBasicAttack_OnHit [1559186049=1216965916] {r4} {d}.txtp;/Users/czh/Projects/Clash Legends/ClashLegends-开发素材库/04-中间产物/素材加工/garen_base_audio/txtp/Play_sfx_Garen_GarenBasicAttack_OnHit [1559186049=1216965916] {r4} {d}.txtp,6081239f9073e3def21378b31e1fe457566c8d5f542f68cd3fc758322b2e4e29,.team0.form0.audio.attack_hit[7];.team1.form0.audio.attack_hit[7],
garen,盖伦,音效,assets/audio/units/garen/play_sfx_garen_garenbasicattack_onhit_1559186049_2058049674_r1_d.wav,auto已抵消或播放后不高于原事件,21.0,-21.003,0.0,-0.0,0.99999999,/Users/czh/Projects/Clash Legends/ClashLegends-开发素材库/04-中间产物/素材加工/card_audio_batch/garen/txtp/Play_sfx_Garen_GarenBasicAttack_OnHit [1559186049=2058049674] {r1} {d}.txtp;/Users/czh/Projects/Clash Legends/ClashLegends-开发素材库/04-中间产物/素材加工/garen_base_audio/txtp/Play_sfx_Garen_GarenBasicAttack_OnHit [1559186049=2058049674] {r1} {d}.txtp,b4be02ebb21a5a6656b2f5d53fae477217122b8aafceeaeba0067a41d852d111,.team0.form0.audio.attack_hit[8];.team1.form0.audio.attack_hit[8],
garen,盖伦,音效,assets/audio/units/garen/play_sfx_garen_garenbasicattack_onhit_1559186049_2058049674_r2_d.wav,未发现自动增益残留（波形确认）,,-0.002,0.0,-0.0,0.99999999,/Users/czh/Projects/Clash Legends/ClashLegends-开发素材库/04-中间产物/素材加工/card_audio_batch/garen/txtp/Play_sfx_Garen_GarenBasicAttack_OnHit [1559186049=2058049674] {r2} {d}.txtp;/Users/czh/Projects/Clash Legends/ClashLegends-开发素材库/04-中间产物/素材加工/garen_base_audio/txtp/Play_sfx_Garen_GarenBasicAttack_OnHit [1559186049=2058049674] {r2} {d}.txtp,d65248818a0d3331051335bcfb352ed3de45412af2a33876c0331bb25d548ff0,.team0.form0.audio.attack_hit[9];.team1.form0.audio.attack_hit[9],
garen,盖伦,音效,assets/audio/units/garen/play_sfx_garen_garenbasicattack_onhit_1559186049_2058049674_r3_d.wav,auto已抵消或播放后不高于原事件,21.0,-21.003,0.0,-0.0,0.99999999,/Users/czh/Projects/Clash Legends/ClashLegends-开发素材库/04-中间产物/素材加工/card_audio_batch/garen/txtp/Play_sfx_Garen_GarenBasicAttack_OnHit [1559186049=2058049674] {r3} {d}.txtp;/Users/czh/Projects/Clash Legends/ClashLegends-开发素材库/04-中间产物/素材加工/garen_base_audio/txtp/Play_sfx_Garen_GarenBasicAttack_OnHit [1559186049=2058049674] {r3} {d}.txtp,5e43d2ea7e3cc7680c5f237769f25ddba152974cf0196cd2c63833fe40d4d237,.team0.form0.audio.attack_hit[10];.team1.form0.audio.attack_hit[10],
garen,盖伦,音效,assets/audio/units/garen/play_sfx_garen_garenbasicattack_onhit_1559186049_2058049674_r4_d.wav,auto已抵消或播放后不高于原事件,21.0,-21.003,0.0,-0.0,0.99999999,/Users/czh/Projects/Clash Legends/ClashLegends-开发素材库/04-中间产物/素材加工/card_audio_batch/garen/txtp/Play_sfx_Garen_GarenBasicAttack_OnHit [1559186049=2058049674] {r4} {d}.txtp;/Users/czh/Projects/Clash Legends/ClashLegends-开发素材库/04-中间产物/素材加工/garen_base_audio/txtp/Play_sfx_Garen_GarenBasicAttack_OnHit [1559186049=2058049674] {r4} {d}.txtp,3b8feddc0b0cf33eac64d4b1a5b4a3bfb56ac0e461ae826038cc3868480d8382,.team0.form0.audio.attack_hit[11];.team1.form0.audio.attack_hit[11],
garen,盖伦,音效,assets/audio/units/garen/play_sfx_garen_garenbasicattack_onhit_1559186049_2473969246_r1_d.wav,未发现自动增益残留（波形确认）,,-0.002,0.0,-0.0,0.99999999,/Users/czh/Projects/Clash Legends/ClashLegends-开发素材库/04-中间产物/素材加工/card_audio_batch/garen/txtp/Play_sfx_Garen_GarenBasicAttack_OnHit [1559186049=2473969246] {r1} {d}.txtp;/Users/czh/Projects/Clash Legends/ClashLegends-开发素材库/04-中间产物/素材加工/garen_base_audio/txtp/Play_sfx_Garen_GarenBasicAttack_OnHit [1559186049=2473969246] {r1} {d}.txtp,750a6c83877c7bb5d09ffd1b206cbe58e6919ff8ecb76f3c230d66cd961c1533,.team0.form0.audio.attack_hit[12];.team1.form0.audio.attack_hit[12],
garen,盖伦,音效,assets/audio/units/garen/play_sfx_garen_garenbasicattack_onhit_1559186049_2473969246_r2_d.wav,未发现自动增益残留（波形确认）,,-0.002,0.0,-0.0,0.99999999,/Users/czh/Projects/Clash Legends/ClashLegends-开发素材库/04-中间产物/素材加工/card_audio_batch/garen/txtp/Play_sfx_Garen_GarenBasicAttack_OnHit [1559186049=2473969246] {r2} {d}.txtp;/Users/czh/Projects/Clash Legends/ClashLegends-开发素材库/04-中间产物/素材加工/garen_base_audio/txtp/Play_sfx_Garen_GarenBasicAttack_OnHit [1559186049=2473969246] {r2} {d}.txtp,3e94f355562fa8136effe5e57cc134b8fbde6d7636c90ae91077130340d24a67,.team0.form0.audio.attack_hit[13];.team1.form0.audio.attack_hit[13],
garen,盖伦,音效,assets/audio/units/garen/play_sfx_garen_garenbasicattack_onhit_1559186049_2473969246_r3_d.wav,auto已抵消或播放后不高于原事件,19.0,-19.002,0.0,-0.0,0.99999999,/Users/czh/Projects/Clash Legends/ClashLegends-开发素材库/04-中间产物/素材加工/card_audio_batch/garen/txtp/Play_sfx_Garen_GarenBasicAttack_OnHit [1559186049=2473969246] {r3} {d}.txtp;/Users/czh/Projects/Clash Legends/ClashLegends-开发素材库/04-中间产物/素材加工/garen_base_audio/txtp/Play_sfx_Garen_GarenBasicAttack_OnHit [1559186049=2473969246] {r3} {d}.txtp,c29827f87cf41c0493166ebf9a0254d7a353ad3fc0cbc4aed8f4c66872be7f5d,.team0.form0.audio.attack_hit[14];.team1.form0.audio.attack_hit[14],
garen,盖伦,音效,assets/audio/units/garen/play_sfx_garen_garenbasicattack_onhit_1559186049_2473969246_r4_d.wav,未发现自动增益残留（波形确认）,,-0.003,0.0,-0.0,0.99999999,/Users/czh/Projects/Clash Legends/ClashLegends-开发素材库/04-中间产物/素材加工/card_audio_batch/garen/txtp/Play_sfx_Garen_GarenBasicAttack_OnHit [1559186049=2473969246] {r4} {d}.txtp;/Users/czh/Projects/Clash Legends/ClashLegends-开发素材库/04-中间产物/素材加工/garen_base_audio/txtp/Play_sfx_Garen_GarenBasicAttack_OnHit [1559186049=2473969246] {r4} {d}.txtp,fe73074af59cee1e03927021216c78cdd3f33b69381e57bd8bb3681de96e0a9d,.team0.form0.audio.attack_hit[15];.team1.form0.audio.attack_hit[15],
garen,盖伦,音效,assets/audio/units/garen/play_sfx_garen_garene_hit_r1.wav,未发现自动增益残留（波形确认）,,-0.004,0.0,-0.0,0.99999996,/Users/czh/Projects/Clash Legends/ClashLegends-开发素材库/04-中间产物/素材加工/card_audio_batch/garen/txtp/Play_sfx_Garen_GarenE_hit {r1}.txtp;/Users/czh/Projects/Clash Legends/ClashLegends-开发素材库/04-中间产物/素材加工/garen_base_audio/txtp/Play_sfx_Garen_GarenE_hit {r1}.txtp,6be7ce0c2a728865bad0c62d3baf60f828d61324cd64131137f8d063cf7d212e,.team0.form0.audio.events.judgment:hit.pool[0];.team1.form0.audio.events.judgment:hit.pool[0],
garen,盖伦,音效,assets/audio/units/garen/play_sfx_garen_garene_hit_r2.wav,auto已抵消或播放后不高于原事件,23.0,-23.004,0.0,-0.0,0.99999996,/Users/czh/Projects/Clash Legends/ClashLegends-开发素材库/04-中间产物/素材加工/card_audio_batch/garen/txtp/Play_sfx_Garen_GarenE_hit {r2}.txtp;/Users/czh/Projects/Clash Legends/ClashLegends-开发素材库/04-中间产物/素材加工/garen_base_audio/txtp/Play_sfx_Garen_GarenE_hit {r2}.txtp,f15f6853d1984ff81a5a8cf1beff8b2bf47eeba873d3631f2b918054db4c630b,.team0.form0.audio.events.judgment:hit.pool[1];.team1.form0.audio.events.judgment:hit.pool[1],
garen,盖伦,音效,assets/audio/units/garen/play_sfx_garen_garene_hit_r3.wav,未发现自动增益残留（波形确认）,,-0.005,0.0,-0.01,0.99999994,/Users/czh/Projects/Clash Legends/ClashLegends-开发素材库/04-中间产物/素材加工/card_audio_batch/garen/txtp/Play_sfx_Garen_GarenE_hit {r3}.txtp;/Users/czh/Projects/Clash Legends/ClashLegends-开发素材库/04-中间产物/素材加工/garen_base_audio/txtp/Play_sfx_Garen_GarenE_hit {r3}.txtp,6ab3675016a69d366da0ecf4fed362fddbf6cfb15c4f5c7257c74fd43aa31fc6,.team0.form0.audio.events.judgment:hit.pool[2];.team1.form0.audio.events.judgment:hit.pool[2],
garen,盖伦,音效,assets/audio/units/garen/play_sfx_garen_garene_hit_r4.wav,auto已抵消或播放后不高于原事件,23.0,-23.005,0.0,-0.0,0.99999994,/Users/czh/Projects/Clash Legends/ClashLegends-开发素材库/04-中间产物/素材加工/card_audio_batch/garen/txtp/Play_sfx_Garen_GarenE_hit {r4}.txtp;/Users/czh/Projects/Clash Legends/ClashLegends-开发素材库/04-中间产物/素材加工/garen_base_audio/txtp/Play_sfx_Garen_GarenE_hit {r4}.txtp,d1ecfe11fd82d15f6b0e54c8a530d2147b041d27482d7456c1c64498b7e5737a,.team0.form0.audio.events.judgment:hit.pool[3];.team1.form0.audio.events.judgment:hit.pool[3],
garen,盖伦,音效,assets/audio/units/garen/play_sfx_garen_garene_onbuffactivate_r1.wav,未发现自动增益残留（波形确认）,,-0.002,0.0,-0.0,1.0,/Users/czh/Projects/Clash Legends/ClashLegends-开发素材库/04-中间产物/素材加工/card_audio_batch/garen/txtp/Play_sfx_Garen_GarenE_OnBuffActivate {r1}.txtp;/Users/czh/Projects/Clash Legends/ClashLegends-开发素材库/04-中间产物/素材加工/garen_base_audio/txtp/Play_sfx_Garen_GarenE_OnBuffActivate {r1}.txtp,e503e0274668171f49a3675a4ea10daeab757564ad99dad8e7f657b046fad723,.team0.form0.audio.events.judgment:sustain.pool[0];.team1.form0.audio.events.judgment:sustain.pool[0],
garen,盖伦,音效,assets/audio/units/garen/play_sfx_garen_garene_onbuffactivate_r2.wav,未发现自动增益残留（波形确认）,,-0.002,0.0,-0.0,0.99999999,/Users/czh/Projects/Clash Legends/ClashLegends-开发素材库/04-中间产物/素材加工/card_audio_batch/garen/txtp/Play_sfx_Garen_GarenE_OnBuffActivate {r2}.txtp;/Users/czh/Projects/Clash Legends/ClashLegends-开发素材库/04-中间产物/素材加工/garen_base_audio/txtp/Play_sfx_Garen_GarenE_OnBuffActivate {r2}.txtp,458bb53f98761b33b6e00418288ee57ce33a0a9f175bbf0fc9edd9483b3a34a5,.team0.form0.audio.events.judgment:sustain.pool[1];.team1.form0.audio.events.judgment:sustain.pool[1],
garen,盖伦,音效,assets/audio/units/garen/play_sfx_garen_garene_onbuffactivate_r3.wav,未发现自动增益残留（波形确认）,,-0.002,0.0,-0.0,1.0,/Users/czh/Projects/Clash Legends/ClashLegends-开发素材库/04-中间产物/素材加工/card_audio_batch/garen/txtp/Play_sfx_Garen_GarenE_OnBuffActivate {r3}.txtp;/Users/czh/Projects/Clash Legends/ClashLegends-开发素材库/04-中间产物/素材加工/garen_base_audio/txtp/Play_sfx_Garen_GarenE_OnBuffActivate {r3}.txtp,33245e6aedbcc314d54abc53f3c89eff28155e4ab566e659374b850433179f20,.team0.form0.audio.events.judgment:sustain.pool[2];.team1.form0.audio.events.judgment:sustain.pool[2],
garen,盖伦,音效,assets/audio/units/garen/play_sfx_garen_garene_onbuffdeactivate_r1.wav,未发现自动增益残留（波形确认）,,-0.004,0.0,-0.0,0.99999998,/Users/czh/Projects/Clash Legends/ClashLegends-开发素材库/04-中间产物/素材加工/card_audio_batch/garen/txtp/Play_sfx_Garen_GarenE_OnBuffDeactivate {r1}.txtp;/Users/czh/Projects/Clash Legends/ClashLegends-开发素材库/04-中间产物/素材加工/garen_base_audio/txtp/Play_sfx_Garen_GarenE_OnBuffDeactivate {r1}.txtp,4581e21617aa4cd78735f98f604a63a2c399be3b607a22957e7682e5a37610e5,.team0.form0.audio.events.judgment:end.pool[0];.team1.form0.audio.events.judgment:end.pool[0],
garen,盖伦,音效,assets/audio/units/garen/play_sfx_garen_garene_onbuffdeactivate_r2.wav,未发现自动增益残留（波形确认）,,-0.003,0.0,-0.0,0.99999998,/Users/czh/Projects/Clash Legends/ClashLegends-开发素材库/04-中间产物/素材加工/card_audio_batch/garen/txtp/Play_sfx_Garen_GarenE_OnBuffDeactivate {r2}.txtp;/Users/czh/Projects/Clash Legends/ClashLegends-开发素材库/04-中间产物/素材加工/garen_base_audio/txtp/Play_sfx_Garen_GarenE_OnBuffDeactivate {r2}.txtp,cde361f6deb13f0070f8caba7d9f8fdd78bffa6733759ee34c607d3abd220752,.team0.form0.audio.events.judgment:end.pool[1];.team1.form0.audio.events.judgment:end.pool[1],
garen,盖伦,音效,assets/audio/units/garen/play_sfx_garen_garene_onbuffdeactivate_r3.wav,auto已抵消或播放后不高于原事件,23.0,-23.003,0.0,-0.0,0.99999998,/Users/czh/Projects/Clash Legends/ClashLegends-开发素材库/04-中间产物/素材加工/card_audio_batch/garen/txtp/Play_sfx_Garen_GarenE_OnBuffDeactivate {r3}.txtp;/Users/czh/Projects/Clash Legends/ClashLegends-开发素材库/04-中间产物/素材加工/garen_base_audio/txtp/Play_sfx_Garen_GarenE_OnBuffDeactivate {r3}.txtp,1873a697e26ff7969e4d8f189d1be87b8d182b900dbd6aa9b4700f2e5a4bf43e,.team0.form0.audio.events.judgment:end.pool[2];.team1.form0.audio.events.judgment:end.pool[2],
garen,盖伦,音效,assets/audio/units/garen/play_sfx_garen_garene_oncast_r1.wav,auto已抵消或播放后不高于原事件,18.0,-18.002,0.0,-0.0,1.0,/Users/czh/Projects/Clash Legends/ClashLegends-开发素材库/04-中间产物/素材加工/card_audio_batch/garen/txtp/Play_sfx_Garen_GarenE_OnCast {r1}.txtp;/Users/czh/Projects/Clash Legends/ClashLegends-开发素材库/04-中间产物/素材加工/garen_base_audio/txtp/Play_sfx_Garen_GarenE_OnCast {r1}.txtp,e50c11b4690157a69ae69bec6e5f9903e0ed91a924c9233d7ce117f4f4f0f6b3,.team0.form0.audio.events.judgment:start.pool[0];.team1.form0.audio.events.judgment:start.pool[0],
garen,盖伦,音效,assets/audio/units/garen/play_sfx_garen_garene_oncast_r2.wav,auto已抵消或播放后不高于原事件,18.0,-18.002,0.0,-0.0,1.0,/Users/czh/Projects/Clash Legends/ClashLegends-开发素材库/04-中间产物/素材加工/card_audio_batch/garen/txtp/Play_sfx_Garen_GarenE_OnCast {r2}.txtp;/Users/czh/Projects/Clash Legends/ClashLegends-开发素材库/04-中间产物/素材加工/garen_base_audio/txtp/Play_sfx_Garen_GarenE_OnCast {r2}.txtp,d819c136b3504f68b3a2d29c8a395c14487b6633b83c3d40545539ea5b9af7aa,.team0.form0.audio.events.judgment:start.pool[1];.team1.form0.audio.events.judgment:start.pool[1],
garen,盖伦,音效,assets/audio/units/garen/play_sfx_garen_garene_oncast_r3.wav,auto已抵消或播放后不高于原事件,18.0,-18.002,0.0,-0.0,1.0,/Users/czh/Projects/Clash Legends/ClashLegends-开发素材库/04-中间产物/素材加工/card_audio_batch/garen/txtp/Play_sfx_Garen_GarenE_OnCast {r3}.txtp;/Users/czh/Projects/Clash Legends/ClashLegends-开发素材库/04-中间产物/素材加工/garen_base_audio/txtp/Play_sfx_Garen_GarenE_OnCast {r3}.txtp,a2398f2f9f731135139231a3ea57887416f2d75f445a7a1c8c1be64170a0d22d,.team0.form0.audio.events.judgment:start.pool[2];.team1.form0.audio.events.judgment:start.pool[2],
garen,盖伦,音效,assets/audio/units/garen/play_sfx_garen_garenq_onbuffactivate_r1.wav,未发现自动增益残留（波形确认）,,-0.006,0.0,-0.01,0.99999991,/Users/czh/Projects/Clash Legends/ClashLegends-开发素材库/04-中间产物/素材加工/garen_base_audio/txtp/Play_sfx_Garen_GarenQ_OnBuffActivate {r1}.txtp,c7ad008c01001aa2afc8265b723c79addccc8ed417d10f5e71e6d88053ccb106,.team0.form0.audio.events.empowered_buff:start.pool[0];.team1.form0.audio.events.empowered_buff:start.pool[0],
garen,盖伦,音效,assets/audio/units/garen/play_sfx_garen_garenq_onbuffactivate_r2.wav,未发现自动增益残留（波形确认）,,-0.003,0.0,-0.0,0.99999999,/Users/czh/Projects/Clash Legends/ClashLegends-开发素材库/04-中间产物/素材加工/garen_base_audio/txtp/Play_sfx_Garen_GarenQ_OnBuffActivate {r2}.txtp,095188cd6b6c166ebde0ce7622aaae03f96c336cd3c9ae9a424254d3953264e6,.team0.form0.audio.events.empowered_buff:start.pool[1];.team1.form0.audio.events.empowered_buff:start.pool[1],
garen,盖伦,音效,assets/audio/units/garen/play_sfx_garen_garenq_onbuffdeactivate.wav,未发现自动增益残留（波形确认）,,-0.002,0.0,-0.0,0.99999998,/Users/czh/Projects/Clash Legends/ClashLegends-开发素材库/04-中间产物/素材加工/garen_base_audio/txtp/Play_sfx_Garen_GarenQ_OnBuffDeactivate.txtp,c9f9f8e63b859edc183cb5256ffba0a8241b879d90ffbc57605d7203cbd5810b,.team0.form0.audio.events.empowered_buff:end.pool[0];.team1.form0.audio.events.empowered_buff:end.pool[0],
garen,盖伦,音效,assets/audio/units/garen/play_sfx_garen_garenq_oncast_r1.wav,auto已抵消或播放后不高于原事件,16.0,-16.002,0.0,-0.0,1.0,/Users/czh/Projects/Clash Legends/ClashLegends-开发素材库/04-中间产物/素材加工/card_audio_batch/garen/txtp/Play_sfx_Garen_GarenQ_OnCast {r1}.txtp;/Users/czh/Projects/Clash Legends/ClashLegends-开发素材库/04-中间产物/素材加工/garen_base_audio/txtp/Play_sfx_Garen_GarenQ_OnCast {r1}.txtp,518fe41a0e0ced0c880bfd6592f9c8923829674fe9c3c466ac5b5ffc1376de74,.team0.form0.audio.events.empowered_ready.pool[0];.team1.form0.audio.events.empowered_ready.pool[0],
garen,盖伦,音效,assets/audio/units/garen/play_sfx_garen_garenq_oncast_r2.wav,auto已抵消或播放后不高于原事件,16.0,-16.002,0.0,-0.0,1.0,/Users/czh/Projects/Clash Legends/ClashLegends-开发素材库/04-中间产物/素材加工/card_audio_batch/garen/txtp/Play_sfx_Garen_GarenQ_OnCast {r2}.txtp;/Users/czh/Projects/Clash Legends/ClashLegends-开发素材库/04-中间产物/素材加工/garen_base_audio/txtp/Play_sfx_Garen_GarenQ_OnCast {r2}.txtp,ddc2f4ebb8b77dfef3e65fd2c1109e8195f501172303e52057839ecef82e4e49,.team0.form0.audio.events.empowered_ready.pool[1];.team1.form0.audio.events.empowered_ready.pool[1],
garen,盖伦,音效,assets/audio/units/garen/play_sfx_garen_garenq_oncast_r3.wav,auto已抵消或播放后不高于原事件,16.0,-16.002,0.0,-0.0,1.0,/Users/czh/Projects/Clash Legends/ClashLegends-开发素材库/04-中间产物/素材加工/card_audio_batch/garen/txtp/Play_sfx_Garen_GarenQ_OnCast {r3}.txtp;/Users/czh/Projects/Clash Legends/ClashLegends-开发素材库/04-中间产物/素材加工/garen_base_audio/txtp/Play_sfx_Garen_GarenQ_OnCast {r3}.txtp,4b882014d8dfd1c81f60369fc3a451ac9ebd1dcc2d790fafed95cd699012ac29,.team0.form0.audio.events.empowered_ready.pool[2];.team1.form0.audio.events.empowered_ready.pool[2],
garen,盖伦,音效,assets/audio/units/garen/play_sfx_garen_garenqattack_oncast_r.wav,auto已抵消或播放后不高于原事件,16.0,-16.001,0.0,-0.0,1.0,/Users/czh/Projects/Clash Legends/ClashLegends-开发素材库/04-中间产物/素材加工/card_audio_batch/garen/txtp/Play_sfx_Garen_GarenQAttack_OnCast {r}.txtp;/Users/czh/Projects/Clash Legends/ClashLegends-开发素材库/04-中间产物/素材加工/garen_base_audio/txtp/Play_sfx_Garen_GarenQAttack_OnCast {r}.txtp,2bcb0a6e2d032c19e9edcfac8a928f5a5ca9557acefa1aad58c27c6b9fa02fe5,.team0.form0.audio.events.empowered_swing.pool[0];.team1.form0.audio.events.empowered_swing.pool[0],
garen,盖伦,语音,assets/audio/units/garen/play_vo_garen_move2dstandard_r11_zh_cn.wav,自动增益残留（波形确认）,14.0,-0.001,0.0,14.0,1.0,/Users/czh/Projects/Clash Legends/ClashLegends-开发素材库/02-候选讨论/音频/来源批次/garen_select_review_20260914/txtp/Play_vo_Garen_Move2DStandard {r11}.txtp,0de0fc5a9a5cf858368e3db1643ef97ffdc4bf69ad08c1e7e9a37ec0284848cb,.team0.form0.audio.events.deploy:voice.pool[2];.team1.form0.audio.events.deploy:voice.pool[2],
garen,盖伦,语音,assets/audio/units/garen/play_vo_garen_move2dstandard_r16_zh_cn.wav,自动增益残留（波形确认）,14.0,-0.001,0.0,14.0,1.0,/Users/czh/Projects/Clash Legends/ClashLegends-开发素材库/02-候选讨论/音频/来源批次/garen_select_review_20260914/txtp/Play_vo_Garen_Move2DStandard {r16}.txtp,11a8d492b7c6bc4a6ec1ce57bb7e639b668a36f75d27072b2feeec0b3e4daa93,.team0.form0.audio.events.deploy:voice.pool[1];.team1.form0.audio.events.deploy:voice.pool[1],
gnar,纳尔,音效,assets/audio/units/gnar/play_sfx_gnar_gnarbasicattack2_oncast_r1.wav,未发现自动增益残留（波形确认）,,-0.003,-3.0,-3.0,0.99999997,/Users/czh/Projects/Clash Legends/ClashLegends-开发素材库/04-中间产物/素材加工/card_audio_batch/gnar/txtp/Play_sfx_Gnar_GnarBasicAttack2_OnCast {r1}.txtp,25a70e21f9491f9dbd3ba3a7679ae129a6a46896ac9887561aaa1cf370695bc7,.team0.form0.audio.attack_swing[1][0];.team1.form0.audio.attack_swing[1][0],
gnar,纳尔,音效,assets/audio/units/gnar/play_sfx_gnar_gnarbasicattack2_oncast_r2.wav,未发现自动增益残留（波形确认）,,-0.002,-3.0,-3.0,0.99999998,/Users/czh/Projects/Clash Legends/ClashLegends-开发素材库/04-中间产物/素材加工/card_audio_batch/gnar/txtp/Play_sfx_Gnar_GnarBasicAttack2_OnCast {r2}.txtp,326a6ce0c06765a838f19647a694b9bd3e126ade55d35715a41fc4a7ec5da194,.team0.form0.audio.attack_swing[1][1];.team1.form0.audio.attack_swing[1][1],
gnar,纳尔,音效,assets/audio/units/gnar/play_sfx_gnar_gnarbasicattack2_oncast_r3.wav,未发现自动增益残留（波形确认）,,-0.002,-3.0,-3.0,0.99999998,/Users/czh/Projects/Clash Legends/ClashLegends-开发素材库/04-中间产物/素材加工/card_audio_batch/gnar/txtp/Play_sfx_Gnar_GnarBasicAttack2_OnCast {r3}.txtp,4a5d85727d76cc9c48bdb807ce90d114f8c4d2b82096c206daa262a69a79f5ab,.team0.form0.audio.attack_swing[1][2];.team1.form0.audio.attack_swing[1][2],
gnar,纳尔,音效,assets/audio/units/gnar/play_sfx_gnar_gnarbasicattack_oncast_r1_d.wav,未发现自动增益残留（波形确认）,,-0.003,-3.0,-3.0,0.99999997,/Users/czh/Projects/Clash Legends/ClashLegends-开发素材库/04-中间产物/素材加工/card_audio_batch/gnar/txtp/Play_sfx_Gnar_GnarBasicAttack_OnCast {r1} {d}.txtp,25a70e21f9491f9dbd3ba3a7679ae129a6a46896ac9887561aaa1cf370695bc7,.team0.form0.audio.attack_swing[0][0];.team1.form0.audio.attack_swing[0][0],
gnar,纳尔,音效,assets/audio/units/gnar/play_sfx_gnar_gnarbasicattack_oncast_r2_d.wav,未发现自动增益残留（波形确认）,,-0.002,-3.0,-3.0,0.99999998,/Users/czh/Projects/Clash Legends/ClashLegends-开发素材库/04-中间产物/素材加工/card_audio_batch/gnar/txtp/Play_sfx_Gnar_GnarBasicAttack_OnCast {r2} {d}.txtp,326a6ce0c06765a838f19647a694b9bd3e126ade55d35715a41fc4a7ec5da194,.team0.form0.audio.attack_swing[0][1];.team1.form0.audio.attack_swing[0][1],
gnar,纳尔,音效,assets/audio/units/gnar/play_sfx_gnar_gnarbasicattack_oncast_r3_d.wav,未发现自动增益残留（波形确认）,,-0.002,-3.0,-3.0,0.99999998,/Users/czh/Projects/Clash Legends/ClashLegends-开发素材库/04-中间产物/素材加工/card_audio_batch/gnar/txtp/Play_sfx_Gnar_GnarBasicAttack_OnCast {r3} {d}.txtp,4a5d85727d76cc9c48bdb807ce90d114f8c4d2b82096c206daa262a69a79f5ab,.team0.form0.audio.attack_swing[0][2];.team1.form0.audio.attack_swing[0][2],
gnar,纳尔,音效,assets/audio/units/gnar/play_sfx_gnar_gnarbasicattack_onhit_r1_d.wav,未发现自动增益残留（波形确认）,,-0.003,-5.0,-5.0,0.99999998,/Users/czh/Projects/Clash Legends/ClashLegends-开发素材库/04-中间产物/素材加工/card_audio_batch/gnar/txtp/Play_sfx_Gnar_GnarBasicAttack_OnHit {r1} {d}.txtp,d315d691e577f814099e4c78377b9f6235bd18bf97479aa12f905afc39ce146f,.team0.form0.audio.attack_hit[0];.team1.form0.audio.attack_hit[0],
gnar,纳尔,音效,assets/audio/units/gnar/play_sfx_gnar_gnarbasicattack_onhit_r2_d.wav,未发现自动增益残留（波形确认）,,-0.002,-5.0,-5.0,0.99999998,/Users/czh/Projects/Clash Legends/ClashLegends-开发素材库/04-中间产物/素材加工/card_audio_batch/gnar/txtp/Play_sfx_Gnar_GnarBasicAttack_OnHit {r2} {d}.txtp,3fa0f0b2e1fedb4afc65acde18aad5039258dc4c7ffde4a6fe6b5f52ccc2275f,.team0.form0.audio.attack_hit[1];.team1.form0.audio.attack_hit[1],
gnar,纳尔,音效,assets/audio/units/gnar/play_sfx_gnar_gnarbasicattack_onhit_r3_d.wav,未发现自动增益残留（波形确认）,,-0.003,-5.0,-5.0,0.99999998,/Users/czh/Projects/Clash Legends/ClashLegends-开发素材库/04-中间产物/素材加工/card_audio_batch/gnar/txtp/Play_sfx_Gnar_GnarBasicAttack_OnHit {r3} {d}.txtp,ea39ebfe4b220fc83e7e594147a4d959df0da61c9b938da1bec06be8d0b3ca15,.team0.form0.audio.attack_hit[2];.team1.form0.audio.attack_hit[2],
gnar,纳尔,音效,assets/audio/units/gnar/play_sfx_gnar_gnarbasicattack_onmissilelaunch_r1_d.wav,未发现自动增益残留（波形确认）,,-0.004,0.0,-0.0,0.99999995,/Users/czh/Projects/Clash Legends/ClashLegends-开发素材库/04-中间产物/素材加工/card_audio_batch/gnar/txtp/Play_sfx_Gnar_GnarBasicAttack_OnMissileLaunch {r1} {d}.txtp,2a7286d3bdbeb647ef3bb002978eb7d63f2d631ea2fadd3edead756598337988,.team0.form0.audio.events.attack_launch.pool[0];.team1.form0.audio.events.attack_launch.pool[0],
gnar,纳尔,音效,assets/audio/units/gnar/play_sfx_gnar_gnarbasicattack_onmissilelaunch_r2_d.wav,未发现自动增益残留（波形确认）,,-0.004,0.0,-0.0,0.99999994,/Users/czh/Projects/Clash Legends/ClashLegends-开发素材库/04-中间产物/素材加工/card_audio_batch/gnar/txtp/Play_sfx_Gnar_GnarBasicAttack_OnMissileLaunch {r2} {d}.txtp,868ddc3f62d35b5a2f20425ed08e964805c6e190c91193955d20aace6bd9cfe1,.team0.form0.audio.events.attack_launch.pool[1];.team1.form0.audio.events.attack_launch.pool[1],
gnar,纳尔,音效,assets/audio/units/gnar/play_sfx_gnar_gnarbasicattack_onmissilelaunch_r3_d.wav,未发现自动增益残留（波形确认）,,-0.004,0.0,-0.0,0.99999994,/Users/czh/Projects/Clash Legends/ClashLegends-开发素材库/04-中间产物/素材加工/card_audio_batch/gnar/txtp/Play_sfx_Gnar_GnarBasicAttack_OnMissileLaunch {r3} {d}.txtp,87da2c59f685d62333d81152fc77a8dad1f0f555f086af31bc27ce18ea0d626d,.team0.form0.audio.events.attack_launch.pool[2];.team1.form0.audio.events.attack_launch.pool[2],
gnar,纳尔,音效,assets/audio/units/gnar/play_sfx_gnar_gnarbigbasicattack2_oncast_r1_d.wav,未发现自动增益残留（波形确认）,,-0.002,-3.0,-3.0,0.99999999,/Users/czh/Projects/Clash Legends/ClashLegends-开发素材库/04-中间产物/素材加工/card_audio_batch/gnar/txtp/Play_sfx_Gnar_GnarBigBasicAttack2_OnCast {r1} {d}.txtp,ee1513265addceb89e51c25a45ef6d3315a998d1745f5542e67a5bdd93071253,.team0.form1.audio.attack_swing[1][0];.team1.form1.audio.attack_swing[1][0],
gnar,纳尔,音效,assets/audio/units/gnar/play_sfx_gnar_gnarbigbasicattack2_oncast_r2_d.wav,未发现自动增益残留（波形确认）,,-0.001,-3.0,-3.0,1.0,/Users/czh/Projects/Clash Legends/ClashLegends-开发素材库/04-中间产物/素材加工/card_audio_batch/gnar/txtp/Play_sfx_Gnar_GnarBigBasicAttack2_OnCast {r2} {d}.txtp,b406258a8aca6b33b222b59690f9e67bd1d7af3dcb9e0aeadb079347a266d449,.team0.form1.audio.attack_swing[1][1];.team1.form1.audio.attack_swing[1][1],
gnar,纳尔,音效,assets/audio/units/gnar/play_sfx_gnar_gnarbigbasicattack2_oncast_r3_d.wav,未发现自动增益残留（波形确认）,,-0.002,-3.0,-3.0,0.99999999,/Users/czh/Projects/Clash Legends/ClashLegends-开发素材库/04-中间产物/素材加工/card_audio_batch/gnar/txtp/Play_sfx_Gnar_GnarBigBasicAttack2_OnCast {r3} {d}.txtp,f39d9375e192616875a9819adc1a736e0bcb98424c43318eaa043dcc23a192b7,.team0.form1.audio.attack_swing[1][2];.team1.form1.audio.attack_swing[1][2],
gnar,纳尔,音效,assets/audio/units/gnar/play_sfx_gnar_gnarbigbasicattack_oncast_r1_d.wav,未发现自动增益残留（波形确认）,,-0.002,-3.0,-3.0,0.99999999,/Users/czh/Projects/Clash Legends/ClashLegends-开发素材库/04-中间产物/素材加工/card_audio_batch/gnar/txtp/Play_sfx_Gnar_GnarBigBasicAttack_OnCast {r1} {d}.txtp,ee1513265addceb89e51c25a45ef6d3315a998d1745f5542e67a5bdd93071253,.team0.form1.audio.attack_swing[0][0];.team1.form1.audio.attack_swing[0][0],
gnar,纳尔,音效,assets/audio/units/gnar/play_sfx_gnar_gnarbigbasicattack_oncast_r2_d.wav,未发现自动增益残留（波形确认）,,-0.001,-3.0,-3.0,1.0,/Users/czh/Projects/Clash Legends/ClashLegends-开发素材库/04-中间产物/素材加工/card_audio_batch/gnar/txtp/Play_sfx_Gnar_GnarBigBasicAttack_OnCast {r2} {d}.txtp,b406258a8aca6b33b222b59690f9e67bd1d7af3dcb9e0aeadb079347a266d449,.team0.form1.audio.attack_swing[0][1];.team1.form1.audio.attack_swing[0][1],
gnar,纳尔,音效,assets/audio/units/gnar/play_sfx_gnar_gnarbigbasicattack_oncast_r3_d.wav,未发现自动增益残留（波形确认）,,-0.002,-3.0,-3.0,0.99999999,/Users/czh/Projects/Clash Legends/ClashLegends-开发素材库/04-中间产物/素材加工/card_audio_batch/gnar/txtp/Play_sfx_Gnar_GnarBigBasicAttack_OnCast {r3} {d}.txtp,f39d9375e192616875a9819adc1a736e0bcb98424c43318eaa043dcc23a192b7,.team0.form1.audio.attack_swing[0][2];.team1.form1.audio.attack_swing[0][2],
gnar,纳尔,音效,assets/audio/units/gnar/play_sfx_gnar_gnarbigbasicattack_onhit_r1_d.wav,未发现自动增益残留（波形确认）,,-0.001,-5.0,-5.0,1.0,/Users/czh/Projects/Clash Legends/ClashLegends-开发素材库/04-中间产物/素材加工/card_audio_batch/gnar/txtp/Play_sfx_Gnar_GnarBigBasicAttack_OnHit {r1} {d}.txtp,51a3e0eeda10cfa11b83340a94d0042a6e4642e38e1af09e7a4a7e88a1431168,.team0.form1.audio.attack_hit[0];.team1.form1.audio.attack_hit[0],
gnar,纳尔,音效,assets/audio/units/gnar/play_sfx_gnar_gnarbigbasicattack_onhit_r2_d.wav,未发现自动增益残留（波形确认）,,-0.001,-5.0,-5.0,1.0,/Users/czh/Projects/Clash Legends/ClashLegends-开发素材库/04-中间产物/素材加工/card_audio_batch/gnar/txtp/Play_sfx_Gnar_GnarBigBasicAttack_OnHit {r2} {d}.txtp,b562525d8076da92c164ab1bd32e2ec922e0b9985d789a31a341bdf37cbbc94e,.team0.form1.audio.attack_hit[1];.team1.form1.audio.attack_hit[1],
gnar,纳尔,音效,assets/audio/units/gnar/play_sfx_gnar_gnarbigbasicattack_onhit_r3_d.wav,未发现自动增益残留（波形确认）,,-0.001,-5.0,-5.0,1.0,/Users/czh/Projects/Clash Legends/ClashLegends-开发素材库/04-中间产物/素材加工/card_audio_batch/gnar/txtp/Play_sfx_Gnar_GnarBigBasicAttack_OnHit {r3} {d}.txtp,ac5fc7832758ffff6a11694df187936badb859fc3fee4b1428aff848a8b57a16,.team0.form1.audio.attack_hit[2];.team1.form1.audio.attack_hit[2],
gnar,纳尔,音效,assets/audio/units/gnar/play_sfx_gnar_gnarbigw_hit2_r1.wav,未发现自动增益残留（波形确认）,,-0.002,0.0,-0.0,0.99999999,/Users/czh/Projects/Clash Legends/ClashLegends-开发素材库/04-中间产物/素材加工/card_audio_batch/gnar/txtp/Play_sfx_Gnar_GnarBigW_hit2 {r1}.txtp,92c9ae03fa576af1ac1c0ba044d32a997d5bfda4ac761acd9b2c0d32b9dcf305,.team0.form1.audio.events.active:hit.pool[0];.team0.form1.audio.events.transform_active:hit.pool[0];.team1.form1.audio.events.active:hit.pool[0];.team1.form1.audio.events.transform_active:hit.pool[0],
gnar,纳尔,音效,assets/audio/units/gnar/play_sfx_gnar_gnarbigw_hit2_r2.wav,未发现自动增益残留（波形确认）,,-0.002,0.0,-0.0,0.99999999,/Users/czh/Projects/Clash Legends/ClashLegends-开发素材库/04-中间产物/素材加工/card_audio_batch/gnar/txtp/Play_sfx_Gnar_GnarBigW_hit2 {r2}.txtp,1912ac5e6989db920f8c441c5771e35ad74ff3a51777982b4fee78efd42471b5,.team0.form1.audio.events.active:hit.pool[1];.team0.form1.audio.events.transform_active:hit.pool[1];.team1.form1.audio.events.active:hit.pool[1];.team1.form1.audio.events.transform_active:hit.pool[1],
gnar,纳尔,音效,assets/audio/units/gnar/play_sfx_gnar_gnarbigw_hit2_r3.wav,未发现自动增益残留（波形确认）,,-0.002,0.0,-0.0,0.99999999,/Users/czh/Projects/Clash Legends/ClashLegends-开发素材库/04-中间产物/素材加工/card_audio_batch/gnar/txtp/Play_sfx_Gnar_GnarBigW_hit2 {r3}.txtp,e9d294bc3270321045b8376489e123d1e59713ea604ea9c8423a15d36dae0095,.team0.form1.audio.events.active:hit.pool[2];.team0.form1.audio.events.transform_active:hit.pool[2];.team1.form1.audio.events.active:hit.pool[2];.team1.form1.audio.events.transform_active:hit.pool[2],
gnar,纳尔,音效,assets/audio/units/gnar/play_sfx_gnar_gnarbigw_oncast_r.wav,未发现自动增益残留（波形确认）,,-0.001,0.0,-0.0,1.0,/Users/czh/Projects/Clash Legends/ClashLegends-开发素材库/04-中间产物/素材加工/card_audio_batch/gnar/txtp/Play_sfx_Gnar_GnarBigW_OnCast {r}.txtp,a74d57c83e127613ca7467fd2657605c6b54849bd85154cffaa1d24f01986c81,.team0.form1.audio.events.active:sustain.pool[0];.team0.form1.audio.events.transform_active:sustain.pool[0];.team1.form1.audio.events.active:sustain.pool[0];.team1.form1.audio.events.transform_active:sustain.pool[0],
gnar,纳尔,音效,assets/audio/units/gnar/play_sfx_gnar_gnartransform_onbuffactivate_r1.wav,未发现自动增益残留（波形确认）,,-0.001,0.0,-0.0,1.0,/Users/czh/Projects/Clash Legends/ClashLegends-开发素材库/04-中间产物/素材加工/card_audio_batch/gnar/txtp/Play_sfx_Gnar_GnarTransform_OnBuffActivate {r1}.txtp,d6295fd995d3e97d231f28f38ed0f7faae23a132ff826e51b3be98d6074639ef,.team0.form1.audio.events.transform:sustain.pool[0];.team1.form1.audio.events.transform:sustain.pool[0],
gnar,纳尔,音效,assets/audio/units/gnar/play_sfx_gnar_gnartransform_onbuffactivate_r2.wav,未发现自动增益残留（波形确认）,,-0.001,0.0,-0.0,1.0,/Users/czh/Projects/Clash Legends/ClashLegends-开发素材库/04-中间产物/素材加工/card_audio_batch/gnar/txtp/Play_sfx_Gnar_GnarTransform_OnBuffActivate {r2}.txtp,92b15618c96733368c09f2a048623882b99494443af7bc6a23bae4979331425f,.team0.form1.audio.events.transform:sustain.pool[1];.team1.form1.audio.events.transform:sustain.pool[1],
gnar,纳尔,音效,assets/audio/units/gnar/play_sfx_gnar_gnartransform_onbuffactivate_r3.wav,未发现自动增益残留（波形确认）,,-0.002,0.0,-0.0,1.0,/Users/czh/Projects/Clash Legends/ClashLegends-开发素材库/04-中间产物/素材加工/card_audio_batch/gnar/txtp/Play_sfx_Gnar_GnarTransform_OnBuffActivate {r3}.txtp,36ae1c6ebd1365dfe9c9aceafb1a84ec86514bdc5c00b3e6803204e63c51b320,.team0.form1.audio.events.transform:sustain.pool[2];.team1.form1.audio.events.transform:sustain.pool[2],
gnar,纳尔,音效,assets/audio/units/gnar/play_sfx_gnar_gnartransformback_buffactivate_r1.wav,未发现自动增益残留（波形确认）,,-0.002,0.0,-0.0,1.0,/Users/czh/Projects/Clash Legends/ClashLegends-开发素材库/04-中间产物/素材加工/card_audio_batch/gnar/txtp/Play_sfx_Gnar_GnarTransformBack_buffactivate {r1}.txtp,e10c92499616fa85eabd72d7281eba44348a88f203eeab6e795b3670dcfdfb81,.team0.form0.audio.events.revert:sustain.pool[0];.team1.form0.audio.events.revert:sustain.pool[0],
gnar,纳尔,音效,assets/audio/units/gnar/play_sfx_gnar_gnartransformback_buffactivate_r2.wav,未发现自动增益残留（波形确认）,,-0.002,0.0,-0.0,0.99999999,/Users/czh/Projects/Clash Legends/ClashLegends-开发素材库/04-中间产物/素材加工/card_audio_batch/gnar/txtp/Play_sfx_Gnar_GnarTransformBack_buffactivate {r2}.txtp,3fb2f7b1acf5cc3353036fedfb43ad7109e318efbd7cd6b637855889b87cc8d2,.team0.form0.audio.events.revert:sustain.pool[1];.team1.form0.audio.events.revert:sustain.pool[1],
gnar,纳尔,音效,assets/audio/units/gnar/play_sfx_gnar_gnartransformback_buffactivate_r3.wav,未发现自动增益残留（波形确认）,,-0.002,0.0,-0.0,0.99999999,/Users/czh/Projects/Clash Legends/ClashLegends-开发素材库/04-中间产物/素材加工/card_audio_batch/gnar/txtp/Play_sfx_Gnar_GnarTransformBack_buffactivate {r3}.txtp,f189879cdd972304e143dec80f6eb02c5f61a411eb127681b9b3f1107960b9fb,.team0.form0.audio.events.revert:sustain.pool[2];.team1.form0.audio.events.revert:sustain.pool[2],
gnar,纳尔,语音,assets/audio/units/gnar/play_vo_gnar_attack2dgeneral_r1_en_us.wav,自动增益残留（波形确认）,11.0,-0.001,0.0,11.0,1.0,/Users/czh/Projects/Clash Legends/ClashLegends-开发素材库/02-候选讨论/音频/来源批次/deployment_audio_review/voice_candidates_all_20260914/gnar/txtp/Play_vo_Gnar_Attack2DGeneral {r1}.txtp,0be57ca5336552c6a6ef95d3b0909695c9ba5bbeeeced63ae5e24b8f21968582,.team0.form0.audio.events.deploy:voice.pool[0];.team1.form0.audio.events.deploy:voice.pool[0],
gnar,纳尔,语音,assets/audio/units/gnar/play_vo_gnar_death3d_r1_zh_cn.wav,自动增益残留（波形确认）,13.0,-0.001,0.0,13.0,1.0,/Users/czh/Projects/Clash Legends/ClashLegends-开发素材库/04-中间产物/素材加工/card_audio_batch/gnar_vo/txtp/Play_vo_Gnar_Death3D {r1}.txtp,f885c8f9dab933a633c20da6082d37808c10f02c79f3c889ebb831503a707dad,.team0.form0.audio.events.death.pool[0];.team0.form1.audio.events.death.pool[0];.team1.form0.audio.events.death.pool[0];.team1.form1.audio.events.death.pool[0],
gnar,纳尔,语音,assets/audio/units/gnar/play_vo_gnar_death3d_r2_zh_cn.wav,自动增益残留（波形确认）,13.0,-0.001,0.0,13.0,1.0,/Users/czh/Projects/Clash Legends/ClashLegends-开发素材库/04-中间产物/素材加工/card_audio_batch/gnar_vo/txtp/Play_vo_Gnar_Death3D {r2}.txtp,c7397874aafec4152ef7bd86e0cf19ee61806b20f71663afcf81d5b144f369c8,.team0.form0.audio.events.death.pool[1];.team0.form1.audio.events.death.pool[1];.team1.form0.audio.events.death.pool[1];.team1.form1.audio.events.death.pool[1],
gnar,纳尔,语音,assets/audio/units/gnar/play_vo_gnar_death3d_r3_zh_cn.wav,自动增益残留（波形确认）,13.0,-0.001,0.0,13.0,1.0,/Users/czh/Projects/Clash Legends/ClashLegends-开发素材库/04-中间产物/素材加工/card_audio_batch/gnar_vo/txtp/Play_vo_Gnar_Death3D {r3}.txtp,945661b7bd89e541b8a962e5c30562cbefdbcd6c6d56ac106bc996c016dc86ed,.team0.form0.audio.events.death.pool[2];.team0.form1.audio.events.death.pool[2];.team1.form0.audio.events.death.pool[2];.team1.form1.audio.events.death.pool[2],
gnar,纳尔,语音,assets/audio/units/gnar/play_vo_gnar_laugh3dgeneral_r2_en_us.wav,自动增益残留（波形确认）,12.0,-0.001,0.0,12.0,1.0,/Users/czh/Projects/Clash Legends/ClashLegends-开发素材库/02-候选讨论/音频/来源批次/deployment_audio_review/voice_candidates_all_20260914/gnar/txtp/Play_vo_Gnar_Laugh3DGeneral {r2}.txtp,9d4eb82fefe7f9a287ceeddd994f38b74be2cb9e201df92c8bcdb8956d0da6f1,.team0.form0.audio.events.deploy:voice.pool[1];.team1.form0.audio.events.deploy:voice.pool[1],
gwen,格温,语音,assets/audio/units/gwen/champion_lockin_sfx_887.wav,LCU直取/用户提供源，不经事件auto,,,0.0,,,,d834a387f150f9d4330271634e6137f30aecc85debfd6c5b8ecdb1abe3363dc5,.team0.form0.audio.events.deploy:voice.pool[0];.team1.form0.audio.events.deploy:voice.pool[0],
gwen,格温,音效,assets/audio/units/gwen/gwen_q_active_0.wav,加工/合成源未使用auto,,,0.0,,,/Users/czh/Projects/Clash Legends/ClashLegends-开发素材库/04-中间产物/素材加工/card_audio_batch/gwen/txtp/Play_sfx_Gwen_GwenQFirst_cast {r}.txtp;/Users/czh/Projects/Clash Legends/ClashLegends-开发素材库/04-中间产物/素材加工/card_audio_batch/gwen/txtp/Play_sfx_Gwen_GwenQLast_cast {r}.txtp,702eabd85efa7907a9e239061fbcb940fae6c05536015ea78620fc59932552be,.team0.form0.audio.events.active_0:sustain.pool[0];.team1.form0.audio.events.active_0:sustain.pool[0],按合成清单核查全部组成事件；amix normalize=0，无新增自动归一化
gwen,格温,音效,assets/audio/units/gwen/gwen_q_active_1.wav,加工/合成源未使用auto,,,0.0,,,/Users/czh/Projects/Clash Legends/ClashLegends-开发素材库/04-中间产物/素材加工/card_audio_batch/gwen/txtp/Play_sfx_Gwen_GwenQFirst_cast {r}.txtp;/Users/czh/Projects/Clash Legends/ClashLegends-开发素材库/04-中间产物/素材加工/card_audio_batch/gwen/txtp/Play_sfx_Gwen_GwenQLast_cast {r}.txtp;/Users/czh/Projects/Clash Legends/ClashLegends-开发素材库/04-中间产物/素材加工/card_audio_batch/gwen/txtp/Play_sfx_Gwen_GwenQMiddle_1stack_cast {r1}.txtp;/Users/czh/Projects/Clash Legends/ClashLegends-开发素材库/04-中间产物/素材加工/card_audio_batch/gwen/txtp/Play_sfx_Gwen_GwenQMiddle_1stack_cast {r2}.txtp;/Users/czh/Projects/Clash Legends/ClashLegends-开发素材库/04-中间产物/素材加工/card_audio_batch/gwen/txtp/Play_sfx_Gwen_GwenQMiddle_1stack_cast {r3}.txtp;/Users/czh/Projects/Clash Legends/ClashLegends-开发素材库/04-中间产物/素材加工/card_audio_batch/gwen/txtp/Play_sfx_Gwen_GwenQMiddle_1stack_cast {r4}.txtp,f2cef6e31864ec8a4d7d863467095768469beb59307346e982fce9ce1604fc35,.team0.form0.audio.events.active_1:sustain.pool[0];.team1.form0.audio.events.active_1:sustain.pool[0],按合成清单核查全部组成事件；amix normalize=0，无新增自动归一化
gwen,格温,音效,assets/audio/units/gwen/gwen_q_active_2.wav,加工/合成源未使用auto,,,0.0,,,/Users/czh/Projects/Clash Legends/ClashLegends-开发素材库/04-中间产物/素材加工/card_audio_batch/gwen/txtp/Play_sfx_Gwen_GwenQFirst_cast {r}.txtp;/Users/czh/Projects/Clash Legends/ClashLegends-开发素材库/04-中间产物/素材加工/card_audio_batch/gwen/txtp/Play_sfx_Gwen_GwenQLast_cast {r}.txtp;/Users/czh/Projects/Clash Legends/ClashLegends-开发素材库/04-中间产物/素材加工/card_audio_batch/gwen/txtp/Play_sfx_Gwen_GwenQMiddle_1stack_cast {r1}.txtp;/Users/czh/Projects/Clash Legends/ClashLegends-开发素材库/04-中间产物/素材加工/card_audio_batch/gwen/txtp/Play_sfx_Gwen_GwenQMiddle_1stack_cast {r2}.txtp;/Users/czh/Projects/Clash Legends/ClashLegends-开发素材库/04-中间产物/素材加工/card_audio_batch/gwen/txtp/Play_sfx_Gwen_GwenQMiddle_1stack_cast {r3}.txtp;/Users/czh/Projects/Clash Legends/ClashLegends-开发素材库/04-中间产物/素材加工/card_audio_batch/gwen/txtp/Play_sfx_Gwen_GwenQMiddle_1stack_cast {r4}.txtp,7139c389617fce0d1bd932f28c3f6952c2da0bf9dc5d771f4c63b9f2662a2d73,.team0.form0.audio.events.active_2:sustain.pool[0];.team1.form0.audio.events.active_2:sustain.pool[0],按合成清单核查全部组成事件；amix normalize=0，无新增自动归一化
gwen,格温,音效,assets/audio/units/gwen/gwen_q_active_3.wav,加工/合成源未使用auto,,,0.0,,,/Users/czh/Projects/Clash Legends/ClashLegends-开发素材库/04-中间产物/素材加工/card_audio_batch/gwen/txtp/Play_sfx_Gwen_GwenQFirst_cast {r}.txtp;/Users/czh/Projects/Clash Legends/ClashLegends-开发素材库/04-中间产物/素材加工/card_audio_batch/gwen/txtp/Play_sfx_Gwen_GwenQLast_cast {r}.txtp;/Users/czh/Projects/Clash Legends/ClashLegends-开发素材库/04-中间产物/素材加工/card_audio_batch/gwen/txtp/Play_sfx_Gwen_GwenQMiddle_1stack_cast {r1}.txtp;/Users/czh/Projects/Clash Legends/ClashLegends-开发素材库/04-中间产物/素材加工/card_audio_batch/gwen/txtp/Play_sfx_Gwen_GwenQMiddle_1stack_cast {r2}.txtp;/Users/czh/Projects/Clash Legends/ClashLegends-开发素材库/04-中间产物/素材加工/card_audio_batch/gwen/txtp/Play_sfx_Gwen_GwenQMiddle_1stack_cast {r3}.txtp;/Users/czh/Projects/Clash Legends/ClashLegends-开发素材库/04-中间产物/素材加工/card_audio_batch/gwen/txtp/Play_sfx_Gwen_GwenQMiddle_1stack_cast {r4}.txtp,73378578ac1f0c54d2da3c93372c37f25c2cd8156c27a4fdd4b4a96e6f326a5e,.team0.form0.audio.events.active_3:sustain.pool[0];.team1.form0.audio.events.active_3:sustain.pool[0],按合成清单核查全部组成事件；amix normalize=0，无新增自动归一化
gwen,格温,音效,assets/audio/units/gwen/gwen_w_sanctuary.wav,未发现自动增益残留（波形确认）,,-0.002,0.0,-0.0,1.0,/Users/czh/Projects/Clash Legends/ClashLegends-开发素材库/04-中间产物/素材加工/card_audio_batch/gwen/txtp/Play_sfx_Gwen_GwenW_buffactivate {r} {m}.txtp,0b0d65fe9e86b3f167446e6ef9fa6d63d00a97594027547ec5f2198d64369ef9,.team0.form0.audio.events.sanctuary:sustain.pool[0];.team1.form0.audio.events.sanctuary:sustain.pool[0],
gwen,格温,音效,assets/audio/units/gwen/play_sfx_gwen_gwenbasicattack_stab_cast_r1.wav,未发现自动增益残留（波形确认）,,-0.002,-3.0,-3.0,0.99999999,/Users/czh/Projects/Clash Legends/ClashLegends-开发素材库/04-中间产物/素材加工/card_audio_batch/gwen/txtp/Play_sfx_Gwen_GwenBasicAttack_Stab_cast {r1}.txtp,fa7b1f2365220a9b29e8fe9ae80c582dd79224b7caabf60fbf3e02ddaaca6795,.team0.form0.audio.attack_swing[1][0];.team1.form0.audio.attack_swing[1][0],
gwen,格温,音效,assets/audio/units/gwen/play_sfx_gwen_gwenbasicattack_stab_cast_r2.wav,未发现自动增益残留（波形确认）,,-0.002,-3.0,-3.0,0.99999999,/Users/czh/Projects/Clash Legends/ClashLegends-开发素材库/04-中间产物/素材加工/card_audio_batch/gwen/txtp/Play_sfx_Gwen_GwenBasicAttack_Stab_cast {r2}.txtp,0822ff9721d2d38c2a5ef97e05244995d0f189f4a2d763db91237a8ddb37595e,.team0.form0.audio.attack_swing[1][1];.team1.form0.audio.attack_swing[1][1],
gwen,格温,音效,assets/audio/units/gwen/play_sfx_gwen_gwenbasicattack_stab_cast_r3.wav,未发现自动增益残留（波形确认）,,-0.002,-3.0,-3.0,0.99999999,/Users/czh/Projects/Clash Legends/ClashLegends-开发素材库/04-中间产物/素材加工/card_audio_batch/gwen/txtp/Play_sfx_Gwen_GwenBasicAttack_Stab_cast {r3}.txtp,7ce8905797cab054a303fd45313b0285b7b51a03e87ff4f1a23330837ae8d928,.team0.form0.audio.attack_swing[1][2];.team1.form0.audio.attack_swing[1][2],
gwen,格温,音效,assets/audio/units/gwen/play_sfx_gwen_gwenbasicattack_stab_hit_r1.wav,未发现自动增益残留（波形确认）,,-0.003,-5.0,-5.0,0.99999999,/Users/czh/Projects/Clash Legends/ClashLegends-开发素材库/04-中间产物/素材加工/card_audio_batch/gwen/txtp/Play_sfx_Gwen_GwenBasicAttack_Stab_hit {r1}.txtp,29ab4f584276f1d67281d64f8a747c73544907cff61b4fb0d6518cd0eab192a6,.team0.form0.audio.attack_hit_by_segment[1][0];.team1.form0.audio.attack_hit_by_segment[1][0],
gwen,格温,音效,assets/audio/units/gwen/play_sfx_gwen_gwenbasicattack_stab_hit_r2.wav,未发现自动增益残留（波形确认）,,-0.002,-5.0,-5.0,0.99999999,/Users/czh/Projects/Clash Legends/ClashLegends-开发素材库/04-中间产物/素材加工/card_audio_batch/gwen/txtp/Play_sfx_Gwen_GwenBasicAttack_Stab_hit {r2}.txtp,61fa7923cffd8c405e9d742dfde54452c34c3ebdadddefcce6ffb4dfe6aaeabd,.team0.form0.audio.attack_hit_by_segment[1][1];.team1.form0.audio.attack_hit_by_segment[1][1],
gwen,格温,音效,assets/audio/units/gwen/play_sfx_gwen_gwenbasicattack_stab_hit_r3.wav,未发现自动增益残留（波形确认）,,-0.002,-5.0,-5.0,0.99999999,/Users/czh/Projects/Clash Legends/ClashLegends-开发素材库/04-中间产物/素材加工/card_audio_batch/gwen/txtp/Play_sfx_Gwen_GwenBasicAttack_Stab_hit {r3}.txtp,62967e25df01903fb5d67c29c14cdce850787a8da6203bb3c81c0f2fcf3176f0,.team0.form0.audio.attack_hit_by_segment[1][2];.team1.form0.audio.attack_hit_by_segment[1][2],
gwen,格温,音效,assets/audio/units/gwen/play_sfx_gwen_gwenbasicattack_swipe_cast_r1.wav,未发现自动增益残留（波形确认）,,-0.002,-3.0,-3.0,0.99999999,/Users/czh/Projects/Clash Legends/ClashLegends-开发素材库/04-中间产物/素材加工/card_audio_batch/gwen/txtp/Play_sfx_Gwen_GwenBasicAttack_Swipe_cast {r1}.txtp,1613c0fb0e4559391d6a2b8a0f7a01d80dd5925097148c364b4914a03f244f2c,.team0.form0.audio.attack_swing[0][0];.team0.form0.audio.attack_swing[2][0];.team1.form0.audio.attack_swing[0][0];.team1.form0.audio.attack_swing[2][0],
gwen,格温,音效,assets/audio/units/gwen/play_sfx_gwen_gwenbasicattack_swipe_cast_r2.wav,未发现自动增益残留（波形确认）,,-0.002,-3.0,-3.0,0.99999999,/Users/czh/Projects/Clash Legends/ClashLegends-开发素材库/04-中间产物/素材加工/card_audio_batch/gwen/txtp/Play_sfx_Gwen_GwenBasicAttack_Swipe_cast {r2}.txtp,01327997cf483fef2654a4b7b9d80697604e728a7fe92f58b177adad102dc0df,.team0.form0.audio.attack_swing[0][1];.team0.form0.audio.attack_swing[2][1];.team1.form0.audio.attack_swing[0][1];.team1.form0.audio.attack_swing[2][1],
gwen,格温,音效,assets/audio/units/gwen/play_sfx_gwen_gwenbasicattack_swipe_cast_r3.wav,未发现自动增益残留（波形确认）,,-0.002,-3.0,-3.0,0.99999999,/Users/czh/Projects/Clash Legends/ClashLegends-开发素材库/04-中间产物/素材加工/card_audio_batch/gwen/txtp/Play_sfx_Gwen_GwenBasicAttack_Swipe_cast {r3}.txtp,7e8db099c411e5730aa092f036a328fee17d58c5ef0c6e8de906f845ea64fd04,.team0.form0.audio.attack_swing[0][2];.team0.form0.audio.attack_swing[2][2];.team1.form0.audio.attack_swing[0][2];.team1.form0.audio.attack_swing[2][2],
gwen,格温,音效,assets/audio/units/gwen/play_sfx_gwen_gwenbasicattack_swipe_hit_r1.wav,未发现自动增益残留（波形确认）,,-0.002,-5.0,-5.0,0.99999999,/Users/czh/Projects/Clash Legends/ClashLegends-开发素材库/04-中间产物/素材加工/card_audio_batch/gwen/txtp/Play_sfx_Gwen_GwenBasicAttack_Swipe_hit {r1}.txtp,5725b2b71cddc524800eb02430d25006a344c95fbcded0ba5ffb37ab71251588,.team0.form0.audio.attack_hit[0];.team0.form0.audio.attack_hit_by_segment[0][0];.team0.form0.audio.attack_hit_by_segment[2][0];.team1.form0.audio.attack_hit[0];.team1.form0.audio.attack_hit_by_segment[0][0];.team1.form0.audio.attack_hit_by_segment[2][0],
gwen,格温,音效,assets/audio/units/gwen/play_sfx_gwen_gwenbasicattack_swipe_hit_r2.wav,未发现自动增益残留（波形确认）,,-0.002,-5.0,-5.0,0.99999999,/Users/czh/Projects/Clash Legends/ClashLegends-开发素材库/04-中间产物/素材加工/card_audio_batch/gwen/txtp/Play_sfx_Gwen_GwenBasicAttack_Swipe_hit {r2}.txtp,ae8540af81b88235bc5cc7b6ee547e26f99924b18ce752472d625d3314add3da,.team0.form0.audio.attack_hit[1];.team0.form0.audio.attack_hit_by_segment[0][1];.team0.form0.audio.attack_hit_by_segment[2][1];.team1.form0.audio.attack_hit[1];.team1.form0.audio.attack_hit_by_segment[0][1];.team1.form0.audio.attack_hit_by_segment[2][1],
gwen,格温,音效,assets/audio/units/gwen/play_sfx_gwen_gwenbasicattack_swipe_hit_r3.wav,未发现自动增益残留（波形确认）,,-0.002,-5.0,-5.0,0.99999999,/Users/czh/Projects/Clash Legends/ClashLegends-开发素材库/04-中间产物/素材加工/card_audio_batch/gwen/txtp/Play_sfx_Gwen_GwenBasicAttack_Swipe_hit {r3}.txtp,333005e19deff6ed6ad84f16506eaeb0db50073ed63d7c87bdd0e5502df80053,.team0.form0.audio.attack_hit[2];.team0.form0.audio.attack_hit_by_segment[0][2];.team0.form0.audio.attack_hit_by_segment[2][2];.team1.form0.audio.attack_hit[2];.team1.form0.audio.attack_hit_by_segment[0][2];.team1.form0.audio.attack_hit_by_segment[2][2],
gwen,格温,音效,assets/audio/units/gwen/play_sfx_gwen_gwenq_max_stacks_buffactivate_r1.wav,未发现自动增益残留（波形确认）,,-0.001,0.0,-0.0,1.0,/Users/czh/Projects/Clash Legends/ClashLegends-开发素材库/04-中间产物/素材加工/card_audio_batch/gwen/txtp/Play_sfx_Gwen_GwenQ_max_stacks_buffactivate {r1}.txtp,4aa81c47cfe2ac170467ef017d0cec0b2e17cd9327bf0b3e8da40ccbac1f4e37,.team0.form0.audio.events.resource_full.pool[0];.team1.form0.audio.events.resource_full.pool[0],
gwen,格温,音效,assets/audio/units/gwen/play_sfx_gwen_gwenq_max_stacks_buffactivate_r2.wav,未发现自动增益残留（波形确认）,,-0.001,0.0,-0.0,1.0,/Users/czh/Projects/Clash Legends/ClashLegends-开发素材库/04-中间产物/素材加工/card_audio_batch/gwen/txtp/Play_sfx_Gwen_GwenQ_max_stacks_buffactivate {r2}.txtp,64e357f22f06952c7e10cfd3e5b2f484f055238d8db4df7564263106805f0f29,.team0.form0.audio.events.resource_full.pool[1];.team1.form0.audio.events.resource_full.pool[1],
gwen,格温,音效,assets/audio/units/gwen/play_sfx_gwen_gwenq_max_stacks_buffactivate_r3.wav,未发现自动增益残留（波形确认）,,-0.001,0.0,-0.0,1.0,/Users/czh/Projects/Clash Legends/ClashLegends-开发素材库/04-中间产物/素材加工/card_audio_batch/gwen/txtp/Play_sfx_Gwen_GwenQ_max_stacks_buffactivate {r3}.txtp,cc7229f0df2c2fea2d45022ce9a215eff1b2b659d4e75915474a7c21a62caf17,.team0.form0.audio.events.resource_full.pool[2];.team1.form0.audio.events.resource_full.pool[2],
gwen,格温,音效,assets/audio/units/gwen/play_sfx_gwen_gwenqfirst_hit_r1.wav,无auto，项目另设正增益,,-0.002,0.0;3.0,-0.0;3.0,0.99999999,/Users/czh/Projects/Clash Legends/ClashLegends-开发素材库/04-中间产物/素材加工/card_audio_batch/gwen/txtp/Play_sfx_Gwen_GwenQFirst_hit {r1}.txtp,560556925a3025d6972ceb062e06a68b9ede59ed6b5e21be007ae92070d29862,.team0.form0.audio.events.active_0:hit_first.pool[0];.team0.form0.audio.events.active_0:hit_first_center.pool[0];.team0.form0.audio.events.active_1:hit_first.pool[0];.team0.form0.audio.events.active_1:hit_first_center.pool[0];.team0.form0.audio.events.active_2:hit_first.pool[0];.team0.form0.audio.events.active_2:hit_first_center.pool[0];.team0.form0.audio.events.active_3:hit_first.pool[0];.team0.form0.audio.events.active_3:hit_first_center.pool[0];.team1.form0.audio.events.active_0:hit_first.pool[0];.team1.form0.audio.events.active_0:hit_first_center.pool[0];.team1.form0.audio.events.active_1:hit_first.pool[0];.team1.form0.audio.events.active_1:hit_first_center.pool[0];.team1.form0.audio.events.active_2:hit_first.pool[0];.team1.form0.audio.events.active_2:hit_first_center.pool[0];.team1.form0.audio.events.active_3:hit_first.pool[0];.team1.form0.audio.events.active_3:hit_first_center.pool[0],
gwen,格温,音效,assets/audio/units/gwen/play_sfx_gwen_gwenqfirst_hit_r2.wav,无auto，项目另设正增益,,-0.002,0.0;3.0,-0.0;3.0,0.99999999,/Users/czh/Projects/Clash Legends/ClashLegends-开发素材库/04-中间产物/素材加工/card_audio_batch/gwen/txtp/Play_sfx_Gwen_GwenQFirst_hit {r2}.txtp,d0e1eb00c02a27312e99ab783a193c634cfdcad5a5656c9604f1a448af2cf5aa,.team0.form0.audio.events.active_0:hit_first.pool[1];.team0.form0.audio.events.active_0:hit_first_center.pool[1];.team0.form0.audio.events.active_1:hit_first.pool[1];.team0.form0.audio.events.active_1:hit_first_center.pool[1];.team0.form0.audio.events.active_2:hit_first.pool[1];.team0.form0.audio.events.active_2:hit_first_center.pool[1];.team0.form0.audio.events.active_3:hit_first.pool[1];.team0.form0.audio.events.active_3:hit_first_center.pool[1];.team1.form0.audio.events.active_0:hit_first.pool[1];.team1.form0.audio.events.active_0:hit_first_center.pool[1];.team1.form0.audio.events.active_1:hit_first.pool[1];.team1.form0.audio.events.active_1:hit_first_center.pool[1];.team1.form0.audio.events.active_2:hit_first.pool[1];.team1.form0.audio.events.active_2:hit_first_center.pool[1];.team1.form0.audio.events.active_3:hit_first.pool[1];.team1.form0.audio.events.active_3:hit_first_center.pool[1],
gwen,格温,音效,assets/audio/units/gwen/play_sfx_gwen_gwenqfirst_hit_r3.wav,无auto，项目另设正增益,,-0.002,0.0;3.0,-0.0;3.0,0.99999999,/Users/czh/Projects/Clash Legends/ClashLegends-开发素材库/04-中间产物/素材加工/card_audio_batch/gwen/txtp/Play_sfx_Gwen_GwenQFirst_hit {r3}.txtp,7cc735de9943c08cbc28b125c8ece828bf239da8b50f3714b39f86f770932b66,.team0.form0.audio.events.active_0:hit_first.pool[2];.team0.form0.audio.events.active_0:hit_first_center.pool[2];.team0.form0.audio.events.active_1:hit_first.pool[2];.team0.form0.audio.events.active_1:hit_first_center.pool[2];.team0.form0.audio.events.active_2:hit_first.pool[2];.team0.form0.audio.events.active_2:hit_first_center.pool[2];.team0.form0.audio.events.active_3:hit_first.pool[2];.team0.form0.audio.events.active_3:hit_first_center.pool[2];.team1.form0.audio.events.active_0:hit_first.pool[2];.team1.form0.audio.events.active_0:hit_first_center.pool[2];.team1.form0.audio.events.active_1:hit_first.pool[2];.team1.form0.audio.events.active_1:hit_first_center.pool[2];.team1.form0.audio.events.active_2:hit_first.pool[2];.team1.form0.audio.events.active_2:hit_first_center.pool[2];.team1.form0.audio.events.active_3:hit_first.pool[2];.team1.form0.audio.events.active_3:hit_first_center.pool[2],
gwen,格温,音效,assets/audio/units/gwen/play_sfx_gwen_gwenqlast_hit_center_r.wav,未发现自动增益残留（波形确认）,,-0.001,0.0,-0.0,1.0,/Users/czh/Projects/Clash Legends/ClashLegends-开发素材库/04-中间产物/素材加工/card_audio_batch/gwen/txtp/Play_sfx_Gwen_GwenQLast_hit_center {r}.txtp,e68fc9da33605fa7a03a89c1a1fa4737cdcda14f9bd09f7d518c4f972de6923b,.team0.form0.audio.events.active_0:hit_last_center.pool[0];.team0.form0.audio.events.active_1:hit_last_center.pool[0];.team0.form0.audio.events.active_2:hit_last_center.pool[0];.team0.form0.audio.events.active_3:hit_last_center.pool[0];.team1.form0.audio.events.active_0:hit_last_center.pool[0];.team1.form0.audio.events.active_1:hit_last_center.pool[0];.team1.form0.audio.events.active_2:hit_last_center.pool[0];.team1.form0.audio.events.active_3:hit_last_center.pool[0],
gwen,格温,音效,assets/audio/units/gwen/play_sfx_gwen_gwenqlast_hit_r1.wav,未发现自动增益残留（波形确认）,,-0.001,0.0,-0.0,1.0,/Users/czh/Projects/Clash Legends/ClashLegends-开发素材库/04-中间产物/素材加工/card_audio_batch/gwen/txtp/Play_sfx_Gwen_GwenQLast_hit {r1}.txtp,2427eb42a1c4a1fdbee993c64a5ceb724dc8829d2ea80eff540558606ec8887d,.team0.form0.audio.events.active_0:hit_last.pool[0];.team0.form0.audio.events.active_1:hit_last.pool[0];.team0.form0.audio.events.active_2:hit_last.pool[0];.team0.form0.audio.events.active_3:hit_last.pool[0];.team1.form0.audio.events.active_0:hit_last.pool[0];.team1.form0.audio.events.active_1:hit_last.pool[0];.team1.form0.audio.events.active_2:hit_last.pool[0];.team1.form0.audio.events.active_3:hit_last.pool[0],
gwen,格温,音效,assets/audio/units/gwen/play_sfx_gwen_gwenqlast_hit_r2.wav,未发现自动增益残留（波形确认）,,-0.001,0.0,-0.0,1.0,/Users/czh/Projects/Clash Legends/ClashLegends-开发素材库/04-中间产物/素材加工/card_audio_batch/gwen/txtp/Play_sfx_Gwen_GwenQLast_hit {r2}.txtp,9f5503b459af27828fb9af3a2c2923f5414eb157cdd7a43a1173aef5cd6980ca,.team0.form0.audio.events.active_0:hit_last.pool[1];.team0.form0.audio.events.active_1:hit_last.pool[1];.team0.form0.audio.events.active_2:hit_last.pool[1];.team0.form0.audio.events.active_3:hit_last.pool[1];.team1.form0.audio.events.active_0:hit_last.pool[1];.team1.form0.audio.events.active_1:hit_last.pool[1];.team1.form0.audio.events.active_2:hit_last.pool[1];.team1.form0.audio.events.active_3:hit_last.pool[1],
gwen,格温,音效,assets/audio/units/gwen/play_sfx_gwen_gwenqlast_hit_r3.wav,未发现自动增益残留（波形确认）,,-0.001,0.0,-0.0,1.0,/Users/czh/Projects/Clash Legends/ClashLegends-开发素材库/04-中间产物/素材加工/card_audio_batch/gwen/txtp/Play_sfx_Gwen_GwenQLast_hit {r3}.txtp,b0a8cac8cdb885bbfdccc2c7e0d5291a9da0d955d3bb806fbcce80a14e349488,.team0.form0.audio.events.active_0:hit_last.pool[2];.team0.form0.audio.events.active_1:hit_last.pool[2];.team0.form0.audio.events.active_2:hit_last.pool[2];.team0.form0.audio.events.active_3:hit_last.pool[2];.team1.form0.audio.events.active_0:hit_last.pool[2];.team1.form0.audio.events.active_1:hit_last.pool[2];.team1.form0.audio.events.active_2:hit_last.pool[2];.team1.form0.audio.events.active_3:hit_last.pool[2],
gwen,格温,音效,assets/audio/units/gwen/play_sfx_gwen_gwenqmiddle_hit_r1.wav,无auto，项目另设正增益,,-0.003,0.0;3.0,-0.0;3.0,0.99999993,/Users/czh/Projects/Clash Legends/ClashLegends-开发素材库/04-中间产物/素材加工/card_audio_batch/gwen/txtp/Play_sfx_Gwen_GwenQMiddle_hit {r1}.txtp,ef46cde42c52888bd82a70bdff45019abc37524e81636b3831c54edf41868a3a,.team0.form0.audio.events.active_1:hit_middle.pool[0];.team0.form0.audio.events.active_1:hit_middle_center.pool[0];.team0.form0.audio.events.active_2:hit_middle.pool[0];.team0.form0.audio.events.active_2:hit_middle_center.pool[0];.team0.form0.audio.events.active_3:hit_middle.pool[0];.team0.form0.audio.events.active_3:hit_middle_center.pool[0];.team1.form0.audio.events.active_1:hit_middle.pool[0];.team1.form0.audio.events.active_1:hit_middle_center.pool[0];.team1.form0.audio.events.active_2:hit_middle.pool[0];.team1.form0.audio.events.active_2:hit_middle_center.pool[0];.team1.form0.audio.events.active_3:hit_middle.pool[0];.team1.form0.audio.events.active_3:hit_middle_center.pool[0],
gwen,格温,音效,assets/audio/units/gwen/play_sfx_gwen_gwenqmiddle_hit_r2.wav,无auto，项目另设正增益,,-0.003,0.0;3.0,-0.0;3.0,0.99999993,/Users/czh/Projects/Clash Legends/ClashLegends-开发素材库/04-中间产物/素材加工/card_audio_batch/gwen/txtp/Play_sfx_Gwen_GwenQMiddle_hit {r2}.txtp,a882664f9ed8238cbd08c8bcb590158eb0dc9a80dda9c70b1df47046ba755342,.team0.form0.audio.events.active_1:hit_middle.pool[1];.team0.form0.audio.events.active_1:hit_middle_center.pool[1];.team0.form0.audio.events.active_2:hit_middle.pool[1];.team0.form0.audio.events.active_2:hit_middle_center.pool[1];.team0.form0.audio.events.active_3:hit_middle.pool[1];.team0.form0.audio.events.active_3:hit_middle_center.pool[1];.team1.form0.audio.events.active_1:hit_middle.pool[1];.team1.form0.audio.events.active_1:hit_middle_center.pool[1];.team1.form0.audio.events.active_2:hit_middle.pool[1];.team1.form0.audio.events.active_2:hit_middle_center.pool[1];.team1.form0.audio.events.active_3:hit_middle.pool[1];.team1.form0.audio.events.active_3:hit_middle_center.pool[1],
gwen,格温,音效,assets/audio/units/gwen/play_sfx_gwen_gwenqmiddle_hit_r3.wav,无auto，项目另设正增益,,-0.003,0.0;3.0,-0.0;3.0,0.99999995,/Users/czh/Projects/Clash Legends/ClashLegends-开发素材库/04-中间产物/素材加工/card_audio_batch/gwen/txtp/Play_sfx_Gwen_GwenQMiddle_hit {r3}.txtp,a9dba70fcebde605d98b54ff3f436d92254a2278824f0c104de4ba7ef59db5c6,.team0.form0.audio.events.active_1:hit_middle.pool[2];.team0.form0.audio.events.active_1:hit_middle_center.pool[2];.team0.form0.audio.events.active_2:hit_middle.pool[2];.team0.form0.audio.events.active_2:hit_middle_center.pool[2];.team0.form0.audio.events.active_3:hit_middle.pool[2];.team0.form0.audio.events.active_3:hit_middle_center.pool[2];.team1.form0.audio.events.active_1:hit_middle.pool[2];.team1.form0.audio.events.active_1:hit_middle_center.pool[2];.team1.form0.audio.events.active_2:hit_middle.pool[2];.team1.form0.audio.events.active_2:hit_middle_center.pool[2];.team1.form0.audio.events.active_3:hit_middle.pool[2];.team1.form0.audio.events.active_3:hit_middle_center.pool[2],
gwen,格温,音效,assets/audio/units/gwen/play_sfx_gwen_gwenw_buffdeactivate_r1.wav,未发现自动增益残留（波形确认）,,-0.003,0.0,-0.0,0.99999999,/Users/czh/Projects/Clash Legends/ClashLegends-开发素材库/04-中间产物/素材加工/card_audio_batch/gwen/txtp/Play_sfx_Gwen_GwenW_buffdeactivate {r1}.txtp,bb191cb4ac382f89745fe5b3cb56fe3036dcada4fa83e9bb0a73520d86f08b8e,.team0.form0.audio.events.sanctuary:end.pool[0];.team1.form0.audio.events.sanctuary:end.pool[0],
gwen,格温,音效,assets/audio/units/gwen/play_sfx_gwen_gwenw_buffdeactivate_r2.wav,未发现自动增益残留（波形确认）,,-0.003,0.0,-0.0,0.99999999,/Users/czh/Projects/Clash Legends/ClashLegends-开发素材库/04-中间产物/素材加工/card_audio_batch/gwen/txtp/Play_sfx_Gwen_GwenW_buffdeactivate {r2}.txtp,be87c9f8b39f4d41678fcce165f3a75c1424809ba30802da54f2fb440521e50f,.team0.form0.audio.events.sanctuary:end.pool[1];.team1.form0.audio.events.sanctuary:end.pool[1],
gwen,格温,音效,assets/audio/units/gwen/play_sfx_gwen_gwenw_cast_r1.wav,未发现自动增益残留（波形确认）,,-0.002,0.0,-0.0,0.99999999,/Users/czh/Projects/Clash Legends/ClashLegends-开发素材库/04-中间产物/素材加工/card_audio_batch/gwen/txtp/Play_sfx_Gwen_GwenW_cast {r1}.txtp,e5dc003ce459f273f7b2d651a402f3639794af0c78645147fa22f4acbc40cf29,.team0.form0.audio.events.hallowed_mist:start.pool[0];.team1.form0.audio.events.hallowed_mist:start.pool[0],
gwen,格温,音效,assets/audio/units/gwen/play_sfx_gwen_gwenw_cast_r2.wav,未发现自动增益残留（波形确认）,,-0.002,0.0,-0.0,0.99999999,/Users/czh/Projects/Clash Legends/ClashLegends-开发素材库/04-中间产物/素材加工/card_audio_batch/gwen/txtp/Play_sfx_Gwen_GwenW_cast {r2}.txtp,1907c81017e3f96e62748dbd75763089679530b9903c13e4452f0aca74fa46af,.team0.form0.audio.events.hallowed_mist:start.pool[1];.team1.form0.audio.events.hallowed_mist:start.pool[1],
gwen,格温,音效,assets/audio/units/gwen/play_sfx_gwen_gwenw_cast_r3.wav,未发现自动增益残留（波形确认）,,-0.002,0.0,-0.0,0.99999999,/Users/czh/Projects/Clash Legends/ClashLegends-开发素材库/04-中间产物/素材加工/card_audio_batch/gwen/txtp/Play_sfx_Gwen_GwenW_cast {r3}.txtp,c5a054f17e325dc22115fa298a92987dd40ca93d291270b4b94e34c9a7fccebe,.team0.form0.audio.events.hallowed_mist:start.pool[2];.team1.form0.audio.events.hallowed_mist:start.pool[2],
gwen,格温,语音,assets/audio/units/gwen/play_vo_gwen_attack2dgeneral_r17_zh_cn.wav,自动增益残留（波形确认）,12.0,-0.001,0.0,12.0,1.0,/Users/czh/Projects/Clash Legends/ClashLegends-开发素材库/02-候选讨论/音频/来源批次/deployment_audio_review/voice_candidates_20260914/gwen/txtp/Play_vo_Gwen_Attack2DGeneral {r17}.txtp,06bec619892d0ef65ce289dbbb428307f8c60fba980b0ad68c863e6ec00300df,.team0.form0.audio.events.deploy:voice.pool[1];.team1.form0.audio.events.deploy:voice.pool[1],
gwen,格温,语音,assets/audio/units/gwen/play_vo_gwen_attack2dgeneral_r20_zh_cn.wav,自动增益残留（波形确认）,12.0,-0.001,0.0,12.0,1.0,/Users/czh/Projects/Clash Legends/ClashLegends-开发素材库/02-候选讨论/音频/来源批次/deployment_audio_review/voice_candidates_20260914/gwen/txtp/Play_vo_Gwen_Attack2DGeneral {r20}.txtp,0ed15874159cfc9a13cc43418ba841c926f551e4ebaf23bee29e4e3c3f9e2038,.team0.form0.audio.events.deploy:voice.pool[2];.team1.form0.audio.events.deploy:voice.pool[2],
gwen,格温,语音,assets/audio/units/gwen/play_vo_gwen_death3d_r1_zh_cn.wav,自动增益残留（波形确认）,11.0,-0.001,0.0,11.0,1.0,/Users/czh/Projects/Clash Legends/ClashLegends-开发素材库/04-中间产物/素材加工/card_audio_batch/gwen_vo/txtp/Play_vo_Gwen_Death3D {r1}.txtp,f0a7250105870655e2de544d4b475c9ccb3492a27d832aa474df965e24e6e4f8,.team0.form0.audio.events.death.pool[0];.team1.form0.audio.events.death.pool[0],
gwen,格温,语音,assets/audio/units/gwen/play_vo_gwen_death3d_r2_zh_cn.wav,自动增益残留（波形确认）,11.0,-0.001,0.0,11.0,1.0,/Users/czh/Projects/Clash Legends/ClashLegends-开发素材库/04-中间产物/素材加工/card_audio_batch/gwen_vo/txtp/Play_vo_Gwen_Death3D {r2}.txtp,54a45693bb3fbab828fc5a1fcfaeb3eead3f3d06240c0ed1fb324ac1517e8ab7,.team0.form0.audio.events.death.pool[1];.team1.form0.audio.events.death.pool[1],
gwen,格温,语音,assets/audio/units/gwen/play_vo_gwen_death3d_r3_zh_cn.wav,自动增益残留（波形确认）,11.0,-0.001,0.0,11.0,1.0,/Users/czh/Projects/Clash Legends/ClashLegends-开发素材库/04-中间产物/素材加工/card_audio_batch/gwen_vo/txtp/Play_vo_Gwen_Death3D {r3}.txtp,40fd5d7a3bf8eeea786664693d5a22a8d7ada97eb9298f1f4a1e0126832371c5,.team0.form0.audio.events.death.pool[2];.team1.form0.audio.events.death.pool[2],
imp,雾行者,音效,assets/audio/units/imp/play_sfx_yorick_yorickq_ghoul_death_r1.wav,未发现自动增益残留（波形确认）,,-0.003,0.0,-0.0,0.99999999,/Users/czh/Projects/Clash Legends/ClashLegends-开发素材库/04-中间产物/素材加工/card_audio_batch/yorick/txtp/Play_sfx_Yorick_YorickQ_ghoul_death {r1}.txtp,7ed222bbc68116d194f2f72073a69ef3198abb487d680fb3304f4bd6fb05ab06,.team0.form0.audio.events.death.pool[0];.team1.form0.audio.events.death.pool[0],
imp,雾行者,音效,assets/audio/units/imp/play_sfx_yorick_yorickq_ghoul_death_r2.wav,未发现自动增益残留（波形确认）,,-0.003,0.0,-0.0,0.99999999,/Users/czh/Projects/Clash Legends/ClashLegends-开发素材库/04-中间产物/素材加工/card_audio_batch/yorick/txtp/Play_sfx_Yorick_YorickQ_ghoul_death {r2}.txtp,50dd8ed76e10ce713f7557d23a5a457ec49d05cd5c6daeb67a4f3cca0b5f620b,.team0.form0.audio.events.death.pool[1];.team1.form0.audio.events.death.pool[1],
imp,雾行者,音效,assets/audio/units/imp/play_sfx_yorick_yorickq_ghoul_death_r3.wav,未发现自动增益残留（波形确认）,,-0.003,0.0,-0.0,0.99999999,/Users/czh/Projects/Clash Legends/ClashLegends-开发素材库/04-中间产物/素材加工/card_audio_batch/yorick/txtp/Play_sfx_Yorick_YorickQ_ghoul_death {r3}.txtp,abc19b2f3458808f97c95e029ccbfaeeb8bb4a0019d126e7f48f6ea3527b9e3e,.team0.form0.audio.events.death.pool[2];.team1.form0.audio.events.death.pool[2],
imp,雾行者,音效,assets/audio/units/imp/play_sfx_yorick_yorickq_ghoulattack_cast_r1.wav,未发现自动增益残留（波形确认）,,-0.006,-3.0,-3.01,0.9999999,/Users/czh/Projects/Clash Legends/ClashLegends-开发素材库/04-中间产物/素材加工/card_audio_batch/yorick/txtp/Play_sfx_Yorick_YorickQ_GhoulAttack_cast [4030904392=3118032683] {r}.txtp,eff10bf52844e41c21f232fbe52278735cf67552f4693cade3cd6180080da1dc,.team0.form0.audio.attack_swing[0][0];.team0.form0.audio.attack_swing[1][0];.team0.form0.audio.attack_swing[2][0];.team1.form0.audio.attack_swing[0][0];.team1.form0.audio.attack_swing[1][0];.team1.form0.audio.attack_swing[2][0],
imp,雾行者,音效,assets/audio/units/imp/play_sfx_yorick_yorickq_summon_r1.wav,未发现自动增益残留（波形确认）,,-0.003,0.0,-0.0,0.99999998,/Users/czh/Projects/Clash Legends/ClashLegends-开发素材库/04-中间产物/素材加工/card_audio_batch/yorick/txtp/Play_sfx_Yorick_YorickQ_summon {r1}.txtp,d6b33380d57b0074bbe4a0bb34f6203ba8e81dd0243f04da298abbf60865d922,.team0.form0.audio.events.spawn:start.pool[0];.team1.form0.audio.events.spawn:start.pool[0],
imp,雾行者,音效,assets/audio/units/imp/play_sfx_yorick_yorickq_summon_r2.wav,未发现自动增益残留（波形确认）,,-0.003,0.0,-0.0,0.99999998,/Users/czh/Projects/Clash Legends/ClashLegends-开发素材库/04-中间产物/素材加工/card_audio_batch/yorick/txtp/Play_sfx_Yorick_YorickQ_summon {r2}.txtp,600e32fefe9ed77196d87e5cc55258a38e875f7b757727d3dbfbe1bac1dcf799,.team0.form0.audio.events.spawn:start.pool[1];.team1.form0.audio.events.spawn:start.pool[1],
imp,雾行者,音效,assets/audio/units/imp/play_sfx_yorick_yorickq_summon_r3.wav,未发现自动增益残留（波形确认）,,-0.003,0.0,-0.0,0.99999998,/Users/czh/Projects/Clash Legends/ClashLegends-开发素材库/04-中间产物/素材加工/card_audio_batch/yorick/txtp/Play_sfx_Yorick_YorickQ_summon {r3}.txtp,4dcb8852348a7f68dd7776c56e254057f297a72516ea6eaa75815910eca083fa,.team0.form0.audio.events.spawn:start.pool[2];.team1.form0.audio.events.spawn:start.pool[2],
imp,雾行者,音效,assets/audio/units/imp/play_sfx_yorick_yorickq_summon_r4.wav,未发现自动增益残留（波形确认）,,-0.003,0.0,-0.0,0.99999998,/Users/czh/Projects/Clash Legends/ClashLegends-开发素材库/04-中间产物/素材加工/card_audio_batch/yorick/txtp/Play_sfx_Yorick_YorickQ_summon {r4}.txtp,3561fd1365f4298f65a6781b4fcb50f64f1a903b1860471fbee9f5971f6d66d2,.team0.form0.audio.events.spawn:start.pool[3];.team1.form0.audio.events.spawn:start.pool[3],
imp,雾行者,音效,assets/audio/units/imp/play_sfx_yorick_yorickq_summon_r5.wav,未发现自动增益残留（波形确认）,,-0.003,0.0,-0.0,0.99999998,/Users/czh/Projects/Clash Legends/ClashLegends-开发素材库/04-中间产物/素材加工/card_audio_batch/yorick/txtp/Play_sfx_Yorick_YorickQ_summon {r5}.txtp,28564706c0a67fcbbcff33d1f99aa017cff460a77c0146c5201416f20a7e4e37,.team0.form0.audio.events.spawn:start.pool[4];.team1.form0.audio.events.spawn:start.pool[4],
kayle,正义天使,语音,assets/audio/units/kayle/deploy_melee_1.wav,自动增益残留（波形确认）,14.0,0.0,0.0,14.0,1.0,/Users/czh/Projects/Clash Legends/ClashLegends-开发素材库/03-制作中/正义天使/voice/attack/txtp/Play_vo_Kayle_Attack2DGeneral [2782712965=987635873] {r4}.txtp,9023fc3259418a857da1712da2bdbe23b2bba5aed6e5a1d718fecfa77da544ed,.team0.form0.audio.events.deploy:voice.pool[0];.team1.form0.audio.events.deploy:voice.pool[0],
kayle,正义天使,语音,assets/audio/units/kayle/deploy_melee_2.wav,自动增益残留（波形确认）,14.0,0.0,0.0,14.0,1.0,/Users/czh/Projects/Clash Legends/ClashLegends-开发素材库/03-制作中/正义天使/voice/attack/txtp/Play_vo_Kayle_Attack2DGeneral [2782712965=987635873] {r3}.txtp,42f1b7c138b30c45a3c9d6b9a23f94ef4c780321176b49cb26f4ec34d8a719cd,.team0.form0.audio.events.deploy:voice.pool[1];.team1.form0.audio.events.deploy:voice.pool[1],
kayle,正义天使,语音,assets/audio/units/kayle/deploy_melee_3.wav,自动增益残留（波形确认）,14.0,0.0,0.0,14.0,1.0,/Users/czh/Projects/Clash Legends/ClashLegends-开发素材库/03-制作中/正义天使/voice/attack/txtp/Play_vo_Kayle_Attack2DGeneral [2782712965=987635873] {r17}.txtp,265b41936c802e69699a3948981472aecce3fe4be69df95ceb02edb9d4ca0ec1,.team0.form0.audio.events.deploy:voice.pool[2];.team1.form0.audio.events.deploy:voice.pool[2],
kayle_ranged,正义天使（远程）,语音,assets/audio/units/kayle/deploy_ranged_1.wav,自动增益残留（波形确认）,14.0,-0.0,0.0,14.0,1.0,/Users/czh/Projects/Clash Legends/ClashLegends-开发素材库/03-制作中/正义天使/voice/attack/txtp/Play_vo_Kayle_Attack2DGeneral [2782712965=1004413458] {r1}.txtp,c63ba38a4d6fc746a6587c331feb05247d44449a17324d0266d74e9e7a7f205a,.team0.form0.audio.events.deploy:voice.pool[0];.team1.form0.audio.events.deploy:voice.pool[0],
kayle_ranged,正义天使（远程）,语音,assets/audio/units/kayle/deploy_ranged_2.wav,自动增益残留（波形确认）,14.0,-0.0,0.0,14.0,1.0,/Users/czh/Projects/Clash Legends/ClashLegends-开发素材库/03-制作中/正义天使/voice/attack/txtp/Play_vo_Kayle_Attack2DGeneral [2782712965=1004413458] {r2}.txtp,fe5ebf0865c9dbffa2069fe929cb513b5a6a43cb0d0578f7b76a6c5cd56762d0,.team0.form0.audio.events.deploy:voice.pool[1];.team1.form0.audio.events.deploy:voice.pool[1],
kayle_ranged,正义天使（远程）,语音,assets/audio/units/kayle/deploy_ranged_3.wav,自动增益残留（波形确认）,14.0,0.0,0.0,14.0,1.0,/Users/czh/Projects/Clash Legends/ClashLegends-开发素材库/03-制作中/正义天使/voice/attack/txtp/Play_vo_Kayle_Attack2DGeneral [2782712965=1004413458] {r11}.txtp,e48aeb5d7407e908264bf6d8ad3cf6a247658b9482dcc17472dd9872130a6995,.team0.form0.audio.events.deploy:voice.pool[2];.team1.form0.audio.events.deploy:voice.pool[2],
kayle;kayle_ranged,正义天使;正义天使（远程）,音效,assets/audio/units/kayle/play_sfx_kayle_death3d_cast.wav,自动增益残留（波形确认）,24.0,-4.0,-3.0,17.0,1.0,/Users/czh/Projects/Clash Legends/ClashLegends-开发素材库/03-制作中/正义天使/audio-prepared/kayle/txtp/Play_sfx_Kayle_Death3D_cast.txtp,0fec02510fa39aaa7790468b3c428e7e828f589a3df0053ece3d5769e21313ee,.team0.form0.audio.events.death.pool[0];.team1.form0.audio.events.death.pool[0],
kayle,正义天使,音效,assets/audio/units/kayle/play_sfx_kayle_kaylebasicattack2_oncast_r1.wav,自动增益残留（波形确认）,17.0,-4.0,-5.0,8.0,1.0,/Users/czh/Projects/Clash Legends/ClashLegends-开发素材库/03-制作中/正义天使/audio-prepared/kayle/txtp/Play_sfx_Kayle_KayleBasicAttack2_OnCast {r1}.txtp,594dba641e5789726218bc9051f043e8ae01bd33eb61564e1326c971a280120b,.team0.form0.audio.attack_swing[1][0];.team1.form0.audio.attack_swing[1][0],
kayle,正义天使,音效,assets/audio/units/kayle/play_sfx_kayle_kaylebasicattack2_oncast_r2.wav,自动增益残留（波形确认）,17.0,-4.0,-5.0,8.0,1.0,/Users/czh/Projects/Clash Legends/ClashLegends-开发素材库/03-制作中/正义天使/audio-prepared/kayle/txtp/Play_sfx_Kayle_KayleBasicAttack2_OnCast {r2}.txtp,ef6c4e70e76bb70c5db49638a01c2f987d87a79ceec97d81dd76661ee0c86064,.team0.form0.audio.attack_swing[1][1];.team1.form0.audio.attack_swing[1][1],
kayle,正义天使,音效,assets/audio/units/kayle/play_sfx_kayle_kaylebasicattack2_oncast_r3.wav,自动增益残留（波形确认）,17.0,-4.0,-5.0,8.0,1.0,/Users/czh/Projects/Clash Legends/ClashLegends-开发素材库/03-制作中/正义天使/audio-prepared/kayle/txtp/Play_sfx_Kayle_KayleBasicAttack2_OnCast {r3}.txtp,a2d3d8b3d1ad4c3d279abf97530ed72e04e8b210b4ef3b3a3e9272c447065ca8,.team0.form0.audio.attack_swing[1][2];.team1.form0.audio.attack_swing[1][2],
kayle,正义天使,音效,assets/audio/units/kayle/play_sfx_kayle_kaylebasicattack2_oncast_r4.wav,自动增益残留（波形确认）,17.0,-4.0,-5.0,8.0,1.0,/Users/czh/Projects/Clash Legends/ClashLegends-开发素材库/03-制作中/正义天使/audio-prepared/kayle/txtp/Play_sfx_Kayle_KayleBasicAttack2_OnCast {r4}.txtp,4a9b9a0dd830187f3903ee95dc8b74a42290d0c9936462f4f11358a17b4cf91a,.team0.form0.audio.attack_swing[1][3];.team1.form0.audio.attack_swing[1][3],
kayle,正义天使,音效,assets/audio/units/kayle/play_sfx_kayle_kaylebasicattack2_onhit_r1.wav,自动增益残留（波形确认）,17.0,-4.0,-5.0,8.0,1.0,/Users/czh/Projects/Clash Legends/ClashLegends-开发素材库/03-制作中/正义天使/audio-prepared/kayle/txtp/Play_sfx_Kayle_KayleBasicAttack2_OnHit {r1}.txtp,818da1d3239aa763e86e2390e09bc1f733147354a0df101d8570740e99b00594,.team0.form0.audio.attack_hit_by_segment[1][0];.team1.form0.audio.attack_hit_by_segment[1][0],
kayle,正义天使,音效,assets/audio/units/kayle/play_sfx_kayle_kaylebasicattack2_onhit_r2.wav,自动增益残留（波形确认）,17.0,-4.0,-5.0,8.0,1.0,/Users/czh/Projects/Clash Legends/ClashLegends-开发素材库/03-制作中/正义天使/audio-prepared/kayle/txtp/Play_sfx_Kayle_KayleBasicAttack2_OnHit {r2}.txtp,3e1eae63120fa619378b583caa4aabdf34ef3ea3b43b9efc9aaed6d938145b3e,.team0.form0.audio.attack_hit_by_segment[1][1];.team1.form0.audio.attack_hit_by_segment[1][1],
kayle,正义天使,音效,assets/audio/units/kayle/play_sfx_kayle_kaylebasicattack2_onhit_r3.wav,自动增益残留（波形确认）,17.0,-4.0,-5.0,8.0,1.0,/Users/czh/Projects/Clash Legends/ClashLegends-开发素材库/03-制作中/正义天使/audio-prepared/kayle/txtp/Play_sfx_Kayle_KayleBasicAttack2_OnHit {r3}.txtp,723810b102fc439e561ab042105b2b12778ba62bf30bfc8b8b32271f53e4267d,.team0.form0.audio.attack_hit_by_segment[1][2];.team1.form0.audio.attack_hit_by_segment[1][2],
kayle,正义天使,音效,assets/audio/units/kayle/play_sfx_kayle_kaylebasicattack2_onhit_r4.wav,自动增益残留（波形确认）,17.0,-4.0,-5.0,8.0,1.0,/Users/czh/Projects/Clash Legends/ClashLegends-开发素材库/03-制作中/正义天使/audio-prepared/kayle/txtp/Play_sfx_Kayle_KayleBasicAttack2_OnHit {r4}.txtp,2e38e0de0ad6d0f9a4003ed7fe37037d79402c004464aaf6acaa8488d06660cd,.team0.form0.audio.attack_hit_by_segment[1][3];.team1.form0.audio.attack_hit_by_segment[1][3],
kayle_ranged,正义天使（远程）,音效,assets/audio/units/kayle/play_sfx_kayle_kaylebasicattack3_oncast_r1_d.wav,自动增益残留（波形确认）,17.0,-4.0,-5.0,8.0,1.0,/Users/czh/Projects/Clash Legends/ClashLegends-开发素材库/03-制作中/正义天使/audio-prepared/kayle/txtp/Play_sfx_Kayle_KayleBasicAttack3_OnCast {r1} {d}.txtp,594dba641e5789726218bc9051f043e8ae01bd33eb61564e1326c971a280120b,.team0.form0.audio.attack_swing[0][0];.team1.form0.audio.attack_swing[0][0],
kayle_ranged,正义天使（远程）,音效,assets/audio/units/kayle/play_sfx_kayle_kaylebasicattack3_oncast_r2_d.wav,自动增益残留（波形确认）,17.0,-4.0,-5.0,8.0,1.0,/Users/czh/Projects/Clash Legends/ClashLegends-开发素材库/03-制作中/正义天使/audio-prepared/kayle/txtp/Play_sfx_Kayle_KayleBasicAttack3_OnCast {r2} {d}.txtp,ef6c4e70e76bb70c5db49638a01c2f987d87a79ceec97d81dd76661ee0c86064,.team0.form0.audio.attack_swing[0][1];.team1.form0.audio.attack_swing[0][1],
kayle_ranged,正义天使（远程）,音效,assets/audio/units/kayle/play_sfx_kayle_kaylebasicattack3_oncast_r3_d.wav,自动增益残留（波形确认）,17.0,-4.0,-5.0,8.0,1.0,/Users/czh/Projects/Clash Legends/ClashLegends-开发素材库/03-制作中/正义天使/audio-prepared/kayle/txtp/Play_sfx_Kayle_KayleBasicAttack3_OnCast {r3} {d}.txtp,a2d3d8b3d1ad4c3d279abf97530ed72e04e8b210b4ef3b3a3e9272c447065ca8,.team0.form0.audio.attack_swing[0][2];.team1.form0.audio.attack_swing[0][2],
kayle_ranged,正义天使（远程）,音效,assets/audio/units/kayle/play_sfx_kayle_kaylebasicattack3_oncast_r4_d.wav,自动增益残留（波形确认）,17.0,-4.0,-5.0,8.0,1.0,/Users/czh/Projects/Clash Legends/ClashLegends-开发素材库/03-制作中/正义天使/audio-prepared/kayle/txtp/Play_sfx_Kayle_KayleBasicAttack3_OnCast {r4} {d}.txtp,4a9b9a0dd830187f3903ee95dc8b74a42290d0c9936462f4f11358a17b4cf91a,.team0.form0.audio.attack_swing[0][3];.team1.form0.audio.attack_swing[0][3],
kayle_ranged,正义天使（远程）,音效,assets/audio/units/kayle/play_sfx_kayle_kaylebasicattack3_onhit.wav,自动增益残留（波形确认）,16.0,-4.0,-5.0,7.0,1.0,/Users/czh/Projects/Clash Legends/ClashLegends-开发素材库/03-制作中/正义天使/audio-prepared/kayle/txtp/Play_sfx_Kayle_KayleBasicAttack3_OnHit.txtp,d62b82646e79b2cf4f28eaaa042b88eac22799617dd37240c9c75901f307f3df,.team0.form0.audio.attack_hit_by_segment[0][0];.team1.form0.audio.attack_hit_by_segment[0][0],
kayle_ranged,正义天使（远程）,音效,assets/audio/units/kayle/play_sfx_kayle_kaylebasicattack3_onmissilecast.wav,自动增益残留（波形确认）,20.0,-4.0,0,16.0,1.0,/Users/czh/Projects/Clash Legends/ClashLegends-开发素材库/03-制作中/正义天使/audio-prepared/kayle/txtp/Play_sfx_Kayle_KayleBasicAttack3_OnMissileCast.txtp,082fbfbb7068c625d5ef760291558f8270b4f9f350f32cf7a88b579d5ef62f23,.team0.form0.audio.attack_launch_by_segment[0][0];.team1.form0.audio.attack_launch_by_segment[0][0],
kayle_ranged,正义天使（远程）,音效,assets/audio/units/kayle/play_sfx_kayle_kaylebasicattack4_oncast_r1_d.wav,自动增益残留（波形确认）,17.0,-4.0,-5.0,8.0,1.0,/Users/czh/Projects/Clash Legends/ClashLegends-开发素材库/03-制作中/正义天使/audio-prepared/kayle/txtp/Play_sfx_Kayle_KayleBasicAttack4_OnCast {r1} {d}.txtp,594dba641e5789726218bc9051f043e8ae01bd33eb61564e1326c971a280120b,.team0.form0.audio.attack_swing[1][0];.team1.form0.audio.attack_swing[1][0],
kayle_ranged,正义天使（远程）,音效,assets/audio/units/kayle/play_sfx_kayle_kaylebasicattack4_oncast_r2_d.wav,自动增益残留（波形确认）,17.0,-4.0,-5.0,8.0,1.0,/Users/czh/Projects/Clash Legends/ClashLegends-开发素材库/03-制作中/正义天使/audio-prepared/kayle/txtp/Play_sfx_Kayle_KayleBasicAttack4_OnCast {r2} {d}.txtp,ef6c4e70e76bb70c5db49638a01c2f987d87a79ceec97d81dd76661ee0c86064,.team0.form0.audio.attack_swing[1][1];.team1.form0.audio.attack_swing[1][1],
kayle_ranged,正义天使（远程）,音效,assets/audio/units/kayle/play_sfx_kayle_kaylebasicattack4_oncast_r3_d.wav,自动增益残留（波形确认）,17.0,-4.0,-5.0,8.0,1.0,/Users/czh/Projects/Clash Legends/ClashLegends-开发素材库/03-制作中/正义天使/audio-prepared/kayle/txtp/Play_sfx_Kayle_KayleBasicAttack4_OnCast {r3} {d}.txtp,a2d3d8b3d1ad4c3d279abf97530ed72e04e8b210b4ef3b3a3e9272c447065ca8,.team0.form0.audio.attack_swing[1][2];.team1.form0.audio.attack_swing[1][2],
kayle_ranged,正义天使（远程）,音效,assets/audio/units/kayle/play_sfx_kayle_kaylebasicattack4_oncast_r4_d.wav,自动增益残留（波形确认）,17.0,-4.0,-5.0,8.0,1.0,/Users/czh/Projects/Clash Legends/ClashLegends-开发素材库/03-制作中/正义天使/audio-prepared/kayle/txtp/Play_sfx_Kayle_KayleBasicAttack4_OnCast {r4} {d}.txtp,4a9b9a0dd830187f3903ee95dc8b74a42290d0c9936462f4f11358a17b4cf91a,.team0.form0.audio.attack_swing[1][3];.team1.form0.audio.attack_swing[1][3],
kayle_ranged,正义天使（远程）,音效,assets/audio/units/kayle/play_sfx_kayle_kaylebasicattack4_onhit_d.wav,自动增益残留（波形确认）,16.0,-4.0,-5.0,7.0,1.0,/Users/czh/Projects/Clash Legends/ClashLegends-开发素材库/03-制作中/正义天使/audio-prepared/kayle/txtp/Play_sfx_Kayle_KayleBasicAttack4_OnHit {d}.txtp,d62b82646e79b2cf4f28eaaa042b88eac22799617dd37240c9c75901f307f3df,.team0.form0.audio.attack_hit_by_segment[1][0];.team1.form0.audio.attack_hit_by_segment[1][0],
kayle_ranged,正义天使（远程）,音效,assets/audio/units/kayle/play_sfx_kayle_kaylebasicattack4_onmissilecast_d.wav,自动增益残留（波形确认）,20.0,-4.0,0,16.0,1.0,/Users/czh/Projects/Clash Legends/ClashLegends-开发素材库/03-制作中/正义天使/audio-prepared/kayle/txtp/Play_sfx_Kayle_KayleBasicAttack4_OnMissileCast {d}.txtp,082fbfbb7068c625d5ef760291558f8270b4f9f350f32cf7a88b579d5ef62f23,.team0.form0.audio.attack_launch_by_segment[1][0];.team1.form0.audio.attack_launch_by_segment[1][0],
kayle,正义天使,音效,assets/audio/units/kayle/play_sfx_kayle_kaylebasicattack_oncast_r1_d.wav,自动增益残留（波形确认）,17.0,-4.0,-5.0,8.0,1.0,/Users/czh/Projects/Clash Legends/ClashLegends-开发素材库/03-制作中/正义天使/audio-prepared/kayle/txtp/Play_sfx_Kayle_KayleBasicAttack_OnCast {r1} {d}.txtp,594dba641e5789726218bc9051f043e8ae01bd33eb61564e1326c971a280120b,.team0.form0.audio.attack_swing[0][0];.team1.form0.audio.attack_swing[0][0],
kayle,正义天使,音效,assets/audio/units/kayle/play_sfx_kayle_kaylebasicattack_oncast_r2_d.wav,自动增益残留（波形确认）,17.0,-4.0,-5.0,8.0,1.0,/Users/czh/Projects/Clash Legends/ClashLegends-开发素材库/03-制作中/正义天使/audio-prepared/kayle/txtp/Play_sfx_Kayle_KayleBasicAttack_OnCast {r2} {d}.txtp,ef6c4e70e76bb70c5db49638a01c2f987d87a79ceec97d81dd76661ee0c86064,.team0.form0.audio.attack_swing[0][1];.team1.form0.audio.attack_swing[0][1],
kayle,正义天使,音效,assets/audio/units/kayle/play_sfx_kayle_kaylebasicattack_oncast_r3_d.wav,自动增益残留（波形确认）,17.0,-4.0,-5.0,8.0,1.0,/Users/czh/Projects/Clash Legends/ClashLegends-开发素材库/03-制作中/正义天使/audio-prepared/kayle/txtp/Play_sfx_Kayle_KayleBasicAttack_OnCast {r3} {d}.txtp,a2d3d8b3d1ad4c3d279abf97530ed72e04e8b210b4ef3b3a3e9272c447065ca8,.team0.form0.audio.attack_swing[0][2];.team1.form0.audio.attack_swing[0][2],
kayle,正义天使,音效,assets/audio/units/kayle/play_sfx_kayle_kaylebasicattack_oncast_r4_d.wav,自动增益残留（波形确认）,17.0,-4.0,-5.0,8.0,1.0,/Users/czh/Projects/Clash Legends/ClashLegends-开发素材库/03-制作中/正义天使/audio-prepared/kayle/txtp/Play_sfx_Kayle_KayleBasicAttack_OnCast {r4} {d}.txtp,4a9b9a0dd830187f3903ee95dc8b74a42290d0c9936462f4f11358a17b4cf91a,.team0.form0.audio.attack_swing[0][3];.team1.form0.audio.attack_swing[0][3],
kayle,正义天使,音效,assets/audio/units/kayle/play_sfx_kayle_kaylebasicattack_onhit_r1_d.wav,自动增益残留（波形确认）,17.0,-4.0,-5.0,8.0,1.0,/Users/czh/Projects/Clash Legends/ClashLegends-开发素材库/03-制作中/正义天使/audio-prepared/kayle/txtp/Play_sfx_Kayle_KayleBasicAttack_OnHit {r1} {d}.txtp,818da1d3239aa763e86e2390e09bc1f733147354a0df101d8570740e99b00594,.team0.form0.audio.attack_hit_by_segment[0][0];.team1.form0.audio.attack_hit_by_segment[0][0],
kayle,正义天使,音效,assets/audio/units/kayle/play_sfx_kayle_kaylebasicattack_onhit_r2_d.wav,自动增益残留（波形确认）,17.0,-4.0,-5.0,8.0,1.0,/Users/czh/Projects/Clash Legends/ClashLegends-开发素材库/03-制作中/正义天使/audio-prepared/kayle/txtp/Play_sfx_Kayle_KayleBasicAttack_OnHit {r2} {d}.txtp,3e1eae63120fa619378b583caa4aabdf34ef3ea3b43b9efc9aaed6d938145b3e,.team0.form0.audio.attack_hit_by_segment[0][1];.team1.form0.audio.attack_hit_by_segment[0][1],
kayle,正义天使,音效,assets/audio/units/kayle/play_sfx_kayle_kaylebasicattack_onhit_r3_d.wav,自动增益残留（波形确认）,17.0,-4.0,-5.0,8.0,1.0,/Users/czh/Projects/Clash Legends/ClashLegends-开发素材库/03-制作中/正义天使/audio-prepared/kayle/txtp/Play_sfx_Kayle_KayleBasicAttack_OnHit {r3} {d}.txtp,723810b102fc439e561ab042105b2b12778ba62bf30bfc8b8b32271f53e4267d,.team0.form0.audio.attack_hit_by_segment[0][2];.team1.form0.audio.attack_hit_by_segment[0][2],
kayle,正义天使,音效,assets/audio/units/kayle/play_sfx_kayle_kaylebasicattack_onhit_r4_d.wav,自动增益残留（波形确认）,17.0,-4.0,-5.0,8.0,1.0,/Users/czh/Projects/Clash Legends/ClashLegends-开发素材库/03-制作中/正义天使/audio-prepared/kayle/txtp/Play_sfx_Kayle_KayleBasicAttack_OnHit {r4} {d}.txtp,2e38e0de0ad6d0f9a4003ed7fe37037d79402c004464aaf6acaa8488d06660cd,.team0.form0.audio.attack_hit_by_segment[0][3];.team1.form0.audio.attack_hit_by_segment[0][3],
kayle;kayle_ranged,正义天使;正义天使（远程）,音效,assets/audio/units/kayle/play_sfx_kayle_kaylewheal_oncast_r1.wav,自动增益残留（波形确认）,16.0,-4.0,-3.0,9.0,1.0,/Users/czh/Projects/Clash Legends/ClashLegends-开发素材库/03-制作中/正义天使/audio-prepared/kayle/txtp/Play_sfx_Kayle_KayleWHeal_OnCast {r1}.txtp,00cf86bd4a15bea96a18e1485dbb58d6c2a45365588facc0c95e6c4cc36e414f,.team0.form0.audio.events.active:cast.pool[0];.team1.form0.audio.events.active:cast.pool[0],
kayle;kayle_ranged,正义天使;正义天使（远程）,音效,assets/audio/units/kayle/play_sfx_kayle_kaylewheal_oncast_r2.wav,自动增益残留（波形确认）,16.0,-4.0,-3.0,9.0,1.0,/Users/czh/Projects/Clash Legends/ClashLegends-开发素材库/03-制作中/正义天使/audio-prepared/kayle/txtp/Play_sfx_Kayle_KayleWHeal_OnCast {r2}.txtp,a276d378b6ce41f6efe608a98b29dae436dada1280637f7cb111df2d08be6f6c,.team0.form0.audio.events.active:cast.pool[1];.team1.form0.audio.events.active:cast.pool[1],
kayle;kayle_ranged,正义天使;正义天使（远程）,音效,assets/audio/units/kayle/play_sfx_kayle_kaylewheal_oncast_r3.wav,自动增益残留（波形确认）,16.0,-4.0,-3.0,9.0,1.0,/Users/czh/Projects/Clash Legends/ClashLegends-开发素材库/03-制作中/正义天使/audio-prepared/kayle/txtp/Play_sfx_Kayle_KayleWHeal_OnCast {r3}.txtp,60fd09e3e3bea0a01da5ae0324459f84410c3d83ebe2c5fd4bb6586f1fafd1e7,.team0.form0.audio.events.active:cast.pool[2];.team1.form0.audio.events.active:cast.pool[2],
kayle;kayle_ranged,正义天使;正义天使（远程）,音效,assets/audio/units/kayle/play_sfx_kayle_kaylewheal_oncast_r4.wav,自动增益残留（波形确认）,16.0,-4.0,-3.0,9.0,1.0,/Users/czh/Projects/Clash Legends/ClashLegends-开发素材库/03-制作中/正义天使/audio-prepared/kayle/txtp/Play_sfx_Kayle_KayleWHeal_OnCast {r4}.txtp,ec2567d3861cbe41d3a1e2d3fc44d30e03dccdaa74081a0449da0497ac18102f,.team0.form0.audio.events.active:cast.pool[3];.team1.form0.audio.events.active:cast.pool[3],
kayle_ranged,正义天使（远程）,音效,assets/audio/units/kayle/wave_hit.wav,自动增益残留（波形确认）,14.0,-4.0,-5.0,5.0,1.0,/Users/czh/Projects/Clash Legends/ClashLegends-开发素材库/03-制作中/正义天使/audio-prepared/kayle/txtp/Play_sfx_Kayle_KayleEnrageConeMis_hit.txtp,287287993be73a18a901ef15fd433bc5dfea439544ba04787aade8646e7823ee,.team0.form0.audio.events.attack_wave:hit.pool[0];.team1.form0.audio.events.attack_wave:hit.pool[0],
kayle_ranged,正义天使（远程）,音效,assets/audio/units/kayle/wave_launch_r1.wav,自动增益残留（波形确认）,19.0,-4.0,-5.0,10.0,1.0,/Users/czh/Projects/Clash Legends/ClashLegends-开发素材库/03-制作中/正义天使/audio-prepared/kayle/txtp/Play_sfx_Kayle_KayleEnrageConeMis_OnMissileCast {r1}.txtp,f3634b5a1fd948a981bf36d2d5983833fb64680993f476c9a81d15ac7dd90d88,.team0.form0.audio.events.attack_wave:launch.pool[0];.team1.form0.audio.events.attack_wave:launch.pool[0],补偿原生70ms动作延迟后做波形比对
kayle_ranged,正义天使（远程）,音效,assets/audio/units/kayle/wave_launch_r2.wav,自动增益残留（波形确认）,19.0,-4.0,-5.0,10.0,1.0,/Users/czh/Projects/Clash Legends/ClashLegends-开发素材库/03-制作中/正义天使/audio-prepared/kayle/txtp/Play_sfx_Kayle_KayleEnrageConeMis_OnMissileCast {r2}.txtp,b37017ef231c84b2d66865fde2acaf58e498fdbab4fd39a28ed165477225e555,.team0.form0.audio.events.attack_wave:launch.pool[1];.team1.form0.audio.events.attack_wave:launch.pool[1],补偿原生70ms动作延迟后做波形比对
kayle_ranged,正义天使（远程）,音效,assets/audio/units/kayle/wave_launch_r3.wav,自动增益残留（波形确认）,19.0,-4.0,-5.0,10.0,1.0,/Users/czh/Projects/Clash Legends/ClashLegends-开发素材库/03-制作中/正义天使/audio-prepared/kayle/txtp/Play_sfx_Kayle_KayleEnrageConeMis_OnMissileCast {r3}.txtp,fb378ea10beccb614eb4550589683ea0e4d062dca1d03d93c14c4cfb510357e7,.team0.form0.audio.events.attack_wave:launch.pool[2];.team1.form0.audio.events.attack_wave:launch.pool[2],补偿原生70ms动作延迟后做波形比对
kayle_ranged,正义天使（远程）,音效,assets/audio/units/kayle/wave_launch_r4.wav,自动增益残留（波形确认）,19.0,-4.0,-5.0,10.0,1.0,/Users/czh/Projects/Clash Legends/ClashLegends-开发素材库/03-制作中/正义天使/audio-prepared/kayle/txtp/Play_sfx_Kayle_KayleEnrageConeMis_OnMissileCast {r4}.txtp,dad7781ea819f5b61c46c8e72bfa88f9ab94bad34e19d59c8ef21055c5ef7b6f,.team0.form0.audio.events.attack_wave:launch.pool[3];.team1.form0.audio.events.attack_wave:launch.pool[3],补偿原生70ms动作延迟后做波形比对
kayn_assassin,影流刺客,音效,assets/audio/units/kayn/kayn_assassin_attack1_1.wav,自动增益残留（波形确认）,16.0,-6.0,1.0,11.0,1.0,/Users/czh/Projects/Clash Legends/ClashLegends-开发素材库/03-制作中/凯隐/audio/kayn/txtp/Play_sfx_Kayn_KaynBasicAttack_OnCast [kayn=1486053686] {r1} {d}.txtp,0b09181492daedb30da65b20d4837ede8544b5f8e77724f58aa17f4021926c99,.team0.form0.audio.attack_swing[0][0];.team1.form0.audio.attack_swing[0][0],
kayn_assassin,影流刺客,音效,assets/audio/units/kayn/kayn_assassin_attack1_2.wav,自动增益残留（波形确认）,16.0,-6.0,1.0,11.0,1.0,/Users/czh/Projects/Clash Legends/ClashLegends-开发素材库/03-制作中/凯隐/audio/kayn/txtp/Play_sfx_Kayn_KaynBasicAttack_OnCast [kayn=1486053686] {r2} {d}.txtp,cc7c37334d2513b89aff6f82df521c2b7e3480558f1f81a7616a59a151fbffc9,.team0.form0.audio.attack_swing[0][1];.team1.form0.audio.attack_swing[0][1],
kayn_assassin,影流刺客,音效,assets/audio/units/kayn/kayn_assassin_attack2_1.wav,自动增益残留（波形确认）,16.0,-6.0,1.0,11.0,1.0,/Users/czh/Projects/Clash Legends/ClashLegends-开发素材库/03-制作中/凯隐/audio/kayn/txtp/Play_sfx_Kayn_KaynBasicAttack2_OnCast [kayn=1486053686] {r1}.txtp,0b09181492daedb30da65b20d4837ede8544b5f8e77724f58aa17f4021926c99,.team0.form0.audio.attack_swing[1][0];.team1.form0.audio.attack_swing[1][0],
kayn_assassin,影流刺客,音效,assets/audio/units/kayn/kayn_assassin_attack2_2.wav,自动增益残留（波形确认）,16.0,-6.0,1.0,11.0,1.0,/Users/czh/Projects/Clash Legends/ClashLegends-开发素材库/03-制作中/凯隐/audio/kayn/txtp/Play_sfx_Kayn_KaynBasicAttack2_OnCast [kayn=1486053686] {r2}.txtp,cc7c37334d2513b89aff6f82df521c2b7e3480558f1f81a7616a59a151fbffc9,.team0.form0.audio.attack_swing[1][1];.team1.form0.audio.attack_swing[1][1],
kayn_assassin,影流刺客,音效,assets/audio/units/kayn/kayn_assassin_attack3_1.wav,自动增益残留（波形确认）,16.0,-6.0,1.0,11.0,1.0,/Users/czh/Projects/Clash Legends/ClashLegends-开发素材库/03-制作中/凯隐/audio/kayn/txtp/Play_sfx_Kayn_KaynBasicAttack3_OnCast [kayn=1486053686] {r1}.txtp,4e6eece6ec700f444e9aafcc5fedea6c717296a725214626820ecde0244f884c,.team0.form0.audio.attack_swing[2][0];.team1.form0.audio.attack_swing[2][0],
kayn_assassin,影流刺客,音效,assets/audio/units/kayn/kayn_assassin_attack3_2.wav,自动增益残留（波形确认）,16.0,-6.0,1.0,11.0,1.0,/Users/czh/Projects/Clash Legends/ClashLegends-开发素材库/03-制作中/凯隐/audio/kayn/txtp/Play_sfx_Kayn_KaynBasicAttack3_OnCast [kayn=1486053686] {r2}.txtp,61f33510fbe40025305af9d5e5e1e57567f7f55fc813cea689ce612d6b2596e7,.team0.form0.audio.attack_swing[2][1];.team1.form0.audio.attack_swing[2][1],
kayn_assassin,影流刺客,音效,assets/audio/units/kayn/kayn_assassin_attack_hit_1.wav,自动增益残留（波形确认）,15.0,-6.0,1.0,10.0,1.0,/Users/czh/Projects/Clash Legends/ClashLegends-开发素材库/03-制作中/凯隐/audio/kayn/txtp/Play_sfx_Kayn_KaynBasicAttack_OnHit [1559186049=1153642577] {r1} {d}.txtp,9a537d320690c191c2a249fea0a28a84bf60b1b959d90a8a91201ce38eb40a83,.team0.form0.audio.attack_hit[0];.team1.form0.audio.attack_hit[0],
kayn_assassin,影流刺客,音效,assets/audio/units/kayn/kayn_assassin_attack_hit_2.wav,自动增益残留（波形确认）,15.0,-6.0,1.0,10.0,1.0,/Users/czh/Projects/Clash Legends/ClashLegends-开发素材库/03-制作中/凯隐/audio/kayn/txtp/Play_sfx_Kayn_KaynBasicAttack_OnHit [1559186049=1153642577] {r2} {d}.txtp,eee40fd1f65949ceed7d3b59f136fad6678783a643ebf83156f0aee9229550fe,.team0.form0.audio.attack_hit[1];.team1.form0.audio.attack_hit[1],
kayn_assassin,影流刺客,音效,assets/audio/units/kayn/kayn_assassin_death_1.wav,自动增益残留（波形确认）,22.0,-6.0,2.0,18.0,1.0,/Users/czh/Projects/Clash Legends/ClashLegends-开发素材库/03-制作中/凯隐/audio/kayn/txtp/Play_sfx_Kayn_Death3D_buffactivate.txtp,15403529cf15063888a811c62ec90b0d6cec4637dc37f145c9db1c8188f3dd3d,.team0.form0.audio.events.death.pool[0];.team1.form0.audio.events.death.pool[0],
kayn_assassin,影流刺客,语音,assets/audio/units/kayn/kayn_assassin_deploy_voice_1.wav,自动增益残留（波形确认）,10.0,-6.0,3.0,7.0,1.0,/Users/czh/Projects/Clash Legends/ClashLegends-开发素材库/03-制作中/凯隐/voice-selection/assassin/txtp/Play_vo_Kayn_Spell3DPCastAssassin {r1}.txtp,f5b4412b4be8953ca1d7a9267bd1a18ca5567b70d2e706c49c0094f8b5c086c2,.team0.form0.audio.events.deploy:voice.pool[0];.team1.form0.audio.events.deploy:voice.pool[0],
kayn_assassin,影流刺客,语音,assets/audio/units/kayn/kayn_assassin_deploy_voice_2.wav,自动增益残留（波形确认）,10.0,-6.0,3.0,7.0,1.0,/Users/czh/Projects/Clash Legends/ClashLegends-开发素材库/03-制作中/凯隐/voice-selection/assassin/txtp/Play_vo_Kayn_Spell3DPCastAssassin {r4}.txtp,cbfa37e49976f360669e49984842515aa857645cd5dd1e0d49f2fc62410aadd3,.team0.form0.audio.events.deploy:voice.pool[1];.team1.form0.audio.events.deploy:voice.pool[1],
kayn_assassin,影流刺客,语音,assets/audio/units/kayn/kayn_assassin_deploy_voice_3.wav,自动增益残留（波形确认）,15.0,-6.0,3.0,12.0,1.0,/Users/czh/Projects/Clash Legends/ClashLegends-开发素材库/03-制作中/凯隐/voice-selection/move/txtp/Play_vo_Kayn_Move2DStandard [kayn=1486053686] {r1}.txtp,4c3b450e5269658918d8cd42c1041a35dfa591dd129cbf9207f4f506087838c3,.team0.form0.audio.events.deploy:voice.pool[2];.team1.form0.audio.events.deploy:voice.pool[2],
kayn_assassin,影流刺客,音效,assets/audio/units/kayn/kayn_assassin_q_cast_1.wav,自动增益残留（波形确认）,18.0,-6.0,2.0,14.0,1.0,/Users/czh/Projects/Clash Legends/ClashLegends-开发素材库/03-制作中/凯隐/audio/kayn/txtp/Play_sfx_Kayn_KaynQ_OnCast [kayn=1486053686].txtp,f5901323d534e3fca8663c1353ed854d1c73f02785153cf75d0d6bc4f03948ff,.team0.form0.audio.events.active:cast.pool[0];.team1.form0.audio.events.active:cast.pool[0],
kayn_assassin,影流刺客,音效,assets/audio/units/kayn/kayn_assassin_q_hit_1.wav,自动增益残留（波形确认）,11.0,-6.0,2.0,7.0,1.0,/Users/czh/Projects/Clash Legends/ClashLegends-开发素材库/03-制作中/凯隐/audio/kayn/txtp/Play_sfx_Kayn_KaynQ_hit [1559186049=1153642577] {r1}.txtp,9a537d320690c191c2a249fea0a28a84bf60b1b959d90a8a91201ce38eb40a83,.team0.form0.audio.events.active:hit.pool[0];.team1.form0.audio.events.active:hit.pool[0],
kayn_assassin,影流刺客,音效,assets/audio/units/kayn/kayn_assassin_q_spin_1.wav,自动增益残留（波形确认）,17.0,-6.0,2.0,13.0,1.0,/Users/czh/Projects/Clash Legends/ClashLegends-开发素材库/03-制作中/凯隐/audio/kayn/txtp/Play_sfx_Kayn_KaynQ_spin [kayn=1486053686].txtp,89f05b5c3c9f1ccdd677c2c729efc31e892b7dd7729adc20e6bbe8013217ef5b,.team0.form0.audio.events.active:spin.pool[0];.team1.form0.audio.events.active:spin.pool[0],
kayn_assassin,影流刺客,音效,assets/audio/units/kayn/kayn_assassin_terrain_1.wav,自动增益残留（波形确认）,12.0,-6.0,2.0,8.0,1.0,/Users/czh/Projects/Clash Legends/ClashLegends-开发素材库/03-制作中/凯隐/audio/kayn/txtp/Play_sfx_Kayn_KaynE_OnCast [kayn=1486053686] {r1}.txtp,00b37c9f11b3a5d6b9de2b3b0e09ee49c3956868e85498652fe807820dec751d,.team0.form0.audio.events.terrain:enter.pool[0];.team1.form0.audio.events.terrain:enter.pool[0],
kayn_assassin,影流刺客,音效,assets/audio/units/kayn/kayn_assassin_terrain_exit.wav,自动增益残留（波形确认）,13.0,-6.0,2.0,9.0,1.0,/Users/czh/Projects/Clash Legends/ClashLegends-开发素材库/03-制作中/凯隐/audio/kayn/txtp/Play_sfx_Kayn_KaynE_OnBuffDeactivate [kayn=1486053686] {r1}.txtp,deaf47f9dab3550ab7912b8a9f260ab029d59876e3646feb96c7331eea0f212e,.team0.form0.audio.events.terrain:exit.pool[0];.team1.form0.audio.events.terrain:exit.pool[0],
kayn_assassin,影流刺客,音效,assets/audio/units/kayn/kayn_assassin_terrain_sustain.wav,自动增益残留（波形确认）,11.0,-6.0,2.0,7.0,1.0,/Users/czh/Projects/Clash Legends/ClashLegends-开发素材库/03-制作中/凯隐/audio/kayn/txtp/Play_sfx_Kayn_KaynE_OnBuffActivate [kayn=1486053686].txtp,8f214f28e4aac7ebc4090ae0adaa16301f9a0bb2eab8b992dc853b02708c2657,.team0.form0.audio.events.terrain:sustain.pool[0];.team1.form0.audio.events.terrain:sustain.pool[0],
kayn,凯隐,音效,assets/audio/units/kayn/kayn_attack1_1.wav,自动增益残留（波形确认）,16.0,-6.0,1.0,11.0,1.0,/Users/czh/Projects/Clash Legends/ClashLegends-开发素材库/03-制作中/凯隐/audio/kayn/txtp/Play_sfx_Kayn_KaynBasicAttack_OnCast [kayn=base] {r1} {d}.txtp,67f072eb7bd4b4b34438de7b337c87695d454ef3cf134eaedf2178e99bb931fe,.team0.form0.audio.attack_swing[0][0];.team1.form0.audio.attack_swing[0][0],
kayn,凯隐,音效,assets/audio/units/kayn/kayn_attack1_2.wav,自动增益残留（波形确认）,16.0,-6.0,1.0,11.0,1.0,/Users/czh/Projects/Clash Legends/ClashLegends-开发素材库/03-制作中/凯隐/audio/kayn/txtp/Play_sfx_Kayn_KaynBasicAttack_OnCast [kayn=base] {r2} {d}.txtp,43bb76ce379e501b7d0ad2aae246b458fcf608d4be11621bfbccda20599011bb,.team0.form0.audio.attack_swing[0][1];.team1.form0.audio.attack_swing[0][1],
kayn,凯隐,音效,assets/audio/units/kayn/kayn_attack2_1.wav,自动增益残留（波形确认）,16.0,-6.0,1.0,11.0,1.0,/Users/czh/Projects/Clash Legends/ClashLegends-开发素材库/03-制作中/凯隐/audio/kayn/txtp/Play_sfx_Kayn_KaynBasicAttack2_OnCast [kayn=base] {r1}.txtp,67f072eb7bd4b4b34438de7b337c87695d454ef3cf134eaedf2178e99bb931fe,.team0.form0.audio.attack_swing[1][0];.team1.form0.audio.attack_swing[1][0],
kayn,凯隐,音效,assets/audio/units/kayn/kayn_attack2_2.wav,自动增益残留（波形确认）,16.0,-6.0,1.0,11.0,1.0,/Users/czh/Projects/Clash Legends/ClashLegends-开发素材库/03-制作中/凯隐/audio/kayn/txtp/Play_sfx_Kayn_KaynBasicAttack2_OnCast [kayn=base] {r2}.txtp,43bb76ce379e501b7d0ad2aae246b458fcf608d4be11621bfbccda20599011bb,.team0.form0.audio.attack_swing[1][1];.team1.form0.audio.attack_swing[1][1],
kayn,凯隐,音效,assets/audio/units/kayn/kayn_attack3_1.wav,自动增益残留（波形确认）,16.0,-6.0,1.0,11.0,1.0,/Users/czh/Projects/Clash Legends/ClashLegends-开发素材库/03-制作中/凯隐/audio/kayn/txtp/Play_sfx_Kayn_KaynBasicAttack3_OnCast [kayn=base] {r1}.txtp,4e6eece6ec700f444e9aafcc5fedea6c717296a725214626820ecde0244f884c,.team0.form0.audio.attack_swing[2][0];.team1.form0.audio.attack_swing[2][0],
kayn,凯隐,音效,assets/audio/units/kayn/kayn_attack3_2.wav,自动增益残留（波形确认）,16.0,-6.0,1.0,11.0,1.0,/Users/czh/Projects/Clash Legends/ClashLegends-开发素材库/03-制作中/凯隐/audio/kayn/txtp/Play_sfx_Kayn_KaynBasicAttack3_OnCast [kayn=base] {r2}.txtp,ddd3128775ea7ec9d7e529035e398cb54c4b878598a2b8e2ef06511a81900639,.team0.form0.audio.attack_swing[2][1];.team1.form0.audio.attack_swing[2][1],
kayn,凯隐,音效,assets/audio/units/kayn/kayn_attack_hit_1.wav,自动增益残留（波形确认）,15.0,-6.0,1.0,10.0,1.0,/Users/czh/Projects/Clash Legends/ClashLegends-开发素材库/03-制作中/凯隐/audio/kayn/txtp/Play_sfx_Kayn_KaynBasicAttack_OnHit [1559186049=1153642577] {r1} {d}.txtp,9a537d320690c191c2a249fea0a28a84bf60b1b959d90a8a91201ce38eb40a83,.team0.form0.audio.attack_hit[0];.team1.form0.audio.attack_hit[0],
kayn,凯隐,音效,assets/audio/units/kayn/kayn_attack_hit_2.wav,自动增益残留（波形确认）,15.0,-6.0,1.0,10.0,1.0,/Users/czh/Projects/Clash Legends/ClashLegends-开发素材库/03-制作中/凯隐/audio/kayn/txtp/Play_sfx_Kayn_KaynBasicAttack_OnHit [1559186049=1153642577] {r2} {d}.txtp,eee40fd1f65949ceed7d3b59f136fad6678783a643ebf83156f0aee9229550fe,.team0.form0.audio.attack_hit[1];.team1.form0.audio.attack_hit[1],
kayn,凯隐,音效,assets/audio/units/kayn/kayn_death_1.wav,自动增益残留（波形确认）,22.0,-6.0,2.0,18.0,1.0,/Users/czh/Projects/Clash Legends/ClashLegends-开发素材库/03-制作中/凯隐/audio/kayn/txtp/Play_sfx_Kayn_Death3D_buffactivate.txtp,15403529cf15063888a811c62ec90b0d6cec4637dc37f145c9db1c8188f3dd3d,.team0.form0.audio.events.death.pool[0];.team1.form0.audio.events.death.pool[0],
kayn,凯隐,语音,assets/audio/units/kayn/kayn_deploy_voice_1.wav,自动增益残留（波形确认）,15.0,-6.0,3.0,12.0,1.0,/Users/czh/Projects/Clash Legends/ClashLegends-开发素材库/03-制作中/凯隐/voice-selection/crab/txtp/Play_vo_Kayn_Attack2DRiftScuttler [kayn=base] {r1}.txtp,78da320c9573b633877287d841e96907b12eb761042a6caee143342635a25b09,.team0.form0.audio.events.deploy:voice.pool[0];.team1.form0.audio.events.deploy:voice.pool[0],
kayn,凯隐,语音,assets/audio/units/kayn/kayn_deploy_voice_2.wav,LCU直取/用户提供源，不经事件auto,,,3.0,,,,d615ed003b3293d2c9c2f1ad3e703a06cf5a746c12183862784258498eddc6ad,.team0.form0.audio.events.deploy:voice.pool[1];.team1.form0.audio.events.deploy:voice.pool[1],
kayn,凯隐,语音,assets/audio/units/kayn/kayn_deploy_voice_3.wav,自动增益残留（波形确认）,6.0,-6.0,3.0,3.0,1.0,/Users/czh/Projects/Clash Legends/ClashLegends-开发素材库/03-制作中/凯隐/voice-selection/e/txtp/Play_vo_Kayn_KaynE_cast3D [kayn=base] {r3}.txtp,2e938eafad562583135f9647e1ac0f7dc9248adb5c1ba51688686ea6366ce497,.team0.form0.audio.events.deploy:voice.pool[2];.team1.form0.audio.events.deploy:voice.pool[2],
kayn,凯隐,音效,assets/audio/units/kayn/kayn_q_cast_1.wav,自动增益残留（波形确认）,18.0,-6.0,2.0,14.0,1.0,/Users/czh/Projects/Clash Legends/ClashLegends-开发素材库/03-制作中/凯隐/audio/kayn/txtp/Play_sfx_Kayn_KaynQ_OnCast [kayn=base].txtp,20061d0a5c3bdc001c5548cd5eb19a284834fbe246b254083d481e75cca6b955,.team0.form0.audio.events.active:cast.pool[0];.team1.form0.audio.events.active:cast.pool[0],
kayn,凯隐,音效,assets/audio/units/kayn/kayn_q_hit_1.wav,自动增益残留（波形确认）,11.0,-6.0,2.0,7.0,1.0,/Users/czh/Projects/Clash Legends/ClashLegends-开发素材库/03-制作中/凯隐/audio/kayn/txtp/Play_sfx_Kayn_KaynQ_hit [1559186049=1153642577] {r1}.txtp,9a537d320690c191c2a249fea0a28a84bf60b1b959d90a8a91201ce38eb40a83,.team0.form0.audio.events.active:hit.pool[0];.team1.form0.audio.events.active:hit.pool[0],
kayn,凯隐,音效,assets/audio/units/kayn/kayn_q_spin_1.wav,自动增益残留（波形确认）,17.0,-6.0,2.0,13.0,1.0,/Users/czh/Projects/Clash Legends/ClashLegends-开发素材库/03-制作中/凯隐/audio/kayn/txtp/Play_sfx_Kayn_KaynQ_spin [kayn=base].txtp,4641ed640097e88c7604b6bf6651951e0d12a625f7bcff62c36a6b03ea35af9c,.team0.form0.audio.events.active:spin.pool[0];.team1.form0.audio.events.active:spin.pool[0],
kayn_slayer,拉亚斯特,音效,assets/audio/units/kayn/kayn_slayer_attack1_1.wav,自动增益残留（波形确认）,16.0,-6.0,1.0,11.0,1.0,/Users/czh/Projects/Clash Legends/ClashLegends-开发素材库/03-制作中/凯隐/audio/kayn/txtp/Play_sfx_Kayn_KaynBasicAttack_OnCast [kayn=2491259115] {r1} {d}.txtp,c1977a76e5bafce20143b0ccd96f4518012465afb1c6e4459bd895ab9affc248,.team0.form0.audio.attack_swing[0][0];.team1.form0.audio.attack_swing[0][0],
kayn_slayer,拉亚斯特,音效,assets/audio/units/kayn/kayn_slayer_attack1_2.wav,自动增益残留（波形确认）,16.0,-6.0,1.0,11.0,1.0,/Users/czh/Projects/Clash Legends/ClashLegends-开发素材库/03-制作中/凯隐/audio/kayn/txtp/Play_sfx_Kayn_KaynBasicAttack_OnCast [kayn=2491259115] {r2} {d}.txtp,8101a0affdacff742a7c580e397ddd4194f5abd5cd18b6823c7cb7fe91c38947,.team0.form0.audio.attack_swing[0][1];.team1.form0.audio.attack_swing[0][1],
kayn_slayer,拉亚斯特,音效,assets/audio/units/kayn/kayn_slayer_attack2_1.wav,自动增益残留（波形确认）,16.0,-6.0,1.0,11.0,1.0,/Users/czh/Projects/Clash Legends/ClashLegends-开发素材库/03-制作中/凯隐/audio/kayn/txtp/Play_sfx_Kayn_KaynBasicAttack2_OnCast [kayn=2491259115] {r1}.txtp,c1977a76e5bafce20143b0ccd96f4518012465afb1c6e4459bd895ab9affc248,.team0.form0.audio.attack_swing[1][0];.team1.form0.audio.attack_swing[1][0],
kayn_slayer,拉亚斯特,音效,assets/audio/units/kayn/kayn_slayer_attack2_2.wav,自动增益残留（波形确认）,16.0,-6.0,1.0,11.0,1.0,/Users/czh/Projects/Clash Legends/ClashLegends-开发素材库/03-制作中/凯隐/audio/kayn/txtp/Play_sfx_Kayn_KaynBasicAttack2_OnCast [kayn=2491259115] {r2}.txtp,8101a0affdacff742a7c580e397ddd4194f5abd5cd18b6823c7cb7fe91c38947,.team0.form0.audio.attack_swing[1][1];.team1.form0.audio.attack_swing[1][1],
kayn_slayer,拉亚斯特,音效,assets/audio/units/kayn/kayn_slayer_attack3_1.wav,自动增益残留（波形确认）,16.0,-6.0,1.0,11.0,1.0,/Users/czh/Projects/Clash Legends/ClashLegends-开发素材库/03-制作中/凯隐/audio/kayn/txtp/Play_sfx_Kayn_KaynBasicAttack3_OnCast [kayn=2491259115] {r1} {d}.txtp,4e6eece6ec700f444e9aafcc5fedea6c717296a725214626820ecde0244f884c,.team0.form0.audio.attack_swing[2][0];.team1.form0.audio.attack_swing[2][0],
kayn_slayer,拉亚斯特,音效,assets/audio/units/kayn/kayn_slayer_attack3_2.wav,自动增益残留（波形确认）,16.0,-6.0,1.0,11.0,1.0,/Users/czh/Projects/Clash Legends/ClashLegends-开发素材库/03-制作中/凯隐/audio/kayn/txtp/Play_sfx_Kayn_KaynBasicAttack3_OnCast [kayn=2491259115] {r2} {d}.txtp,ddd3128775ea7ec9d7e529035e398cb54c4b878598a2b8e2ef06511a81900639,.team0.form0.audio.attack_swing[2][1];.team1.form0.audio.attack_swing[2][1],
kayn_slayer,拉亚斯特,音效,assets/audio/units/kayn/kayn_slayer_attack_hit_1.wav,自动增益残留（波形确认）,15.0,-6.0,1.0,10.0,1.0,/Users/czh/Projects/Clash Legends/ClashLegends-开发素材库/03-制作中/凯隐/audio/kayn/txtp/Play_sfx_Kayn_KaynBasicAttack_OnHit [1559186049=1153642577] {r1} {d}.txtp,9a537d320690c191c2a249fea0a28a84bf60b1b959d90a8a91201ce38eb40a83,.team0.form0.audio.attack_hit[0];.team1.form0.audio.attack_hit[0],
kayn_slayer,拉亚斯特,音效,assets/audio/units/kayn/kayn_slayer_attack_hit_2.wav,自动增益残留（波形确认）,15.0,-6.0,1.0,10.0,1.0,/Users/czh/Projects/Clash Legends/ClashLegends-开发素材库/03-制作中/凯隐/audio/kayn/txtp/Play_sfx_Kayn_KaynBasicAttack_OnHit [1559186049=1153642577] {r2} {d}.txtp,eee40fd1f65949ceed7d3b59f136fad6678783a643ebf83156f0aee9229550fe,.team0.form0.audio.attack_hit[1];.team1.form0.audio.attack_hit[1],
kayn_slayer,拉亚斯特,音效,assets/audio/units/kayn/kayn_slayer_death_1.wav,自动增益残留（波形确认）,22.0,-6.0,2.0,18.0,1.0,/Users/czh/Projects/Clash Legends/ClashLegends-开发素材库/03-制作中/凯隐/audio/kayn/txtp/Play_sfx_Kayn_Death3D_buffactivate.txtp,15403529cf15063888a811c62ec90b0d6cec4637dc37f145c9db1c8188f3dd3d,.team0.form0.audio.events.death.pool[0];.team1.form0.audio.events.death.pool[0],
kayn_slayer,拉亚斯特,语音,assets/audio/units/kayn/kayn_slayer_deploy_voice_1.wav,自动增益残留（波形确认）,17.0,-6.0,3.0,14.0,1.0,/Users/czh/Projects/Clash Legends/ClashLegends-开发素材库/03-制作中/凯隐/voice-selection/attack/txtp/Play_vo_Kayn_Attack2DGeneral [kayn=2491259115] {r3}.txtp,33587886795983a6806934cdbc9398f17fe7131831afd30d9d903e32d9935d0d,.team0.form0.audio.events.deploy:voice.pool[0];.team1.form0.audio.events.deploy:voice.pool[0],
kayn_slayer,拉亚斯特,语音,assets/audio/units/kayn/kayn_slayer_deploy_voice_2.wav,自动增益残留（波形确认）,14.0,-6.0,3.0,11.0,1.0,/Users/czh/Projects/Clash Legends/ClashLegends-开发素材库/03-制作中/凯隐/voice-selection/attack/txtp/Play_vo_Kayn_Attack2DGeneral [kayn=base] {r13}.txtp,4887e3160417ffdd2b2702c1db2a6a15014282a4d29755513eef546de5b01643,.team0.form0.audio.events.deploy:voice.pool[1];.team1.form0.audio.events.deploy:voice.pool[1],
kayn_slayer,拉亚斯特,语音,assets/audio/units/kayn/kayn_slayer_deploy_voice_3.wav,自动增益残留（波形确认）,17.0,-6.0,3.0,14.0,1.0,/Users/czh/Projects/Clash Legends/ClashLegends-开发素材库/03-制作中/凯隐/voice-selection/move/txtp/Play_vo_Kayn_Move2DStandard [kayn=2491259115] {r13}.txtp,c2026cdb5055f30061801eec228d92efc4d7190e0f4ee80f11a50e8d8e20b4b1,.team0.form0.audio.events.deploy:voice.pool[2];.team1.form0.audio.events.deploy:voice.pool[2],
kayn_slayer,拉亚斯特,音效,assets/audio/units/kayn/kayn_slayer_q_cast_1.wav,自动增益残留（波形确认）,18.0,-6.0,2.0,14.0,1.0,/Users/czh/Projects/Clash Legends/ClashLegends-开发素材库/03-制作中/凯隐/audio/kayn/txtp/Play_sfx_Kayn_KaynQ_OnCast [kayn=2491259115].txtp,c97603c264cd7fcef0c10ce034f268b57edf6d169bdc4a3079cc480c04e9193a,.team0.form0.audio.events.active:cast.pool[0];.team1.form0.audio.events.active:cast.pool[0],
kayn_slayer,拉亚斯特,音效,assets/audio/units/kayn/kayn_slayer_q_hit_1.wav,自动增益残留（波形确认）,11.0,-6.0,2.0,7.0,1.0,/Users/czh/Projects/Clash Legends/ClashLegends-开发素材库/03-制作中/凯隐/audio/kayn/txtp/Play_sfx_Kayn_KaynQ_hit [1559186049=1153642577] {r1}.txtp,9a537d320690c191c2a249fea0a28a84bf60b1b959d90a8a91201ce38eb40a83,.team0.form0.audio.events.active:hit.pool[0];.team1.form0.audio.events.active:hit.pool[0],
kayn_slayer,拉亚斯特,音效,assets/audio/units/kayn/kayn_slayer_q_spin_1.wav,自动增益残留（波形确认）,17.0,-6.0,2.0,13.0,1.0,/Users/czh/Projects/Clash Legends/ClashLegends-开发素材库/03-制作中/凯隐/audio/kayn/txtp/Play_sfx_Kayn_KaynQ_spin [kayn=2491259115].txtp,ccceceb6cc870658b92466c027785e5436e1f887f21557293a36affe509580b4,.team0.form0.audio.events.active:spin.pool[0];.team1.form0.audio.events.active:spin.pool[0],
kayn_slayer,拉亚斯特,音效,assets/audio/units/kayn/kayn_slayer_terrain_1.wav,自动增益残留（波形确认）,12.0,-6.0,2.0,8.0,1.0,/Users/czh/Projects/Clash Legends/ClashLegends-开发素材库/03-制作中/凯隐/audio/kayn/txtp/Play_sfx_Kayn_KaynE_OnCast [kayn=2491259115] {r1}.txtp,9912aba5f306fba3ffc9ee3c70e8ac2550506e3dd275546a598acc879d08fb8a,.team0.form0.audio.events.terrain:enter.pool[0];.team1.form0.audio.events.terrain:enter.pool[0],
kayn_slayer,拉亚斯特,音效,assets/audio/units/kayn/kayn_slayer_terrain_exit.wav,自动增益残留（波形确认）,13.0,-6.0,2.0,9.0,1.0,/Users/czh/Projects/Clash Legends/ClashLegends-开发素材库/03-制作中/凯隐/audio/kayn/txtp/Play_sfx_Kayn_KaynE_OnBuffDeactivate [kayn=2491259115] {r1}.txtp,2073e98459a6d2a76e6b7ede76208c588b59734a18ccb6157805bf797474531e,.team0.form0.audio.events.terrain:exit.pool[0];.team1.form0.audio.events.terrain:exit.pool[0],
kayn_slayer,拉亚斯特,音效,assets/audio/units/kayn/kayn_slayer_terrain_sustain.wav,自动增益残留（波形确认）,12.0,-6.0,2.0,8.0,1.0,/Users/czh/Projects/Clash Legends/ClashLegends-开发素材库/03-制作中/凯隐/audio/kayn/txtp/Play_sfx_Kayn_KaynE_OnBuffActivate [kayn=2491259115].txtp,cbcfcf0e6a6063253c69a5f45ccaef07bdf77842a219e255aa9c97f83ba42544,.team0.form0.audio.events.terrain:sustain.pool[0];.team1.form0.audio.events.terrain:sustain.pool[0],
kayn,凯隐,音效,assets/audio/units/kayn/kayn_terrain_1.wav,自动增益残留（波形确认）,12.0,-6.0,2.0,8.0,1.0,/Users/czh/Projects/Clash Legends/ClashLegends-开发素材库/03-制作中/凯隐/audio/kayn/txtp/Play_sfx_Kayn_KaynE_OnCast [kayn=base] {r1}.txtp,e67b1620e4275cf82be45651955b549d2340779f061faa3389ffe5754547a3f5,.team0.form0.audio.events.terrain:enter.pool[0];.team1.form0.audio.events.terrain:enter.pool[0],
kayn,凯隐,音效,assets/audio/units/kayn/kayn_terrain_exit.wav,自动增益残留（波形确认）,13.0,-6.0,2.0,9.0,1.0,/Users/czh/Projects/Clash Legends/ClashLegends-开发素材库/03-制作中/凯隐/audio/kayn/txtp/Play_sfx_Kayn_KaynE_OnBuffDeactivate [kayn=base] {r1}.txtp,8e04e4b2cccc221b6fc0961798fbad750fad61c481cf84404d4910427acfa414,.team0.form0.audio.events.terrain:exit.pool[0];.team1.form0.audio.events.terrain:exit.pool[0],
kayn,凯隐,音效,assets/audio/units/kayn/kayn_terrain_sustain.wav,自动增益残留（波形确认）,11.0,-6.0,2.0,7.0,1.0,/Users/czh/Projects/Clash Legends/ClashLegends-开发素材库/03-制作中/凯隐/audio/kayn/txtp/Play_sfx_Kayn_KaynE_OnBuffActivate [kayn=base].txtp,7d7bc4cfb9dfe4216a38997804a3f1920108fe588890fa8dc671771e7912ab3f,.team0.form0.audio.events.terrain:sustain.pool[0];.team1.form0.audio.events.terrain:sustain.pool[0],
lulu,璐璐,音效,assets/audio/units/lulu/attack_hit_1.wav,自动增益残留（波形确认）,19.0,-0.001,-5.0,14.0,1.0,/Users/czh/Projects/Clash Legends/ClashLegends-开发素材库/04-中间产物/素材加工/card_audio_batch/lulu/txtp/Play_sfx_Lulu_LuluBasicAttack2_OnHit {r1}.txtp,11b3abae30a968b53bb62c1fc64408aac3b17deb7a3897d361faf698ee648f5b,.team0.form0.audio.attack_hit[0];.team1.form0.audio.attack_hit[0],
lulu,璐璐,音效,assets/audio/units/lulu/attack_hit_2.wav,自动增益残留（波形确认）,19.0,-0.001,-5.0,14.0,1.0,/Users/czh/Projects/Clash Legends/ClashLegends-开发素材库/04-中间产物/素材加工/card_audio_batch/lulu/txtp/Play_sfx_Lulu_LuluBasicAttack2_OnHit {r2}.txtp,d275e93c4c4e332529c678d3bf505b6ecb8e8c0481d53750cca2ac134c679bc4,.team0.form0.audio.attack_hit[1];.team1.form0.audio.attack_hit[1],
lulu,璐璐,音效,assets/audio/units/lulu/attack_hit_3.wav,自动增益残留（波形确认）,19.0,-0.001,-5.0,14.0,1.0,/Users/czh/Projects/Clash Legends/ClashLegends-开发素材库/04-中间产物/素材加工/card_audio_batch/lulu/txtp/Play_sfx_Lulu_LuluBasicAttack2_OnHit {r3}.txtp,da049315fa95356a5399b8bf1f437964eca875b9e700a2eb738faa442b028f2f,.team0.form0.audio.attack_hit[2];.team1.form0.audio.attack_hit[2],
lulu,璐璐,音效,assets/audio/units/lulu/attack_launch_1.wav,自动增益残留（波形确认）,20.0,-0.001,-5.0,15.0,1.0,/Users/czh/Projects/Clash Legends/ClashLegends-开发素材库/04-中间产物/素材加工/card_audio_batch/lulu/txtp/Play_sfx_Lulu_LuluBasicAttack2_OnMissileLaunch {r1}.txtp,01b473b9b98acb43a98c72318d7108fe1ef808a1601a5245e71d80f65be79d6a,.team0.form0.audio.events.attack_launch.pool[0];.team1.form0.audio.events.attack_launch.pool[0],
lulu,璐璐,音效,assets/audio/units/lulu/attack_launch_2.wav,自动增益残留（波形确认）,20.0,-0.001,-5.0,15.0,1.0,/Users/czh/Projects/Clash Legends/ClashLegends-开发素材库/04-中间产物/素材加工/card_audio_batch/lulu/txtp/Play_sfx_Lulu_LuluBasicAttack2_OnMissileLaunch {r2}.txtp,8953adc7b09996f48a92af215359bf2c740ef385cb091d88cd9f7ee87d7453ac,.team0.form0.audio.events.attack_launch.pool[1];.team1.form0.audio.events.attack_launch.pool[1],
lulu,璐璐,音效,assets/audio/units/lulu/attack_launch_3.wav,自动增益残留（波形确认）,20.0,-0.001,-5.0,15.0,1.0,/Users/czh/Projects/Clash Legends/ClashLegends-开发素材库/04-中间产物/素材加工/card_audio_batch/lulu/txtp/Play_sfx_Lulu_LuluBasicAttack2_OnMissileLaunch {r3}.txtp,1f9cb517b6ff1ea8f3e3a64395d9eafe13e5a915afc33fe01283d21d7f23f042,.team0.form0.audio.events.attack_launch.pool[2];.team1.form0.audio.events.attack_launch.pool[2],
lulu,璐璐,音效,assets/audio/units/lulu/death_1.wav,自动增益残留（波形确认）,16.0,-0.001,-3.0,13.0,1.0,/Users/czh/Projects/Clash Legends/ClashLegends-开发素材库/04-中间产物/素材加工/card_audio_batch/lulu/txtp/Play_sfx_Lulu_Death3D_cast.txtp,7ae0effd4e315887ae14bc5fcf6a01b37cc6943effa1e846a9ec71492bc8bc45,.team0.form0.audio.events.death.pool[0];.team1.form0.audio.events.death.pool[0],
lulu,璐璐,语音,assets/audio/units/lulu/deploy_dewdrop.wav,自动增益残留（波形确认）,11.0,-0.001,0.0,11.0,1.0,/Users/czh/Projects/Clash Legends/ClashLegends-开发素材库/02-候选讨论/音频/来源批次/deployment_audio_review/voice_candidates_20260914/lulu/txtp/Play_vo_Lulu_Move2DStandard {r8}.txtp;/Users/czh/Projects/Clash Legends/ClashLegends-开发素材库/02-候选讨论/音频/来源批次/deployment_audio_review/voice_candidates_all_20260914/lulu/txtp/Play_vo_Lulu_Move2DStandard {r8}.txtp,3d44edca893f5637453401fa03e6084f657b83a5818229e14bbad31ec599a87a,.team0.form0.audio.events.deploy:voice.pool[2];.team1.form0.audio.events.deploy:voice.pool[2],
lulu,璐璐,语音,assets/audio/units/lulu/deploy_slide.wav,自动增益残留（波形确认）,11.0,-0.001,0.0,11.0,1.0,/Users/czh/Projects/Clash Legends/ClashLegends-开发素材库/02-候选讨论/音频/来源批次/deployment_audio_review/voice_candidates_20260914/lulu/txtp/Play_vo_Lulu_Move2DStandard {r1}.txtp;/Users/czh/Projects/Clash Legends/ClashLegends-开发素材库/02-候选讨论/音频/来源批次/deployment_audio_review/voice_candidates_all_20260914/lulu/txtp/Play_vo_Lulu_Move2DStandard {r1}.txtp,29621453a71dc15be0097d28f608b5feacb47358a2c69a4cf4a0d3c68446335d,.team0.form0.audio.events.deploy:voice.pool[1];.team1.form0.audio.events.deploy:voice.pool[1],
lulu,璐璐,语音,assets/audio/units/lulu/deploy_voice.ogg,LCU直取/用户提供源，不经事件auto,,,0.0,,,,ea2d0a4528c5f52914211aa760f265353c277c7328ffcddf4adf9d810b50932e,.team0.form0.audio.events.deploy:voice.pool[0];.team1.form0.audio.events.deploy:voice.pool[0],
lulu,璐璐,音效,assets/audio/units/lulu/play_sfx_lulu_lulur_oncast_r1.wav,自动增益残留（波形确认）,12.0,-0.001,0.0,12.0,1.0,/Users/czh/Projects/Clash Legends/ClashLegends-开发素材库/04-中间产物/素材加工/card_audio_batch/lulu/txtp/Play_sfx_Lulu_LuluR_OnCast {r1}.txtp,3225586c49a0a0122ccb754f97533f30b70e45ef8834669c3a32860edbf6b2bc,.team0.form0.audio.events.active:cast.pool[0];.team1.form0.audio.events.active:cast.pool[0],
lulu,璐璐,音效,assets/audio/units/lulu/play_sfx_lulu_lulur_oncast_r2.wav,自动增益残留（波形确认）,12.0,-0.001,0.0,12.0,1.0,/Users/czh/Projects/Clash Legends/ClashLegends-开发素材库/04-中间产物/素材加工/card_audio_batch/lulu/txtp/Play_sfx_Lulu_LuluR_OnCast {r2}.txtp,71ef27c2edd2fe11be1bffda37d4cee54adfacfbe2c2dc914e9d5d557e59948e,.team0.form0.audio.events.active:cast.pool[1];.team1.form0.audio.events.active:cast.pool[1],
lulu,璐璐,音效,assets/audio/units/lulu/play_sfx_lulu_lulur_oncast_r3.wav,自动增益残留（波形确认）,12.0,-0.001,0.0,12.0,1.0,/Users/czh/Projects/Clash Legends/ClashLegends-开发素材库/04-中间产物/素材加工/card_audio_batch/lulu/txtp/Play_sfx_Lulu_LuluR_OnCast {r3}.txtp,cd93c38bdd39781cb7397c64a4ffc96f45ca6f0bcfde5d677987569295a4585a,.team0.form0.audio.events.active:cast.pool[2];.team1.form0.audio.events.active:cast.pool[2],
masteryi,剑圣,音效,assets/audio/units/masteryi/play_sfx_masteryi_death3d_cast.wav,未发现自动增益残留（波形确认）,,-0.002,0,-0.0,0.99999999,/Users/czh/Projects/Clash Legends/ClashLegends-开发素材库/04-中间产物/素材加工/masteryi_base_audio/txtp/Play_sfx_MasterYi_Death3D_cast.txtp,88b6e70b5dbfd4417887497edd7ff729bd49e0a2917fd4e1ec933d9e4902b743,.team0.form0.audio.events.death.pool[0];.team1.form0.audio.events.death.pool[0],
masteryi,剑圣,音效,assets/audio/units/masteryi/play_sfx_masteryi_highlander_onbuffactivate.wav,未发现自动增益残留（波形确认）,,-0.001,0,-0.0,1.0,/Users/czh/Projects/Clash Legends/ClashLegends-开发素材库/04-中间产物/素材加工/card_audio_batch/masteryi/txtp/Play_sfx_MasterYi_Highlander_OnBuffActivate.txtp;/Users/czh/Projects/Clash Legends/ClashLegends-开发素材库/04-中间产物/素材加工/masteryi_base_audio/txtp/Play_sfx_MasterYi_Highlander_OnBuffActivate.txtp,129643366431454615a473c09ea1c17864d47f6cc1b61d1b96a8fd70955f422b,.team0.form0.audio.events.active_buff:start.pool[0];.team1.form0.audio.events.active_buff:start.pool[0],
masteryi,剑圣,音效,assets/audio/units/masteryi/play_sfx_masteryi_highlander_onbuffdeactivate.wav,auto已抵消或播放后不高于原事件,18.0,-18.003,0,-0.0,0.99999999,/Users/czh/Projects/Clash Legends/ClashLegends-开发素材库/04-中间产物/素材加工/card_audio_batch/masteryi/txtp/Play_sfx_MasterYi_Highlander_OnBuffDeactivate.txtp;/Users/czh/Projects/Clash Legends/ClashLegends-开发素材库/04-中间产物/素材加工/masteryi_base_audio/txtp/Play_sfx_MasterYi_Highlander_OnBuffDeactivate.txtp,6811627cc20edc790e5383eb67d8b4ee67245cc2506218ec6929dcd8d22af3d2,.team0.form0.audio.events.active_buff:end.pool[0];.team1.form0.audio.events.active_buff:end.pool[0],
masteryi,剑圣,音效,assets/audio/units/masteryi/play_sfx_masteryi_highlander_trail.wav,auto已抵消或播放后不高于原事件,17.0,-17.003,0,-0.0,0.99999999,/Users/czh/Projects/Clash Legends/ClashLegends-开发素材库/04-中间产物/素材加工/card_audio_batch/masteryi/txtp/Play_sfx_MasterYi_Highlander_trail.txtp;/Users/czh/Projects/Clash Legends/ClashLegends-开发素材库/04-中间产物/素材加工/masteryi_base_audio/txtp/Play_sfx_MasterYi_Highlander_trail.txtp,3a0eb640dd1ceab6d3d68338182f973c335c1209945c0e671fae5d172d9c7e5c,.team0.form0.audio.events.active_buff:sustain.pool[0];.team1.form0.audio.events.active_buff:sustain.pool[0],
masteryi,剑圣,音效,assets/audio/units/masteryi/play_sfx_masteryi_masteryibasicattack2_oncast_r1.wav,auto已抵消或播放后不高于原事件,15.0,-15.002,0.0,-0.0,0.99999999,/Users/czh/Projects/Clash Legends/ClashLegends-开发素材库/04-中间产物/素材加工/card_audio_batch/masteryi/txtp/Play_sfx_MasterYi_MasterYiBasicAttack2_OnCast {r1}.txtp;/Users/czh/Projects/Clash Legends/ClashLegends-开发素材库/04-中间产物/素材加工/masteryi_base_audio/txtp/Play_sfx_MasterYi_MasterYiBasicAttack2_OnCast {r1}.txtp,cefba375f21626a95aea38cb1c140b29dacbdbab6ec35fecd7d3951b9bcb9eed,.team0.form0.audio.attack_swing[1][0];.team1.form0.audio.attack_swing[1][0],
masteryi,剑圣,音效,assets/audio/units/masteryi/play_sfx_masteryi_masteryibasicattack2_oncast_r2.wav,未发现自动增益残留（波形确认）,,-0.002,0.0,-0.0,0.99999999,/Users/czh/Projects/Clash Legends/ClashLegends-开发素材库/04-中间产物/素材加工/card_audio_batch/masteryi/txtp/Play_sfx_MasterYi_MasterYiBasicAttack2_OnCast {r2}.txtp;/Users/czh/Projects/Clash Legends/ClashLegends-开发素材库/04-中间产物/素材加工/masteryi_base_audio/txtp/Play_sfx_MasterYi_MasterYiBasicAttack2_OnCast {r2}.txtp,9ddfa83f31eb95ac89df3a276eb41811bc70d381d833b07cecaa11bd80c0307c,.team0.form0.audio.attack_swing[1][1];.team1.form0.audio.attack_swing[1][1],
masteryi,剑圣,音效,assets/audio/units/masteryi/play_sfx_masteryi_masteryibasicattack2_oncast_r3.wav,未发现自动增益残留（波形确认）,,-0.002,0.0,-0.0,0.99999999,/Users/czh/Projects/Clash Legends/ClashLegends-开发素材库/04-中间产物/素材加工/card_audio_batch/masteryi/txtp/Play_sfx_MasterYi_MasterYiBasicAttack2_OnCast {r3}.txtp;/Users/czh/Projects/Clash Legends/ClashLegends-开发素材库/04-中间产物/素材加工/masteryi_base_audio/txtp/Play_sfx_MasterYi_MasterYiBasicAttack2_OnCast {r3}.txtp,dc17859d8ada20d0e16cb28e83cbbd421fe0cafb77679b2265e0ade0ec99b37f,.team0.form0.audio.attack_swing[1][2];.team1.form0.audio.attack_swing[1][2],
masteryi,剑圣,音效,assets/audio/units/masteryi/play_sfx_masteryi_masteryibasicattack2_oncast_r4.wav,未发现自动增益残留（波形确认）,,-0.002,0.0,-0.0,0.99999999,/Users/czh/Projects/Clash Legends/ClashLegends-开发素材库/04-中间产物/素材加工/card_audio_batch/masteryi/txtp/Play_sfx_MasterYi_MasterYiBasicAttack2_OnCast {r4}.txtp;/Users/czh/Projects/Clash Legends/ClashLegends-开发素材库/04-中间产物/素材加工/masteryi_base_audio/txtp/Play_sfx_MasterYi_MasterYiBasicAttack2_OnCast {r4}.txtp,11bd193fc06d6a4c187d848a8d724f773596de026f739e90c07002c0285a816d,.team0.form0.audio.attack_swing[1][3];.team1.form0.audio.attack_swing[1][3],
masteryi,剑圣,音效,assets/audio/units/masteryi/play_sfx_masteryi_masteryibasicattack_oncast_r1.wav,auto已抵消或播放后不高于原事件,14.0,-14.002,0.0,-0.0,0.99999999,/Users/czh/Projects/Clash Legends/ClashLegends-开发素材库/04-中间产物/素材加工/card_audio_batch/masteryi/txtp/Play_sfx_MasterYi_MasterYiBasicAttack_OnCast {r1}.txtp;/Users/czh/Projects/Clash Legends/ClashLegends-开发素材库/04-中间产物/素材加工/masteryi_base_audio/txtp/Play_sfx_MasterYi_MasterYiBasicAttack_OnCast {r1}.txtp,07d75c85240b9218809e78afe0792d9f9b2112d79077631b8074be47a4896461,.team0.form0.audio.attack_swing[0][0];.team1.form0.audio.attack_swing[0][0],
masteryi,剑圣,音效,assets/audio/units/masteryi/play_sfx_masteryi_masteryibasicattack_oncast_r2.wav,未发现自动增益残留（波形确认）,,-0.002,0.0,-0.0,0.99999999,/Users/czh/Projects/Clash Legends/ClashLegends-开发素材库/04-中间产物/素材加工/card_audio_batch/masteryi/txtp/Play_sfx_MasterYi_MasterYiBasicAttack_OnCast {r2}.txtp;/Users/czh/Projects/Clash Legends/ClashLegends-开发素材库/04-中间产物/素材加工/masteryi_base_audio/txtp/Play_sfx_MasterYi_MasterYiBasicAttack_OnCast {r2}.txtp,a42c045a6ffc395c80977317cf33b6fc9923983f721db33e354b303b53f41896,.team0.form0.audio.attack_swing[0][1];.team1.form0.audio.attack_swing[0][1],
masteryi,剑圣,音效,assets/audio/units/masteryi/play_sfx_masteryi_masteryibasicattack_oncast_r3.wav,未发现自动增益残留（波形确认）,,-0.002,0.0,-0.0,0.99999999,/Users/czh/Projects/Clash Legends/ClashLegends-开发素材库/04-中间产物/素材加工/card_audio_batch/masteryi/txtp/Play_sfx_MasterYi_MasterYiBasicAttack_OnCast {r3}.txtp;/Users/czh/Projects/Clash Legends/ClashLegends-开发素材库/04-中间产物/素材加工/masteryi_base_audio/txtp/Play_sfx_MasterYi_MasterYiBasicAttack_OnCast {r3}.txtp,5aafaf151b3c7664d6aac9528bbd34a3a83bb399c5127e5eea7393aeebc24027,.team0.form0.audio.attack_swing[0][2];.team1.form0.audio.attack_swing[0][2],
masteryi,剑圣,音效,assets/audio/units/masteryi/play_sfx_masteryi_masteryibasicattack_oncast_r4.wav,auto已抵消或播放后不高于原事件,14.0,-14.002,0.0,-0.0,0.99999999,/Users/czh/Projects/Clash Legends/ClashLegends-开发素材库/04-中间产物/素材加工/card_audio_batch/masteryi/txtp/Play_sfx_MasterYi_MasterYiBasicAttack_OnCast {r4}.txtp;/Users/czh/Projects/Clash Legends/ClashLegends-开发素材库/04-中间产物/素材加工/masteryi_base_audio/txtp/Play_sfx_MasterYi_MasterYiBasicAttack_OnCast {r4}.txtp,0f81af01c40104826b7a960d2849783d8abd80eb41ea2809e9df8c0f4e540944,.team0.form0.audio.attack_swing[0][3];.team1.form0.audio.attack_swing[0][3],
masteryi,剑圣,音效,assets/audio/units/masteryi/play_sfx_masteryi_masteryibasicattack_oncast_r5.wav,auto已抵消或播放后不高于原事件,14.0,-14.002,0.0,-0.0,0.99999999,/Users/czh/Projects/Clash Legends/ClashLegends-开发素材库/04-中间产物/素材加工/card_audio_batch/masteryi/txtp/Play_sfx_MasterYi_MasterYiBasicAttack_OnCast {r5}.txtp;/Users/czh/Projects/Clash Legends/ClashLegends-开发素材库/04-中间产物/素材加工/masteryi_base_audio/txtp/Play_sfx_MasterYi_MasterYiBasicAttack_OnCast {r5}.txtp,8e50dc1c16f854426497ce499002f124e2360fd80edebd24ff79c66b46af9bd7,.team0.form0.audio.attack_swing[0][4];.team1.form0.audio.attack_swing[0][4],
masteryi,剑圣,音效,assets/audio/units/masteryi/play_sfx_masteryi_masteryibasicattack_onhit_1559186049_1153642577_r1_d.wav,未发现自动增益残留（波形确认）,,-0.002,0.0,-0.0,0.99999999,/Users/czh/Projects/Clash Legends/ClashLegends-开发素材库/04-中间产物/素材加工/card_audio_batch/masteryi/txtp/Play_sfx_MasterYi_MasterYiBasicAttack_OnHit [1559186049=1153642577] {r1} {d}.txtp;/Users/czh/Projects/Clash Legends/ClashLegends-开发素材库/04-中间产物/素材加工/masteryi_base_audio/txtp/Play_sfx_MasterYi_MasterYiBasicAttack_OnHit [1559186049=1153642577] {r1} {d}.txtp,b7fb828c91ab593e8161b00a39338347b257c45a85a55e9f2c7762f3fd006fc3,.team0.form0.audio.attack_hit[0];.team0.form0.audio.attack_hit_by_segment[0][0];.team0.form0.audio.attack_hit_by_segment[1][0];.team1.form0.audio.attack_hit[0];.team1.form0.audio.attack_hit_by_segment[0][0];.team1.form0.audio.attack_hit_by_segment[1][0],
masteryi,剑圣,音效,assets/audio/units/masteryi/play_sfx_masteryi_masteryibasicattack_onhit_1559186049_1153642577_r2_d.wav,auto已抵消或播放后不高于原事件,15.0,-15.002,0.0,-0.0,0.99999999,/Users/czh/Projects/Clash Legends/ClashLegends-开发素材库/04-中间产物/素材加工/card_audio_batch/masteryi/txtp/Play_sfx_MasterYi_MasterYiBasicAttack_OnHit [1559186049=1153642577] {r2} {d}.txtp;/Users/czh/Projects/Clash Legends/ClashLegends-开发素材库/04-中间产物/素材加工/masteryi_base_audio/txtp/Play_sfx_MasterYi_MasterYiBasicAttack_OnHit [1559186049=1153642577] {r2} {d}.txtp,48edd760fd879c345efdce269837eddfc0afe9701fb8553f546be8985bab38ac,.team0.form0.audio.attack_hit[1];.team0.form0.audio.attack_hit_by_segment[0][1];.team0.form0.audio.attack_hit_by_segment[1][1];.team1.form0.audio.attack_hit[1];.team1.form0.audio.attack_hit_by_segment[0][1];.team1.form0.audio.attack_hit_by_segment[1][1],
masteryi,剑圣,音效,assets/audio/units/masteryi/play_sfx_masteryi_masteryibasicattack_onhit_1559186049_1153642577_r3_d.wav,auto已抵消或播放后不高于原事件,15.0,-15.002,0.0,-0.0,0.99999999,/Users/czh/Projects/Clash Legends/ClashLegends-开发素材库/04-中间产物/素材加工/card_audio_batch/masteryi/txtp/Play_sfx_MasterYi_MasterYiBasicAttack_OnHit [1559186049=1153642577] {r3} {d}.txtp;/Users/czh/Projects/Clash Legends/ClashLegends-开发素材库/04-中间产物/素材加工/masteryi_base_audio/txtp/Play_sfx_MasterYi_MasterYiBasicAttack_OnHit [1559186049=1153642577] {r3} {d}.txtp,636d880a5b2ad8fddcf4d35bbd80a1a505fd3b13e3175545db0027fe126041ba,.team0.form0.audio.attack_hit[2];.team0.form0.audio.attack_hit_by_segment[0][2];.team0.form0.audio.attack_hit_by_segment[1][2];.team1.form0.audio.attack_hit[2];.team1.form0.audio.attack_hit_by_segment[0][2];.team1.form0.audio.attack_hit_by_segment[1][2],
masteryi,剑圣,音效,assets/audio/units/masteryi/play_sfx_masteryi_masteryibasicattack_onhit_1559186049_1153642577_r4_d.wav,未发现自动增益残留（波形确认）,,-0.003,0.0,-0.0,0.99999998,/Users/czh/Projects/Clash Legends/ClashLegends-开发素材库/04-中间产物/素材加工/card_audio_batch/masteryi/txtp/Play_sfx_MasterYi_MasterYiBasicAttack_OnHit [1559186049=1153642577] {r4} {d}.txtp;/Users/czh/Projects/Clash Legends/ClashLegends-开发素材库/04-中间产物/素材加工/masteryi_base_audio/txtp/Play_sfx_MasterYi_MasterYiBasicAttack_OnHit [1559186049=1153642577] {r4} {d}.txtp,a6d19a5e87f751b1326f613feacf1da20eba91fbe7768b545fdbda94fa81cf20,.team0.form0.audio.attack_hit[3];.team0.form0.audio.attack_hit_by_segment[0][3];.team0.form0.audio.attack_hit_by_segment[1][3];.team1.form0.audio.attack_hit[3];.team1.form0.audio.attack_hit_by_segment[0][3];.team1.form0.audio.attack_hit_by_segment[1][3],
masteryi,剑圣,音效,assets/audio/units/masteryi/play_sfx_masteryi_masteryibasicattack_onhit_1559186049_1216965916_r1_d.wav,auto已抵消或播放后不高于原事件,15.0,-15.002,0.0,-0.0,0.99999999,/Users/czh/Projects/Clash Legends/ClashLegends-开发素材库/04-中间产物/素材加工/card_audio_batch/masteryi/txtp/Play_sfx_MasterYi_MasterYiBasicAttack_OnHit [1559186049=1216965916] {r1} {d}.txtp;/Users/czh/Projects/Clash Legends/ClashLegends-开发素材库/04-中间产物/素材加工/masteryi_base_audio/txtp/Play_sfx_MasterYi_MasterYiBasicAttack_OnHit [1559186049=1216965916] {r1} {d}.txtp,14429be50a0b66d0f00e6d2ea59b14fd422bddf47c41445c4c32d4e97b37eca0,.team0.form0.audio.attack_hit[4];.team0.form0.audio.attack_hit_by_segment[0][4];.team0.form0.audio.attack_hit_by_segment[1][4];.team1.form0.audio.attack_hit[4];.team1.form0.audio.attack_hit_by_segment[0][4];.team1.form0.audio.attack_hit_by_segment[1][4],
masteryi,剑圣,音效,assets/audio/units/masteryi/play_sfx_masteryi_masteryibasicattack_onhit_1559186049_1216965916_r2_d.wav,auto已抵消或播放后不高于原事件,15.0,-15.002,0.0,-0.0,0.99999999,/Users/czh/Projects/Clash Legends/ClashLegends-开发素材库/04-中间产物/素材加工/card_audio_batch/masteryi/txtp/Play_sfx_MasterYi_MasterYiBasicAttack_OnHit [1559186049=1216965916] {r2} {d}.txtp;/Users/czh/Projects/Clash Legends/ClashLegends-开发素材库/04-中间产物/素材加工/masteryi_base_audio/txtp/Play_sfx_MasterYi_MasterYiBasicAttack_OnHit [1559186049=1216965916] {r2} {d}.txtp,0c4994268e8a4033bebd4b0a2047dcea0d1c1c1936036591fc9d8d595f8ab4a2,.team0.form0.audio.attack_hit[5];.team0.form0.audio.attack_hit_by_segment[0][5];.team0.form0.audio.attack_hit_by_segment[1][5];.team1.form0.audio.attack_hit[5];.team1.form0.audio.attack_hit_by_segment[0][5];.team1.form0.audio.attack_hit_by_segment[1][5],
masteryi,剑圣,音效,assets/audio/units/masteryi/play_sfx_masteryi_masteryibasicattack_onhit_1559186049_1216965916_r3_d.wav,未发现自动增益残留（波形确认）,,-0.002,0.0,-0.0,0.99999999,/Users/czh/Projects/Clash Legends/ClashLegends-开发素材库/04-中间产物/素材加工/card_audio_batch/masteryi/txtp/Play_sfx_MasterYi_MasterYiBasicAttack_OnHit [1559186049=1216965916] {r3} {d}.txtp;/Users/czh/Projects/Clash Legends/ClashLegends-开发素材库/04-中间产物/素材加工/masteryi_base_audio/txtp/Play_sfx_MasterYi_MasterYiBasicAttack_OnHit [1559186049=1216965916] {r3} {d}.txtp,4f4b8d01a9366679d3b6fe8a4465239571e8813f07d112a32ce69e389a386b44,.team0.form0.audio.attack_hit[6];.team0.form0.audio.attack_hit_by_segment[0][6];.team0.form0.audio.attack_hit_by_segment[1][6];.team1.form0.audio.attack_hit[6];.team1.form0.audio.attack_hit_by_segment[0][6];.team1.form0.audio.attack_hit_by_segment[1][6],
masteryi,剑圣,音效,assets/audio/units/masteryi/play_sfx_masteryi_masteryibasicattack_onhit_1559186049_1216965916_r4_d.wav,未发现自动增益残留（波形确认）,,-0.002,0.0,-0.0,0.99999999,/Users/czh/Projects/Clash Legends/ClashLegends-开发素材库/04-中间产物/素材加工/card_audio_batch/masteryi/txtp/Play_sfx_MasterYi_MasterYiBasicAttack_OnHit [1559186049=1216965916] {r4} {d}.txtp;/Users/czh/Projects/Clash Legends/ClashLegends-开发素材库/04-中间产物/素材加工/masteryi_base_audio/txtp/Play_sfx_MasterYi_MasterYiBasicAttack_OnHit [1559186049=1216965916] {r4} {d}.txtp,99067bf0df030719be98d10155cbebaa7b758fc9268f6181d011dd091604b4c3,.team0.form0.audio.attack_hit[7];.team0.form0.audio.attack_hit_by_segment[0][7];.team0.form0.audio.attack_hit_by_segment[1][7];.team1.form0.audio.attack_hit[7];.team1.form0.audio.attack_hit_by_segment[0][7];.team1.form0.audio.attack_hit_by_segment[1][7],
masteryi,剑圣,音效,assets/audio/units/masteryi/play_sfx_masteryi_masteryibasicattack_onhit_1559186049_2058049674_r1_d.wav,未发现自动增益残留（波形确认）,,-0.002,0.0,-0.0,0.99999999,/Users/czh/Projects/Clash Legends/ClashLegends-开发素材库/04-中间产物/素材加工/card_audio_batch/masteryi/txtp/Play_sfx_MasterYi_MasterYiBasicAttack_OnHit [1559186049=2058049674] {r1} {d}.txtp;/Users/czh/Projects/Clash Legends/ClashLegends-开发素材库/04-中间产物/素材加工/masteryi_base_audio/txtp/Play_sfx_MasterYi_MasterYiBasicAttack_OnHit [1559186049=2058049674] {r1} {d}.txtp,0035f604a92ac5f7fd64f79a988798f75628d2e2a677ab6d3ec95bc11a862958,.team0.form0.audio.attack_hit[8];.team0.form0.audio.attack_hit_by_segment[0][8];.team0.form0.audio.attack_hit_by_segment[1][8];.team1.form0.audio.attack_hit[8];.team1.form0.audio.attack_hit_by_segment[0][8];.team1.form0.audio.attack_hit_by_segment[1][8],
masteryi,剑圣,音效,assets/audio/units/masteryi/play_sfx_masteryi_masteryibasicattack_onhit_1559186049_2058049674_r2_d.wav,未发现自动增益残留（波形确认）,,-0.002,0.0,-0.0,0.99999999,/Users/czh/Projects/Clash Legends/ClashLegends-开发素材库/04-中间产物/素材加工/card_audio_batch/masteryi/txtp/Play_sfx_MasterYi_MasterYiBasicAttack_OnHit [1559186049=2058049674] {r2} {d}.txtp;/Users/czh/Projects/Clash Legends/ClashLegends-开发素材库/04-中间产物/素材加工/masteryi_base_audio/txtp/Play_sfx_MasterYi_MasterYiBasicAttack_OnHit [1559186049=2058049674] {r2} {d}.txtp,d5e3fccb2887743cb2babbf06706735fb71e64f352acbf7e82fe597507b65a01,.team0.form0.audio.attack_hit[9];.team0.form0.audio.attack_hit_by_segment[0][9];.team0.form0.audio.attack_hit_by_segment[1][9];.team1.form0.audio.attack_hit[9];.team1.form0.audio.attack_hit_by_segment[0][9];.team1.form0.audio.attack_hit_by_segment[1][9],
masteryi,剑圣,音效,assets/audio/units/masteryi/play_sfx_masteryi_masteryibasicattack_onhit_1559186049_2058049674_r3_d.wav,未发现自动增益残留（波形确认）,,-0.002,0.0,-0.0,0.99999999,/Users/czh/Projects/Clash Legends/ClashLegends-开发素材库/04-中间产物/素材加工/card_audio_batch/masteryi/txtp/Play_sfx_MasterYi_MasterYiBasicAttack_OnHit [1559186049=2058049674] {r3} {d}.txtp;/Users/czh/Projects/Clash Legends/ClashLegends-开发素材库/04-中间产物/素材加工/masteryi_base_audio/txtp/Play_sfx_MasterYi_MasterYiBasicAttack_OnHit [1559186049=2058049674] {r3} {d}.txtp,3d9e584f382357576b1f0ce4e299f4c830950bef3d5a60eff3e2a8baf70ab39b,.team0.form0.audio.attack_hit[10];.team0.form0.audio.attack_hit_by_segment[0][10];.team0.form0.audio.attack_hit_by_segment[1][10];.team1.form0.audio.attack_hit[10];.team1.form0.audio.attack_hit_by_segment[0][10];.team1.form0.audio.attack_hit_by_segment[1][10],
masteryi,剑圣,音效,assets/audio/units/masteryi/play_sfx_masteryi_masteryibasicattack_onhit_1559186049_2058049674_r4_d.wav,未发现自动增益残留（波形确认）,,-0.002,0.0,-0.0,0.99999998,/Users/czh/Projects/Clash Legends/ClashLegends-开发素材库/04-中间产物/素材加工/card_audio_batch/masteryi/txtp/Play_sfx_MasterYi_MasterYiBasicAttack_OnHit [1559186049=2058049674] {r4} {d}.txtp;/Users/czh/Projects/Clash Legends/ClashLegends-开发素材库/04-中间产物/素材加工/masteryi_base_audio/txtp/Play_sfx_MasterYi_MasterYiBasicAttack_OnHit [1559186049=2058049674] {r4} {d}.txtp,e1b6a40117f5b7f43866dc7e1ed4592054f81fb5c9bcac8576b9b2c8e74cc71b,.team0.form0.audio.attack_hit[11];.team0.form0.audio.attack_hit_by_segment[0][11];.team0.form0.audio.attack_hit_by_segment[1][11];.team1.form0.audio.attack_hit[11];.team1.form0.audio.attack_hit_by_segment[0][11];.team1.form0.audio.attack_hit_by_segment[1][11],
masteryi,剑圣,音效,assets/audio/units/masteryi/play_sfx_masteryi_masteryibasicattack_onhit_1559186049_2473969246_r1_d.wav,未发现自动增益残留（波形确认）,,-0.002,0.0,-0.0,0.99999999,/Users/czh/Projects/Clash Legends/ClashLegends-开发素材库/04-中间产物/素材加工/card_audio_batch/masteryi/txtp/Play_sfx_MasterYi_MasterYiBasicAttack_OnHit [1559186049=2473969246] {r1} {d}.txtp;/Users/czh/Projects/Clash Legends/ClashLegends-开发素材库/04-中间产物/素材加工/masteryi_base_audio/txtp/Play_sfx_MasterYi_MasterYiBasicAttack_OnHit [1559186049=2473969246] {r1} {d}.txtp,38fb593c35244719aa37947a6c02172b9ee8ef767139f2801b33b4b939beb992,.team0.form0.audio.attack_hit[12];.team0.form0.audio.attack_hit_by_segment[0][12];.team0.form0.audio.attack_hit_by_segment[1][12];.team1.form0.audio.attack_hit[12];.team1.form0.audio.attack_hit_by_segment[0][12];.team1.form0.audio.attack_hit_by_segment[1][12],
masteryi,剑圣,音效,assets/audio/units/masteryi/play_sfx_masteryi_masteryibasicattack_onhit_1559186049_2473969246_r2_d.wav,auto已抵消或播放后不高于原事件,15.0,-15.002,0.0,-0.0,0.99999999,/Users/czh/Projects/Clash Legends/ClashLegends-开发素材库/04-中间产物/素材加工/card_audio_batch/masteryi/txtp/Play_sfx_MasterYi_MasterYiBasicAttack_OnHit [1559186049=2473969246] {r2} {d}.txtp;/Users/czh/Projects/Clash Legends/ClashLegends-开发素材库/04-中间产物/素材加工/masteryi_base_audio/txtp/Play_sfx_MasterYi_MasterYiBasicAttack_OnHit [1559186049=2473969246] {r2} {d}.txtp,b94edaf8f0ad1d9afea6763a0d0532d66bd8a23e67fdd20ed983354eec2f4a2a,.team0.form0.audio.attack_hit[13];.team0.form0.audio.attack_hit_by_segment[0][13];.team0.form0.audio.attack_hit_by_segment[1][13];.team1.form0.audio.attack_hit[13];.team1.form0.audio.attack_hit_by_segment[0][13];.team1.form0.audio.attack_hit_by_segment[1][13],
masteryi,剑圣,音效,assets/audio/units/masteryi/play_sfx_masteryi_masteryibasicattack_onhit_1559186049_2473969246_r3_d.wav,auto已抵消或播放后不高于原事件,15.0,-15.002,0.0,-0.0,0.99999999,/Users/czh/Projects/Clash Legends/ClashLegends-开发素材库/04-中间产物/素材加工/card_audio_batch/masteryi/txtp/Play_sfx_MasterYi_MasterYiBasicAttack_OnHit [1559186049=2473969246] {r3} {d}.txtp;/Users/czh/Projects/Clash Legends/ClashLegends-开发素材库/04-中间产物/素材加工/masteryi_base_audio/txtp/Play_sfx_MasterYi_MasterYiBasicAttack_OnHit [1559186049=2473969246] {r3} {d}.txtp,96549bcc6b5c36f04d7b614b2a95b8d47e0b71a304d9c14c0d7552bd4642b753,.team0.form0.audio.attack_hit[14];.team0.form0.audio.attack_hit_by_segment[0][14];.team0.form0.audio.attack_hit_by_segment[1][14];.team1.form0.audio.attack_hit[14];.team1.form0.audio.attack_hit_by_segment[0][14];.team1.form0.audio.attack_hit_by_segment[1][14],
masteryi,剑圣,音效,assets/audio/units/masteryi/play_sfx_masteryi_masteryibasicattack_onhit_1559186049_2473969246_r4_d.wav,auto已抵消或播放后不高于原事件,15.0,-15.002,0.0,-0.0,0.99999999,/Users/czh/Projects/Clash Legends/ClashLegends-开发素材库/04-中间产物/素材加工/card_audio_batch/masteryi/txtp/Play_sfx_MasterYi_MasterYiBasicAttack_OnHit [1559186049=2473969246] {r4} {d}.txtp;/Users/czh/Projects/Clash Legends/ClashLegends-开发素材库/04-中间产物/素材加工/masteryi_base_audio/txtp/Play_sfx_MasterYi_MasterYiBasicAttack_OnHit [1559186049=2473969246] {r4} {d}.txtp,701f0c73454990b63bebc30cc5e41a26366562de261e1c6b054f3d6201e9d3b3,.team0.form0.audio.attack_hit[15];.team0.form0.audio.attack_hit_by_segment[0][15];.team0.form0.audio.attack_hit_by_segment[1][15];.team1.form0.audio.attack_hit[15];.team1.form0.audio.attack_hit_by_segment[0][15];.team1.form0.audio.attack_hit_by_segment[1][15],
masteryi,剑圣,音效,assets/audio/units/masteryi/play_sfx_masteryi_masteryidoublestrike_oncast_r1.wav,auto已抵消或播放后不高于原事件,15.0,-15.002,0.0,-0.0,0.99999999,/Users/czh/Projects/Clash Legends/ClashLegends-开发素材库/04-中间产物/素材加工/card_audio_batch/masteryi/txtp/Play_sfx_MasterYi_MasterYiDoubleStrike_OnCast {r1}.txtp;/Users/czh/Projects/Clash Legends/ClashLegends-开发素材库/04-中间产物/素材加工/masteryi_base_audio/txtp/Play_sfx_MasterYi_MasterYiDoubleStrike_OnCast {r1}.txtp,5df61ea194b9ed2a1a161c2a92a75751631b9d5ca0eee4cd12d76deba3d965be,.team0.form0.audio.attack_swing[2][0];.team1.form0.audio.attack_swing[2][0],
masteryi,剑圣,音效,assets/audio/units/masteryi/play_sfx_masteryi_masteryidoublestrike_oncast_r2.wav,auto已抵消或播放后不高于原事件,15.0,-15.002,0.0,-0.0,0.99999999,/Users/czh/Projects/Clash Legends/ClashLegends-开发素材库/04-中间产物/素材加工/card_audio_batch/masteryi/txtp/Play_sfx_MasterYi_MasterYiDoubleStrike_OnCast {r2}.txtp;/Users/czh/Projects/Clash Legends/ClashLegends-开发素材库/04-中间产物/素材加工/masteryi_base_audio/txtp/Play_sfx_MasterYi_MasterYiDoubleStrike_OnCast {r2}.txtp,5e3a4384efbc96ad5c20261ae8e711c93317cd1e2f02df1a28c0618181b28cb1,.team0.form0.audio.attack_swing[2][1];.team1.form0.audio.attack_swing[2][1],
masteryi,剑圣,音效,assets/audio/units/masteryi/play_sfx_masteryi_masteryidoublestrike_oncast_r3.wav,未发现自动增益残留（波形确认）,,-0.002,0.0,-0.0,0.99999999,/Users/czh/Projects/Clash Legends/ClashLegends-开发素材库/04-中间产物/素材加工/card_audio_batch/masteryi/txtp/Play_sfx_MasterYi_MasterYiDoubleStrike_OnCast {r3}.txtp;/Users/czh/Projects/Clash Legends/ClashLegends-开发素材库/04-中间产物/素材加工/masteryi_base_audio/txtp/Play_sfx_MasterYi_MasterYiDoubleStrike_OnCast {r3}.txtp,40b3244ae09ac8dafc32b183870a0ff34b74385c94dbebe657eba9a44bb21bc7,.team0.form0.audio.attack_swing[2][2];.team1.form0.audio.attack_swing[2][2],
masteryi,剑圣,音效,assets/audio/units/masteryi/play_sfx_masteryi_masteryidoublestrike_onhit_1559186049_1153642577_r.wav,未发现自动增益残留（波形确认）,,-0.002,0.0,-0.0,0.99999999,/Users/czh/Projects/Clash Legends/ClashLegends-开发素材库/04-中间产物/素材加工/masteryi_base_audio/txtp/Play_sfx_MasterYi_MasterYiDoubleStrike_OnHit [1559186049=1153642577] {r}.txtp,97732c8ed302ed5c7194a149ce6d800f10a9b88115fed61b32ec616676a9de09,.team0.form0.audio.attack_hit_by_segment[2][0];.team1.form0.audio.attack_hit_by_segment[2][0],
masteryi,剑圣,语音,assets/audio/units/masteryi/play_vo_masteryi_attack2dgeneral_r2_en_us.wav,自动增益残留（波形确认）,13.0,-0.001,0.0,13.0,1.0,/Users/czh/Projects/Clash Legends/ClashLegends-开发素材库/02-候选讨论/音频/来源批次/deployment_audio_review/voice_candidates_all_20260914/masteryi/txtp/Play_vo_MasterYi_Attack2DGeneral {r2}.txtp,b99fcca85d2c6713e8d05009be75e9f40a1351dead8654638add3336f00dd4b5,.team0.form0.audio.events.deploy:voice.pool[0];.team1.form0.audio.events.deploy:voice.pool[0],
melee_minion,近战兵,音效,assets/audio/units/melee_minion/chaos/play_sfx_sru_chaosminionmelee_sru_chaosminionmeleebasicattack2_oncast_r1.wav,未发现自动增益残留（波形确认）,,-0.182,0.0,-0.18,0.99986512,/Users/czh/Projects/Clash Legends/ClashLegends-开发素材库/04-中间产物/素材加工/shared_audio_review/named_txtp/npc_global_minions_chaosmelee_sfx_events-0050-event {r1} {d}.txtp,8075d3d90c1e936dea06f367b5400a44f13553b9b8f6b26c0c363ef31c301c6c,.team1.form0.audio.attack_swing[1][0],
melee_minion,近战兵,音效,assets/audio/units/melee_minion/chaos/play_sfx_sru_chaosminionmelee_sru_chaosminionmeleebasicattack2_oncast_r2.wav,未发现自动增益残留（波形确认）,,-0.185,0.0,-0.18,0.99987229,/Users/czh/Projects/Clash Legends/ClashLegends-开发素材库/04-中间产物/素材加工/shared_audio_review/named_txtp/npc_global_minions_chaosmelee_sfx_events-0050-event {r2} {d}.txtp,6d36b9d539ea3c62cc74aaf88ba0da5f9830e1cf27e810213c87ba25c1d6d229,.team1.form0.audio.attack_swing[1][1],
melee_minion,近战兵,音效,assets/audio/units/melee_minion/chaos/play_sfx_sru_chaosminionmelee_sru_chaosminionmeleebasicattack2_oncast_r3.wav,未发现自动增益残留（波形确认）,,-0.168,0.0,-0.17,0.99988565,/Users/czh/Projects/Clash Legends/ClashLegends-开发素材库/04-中间产物/素材加工/shared_audio_review/named_txtp/npc_global_minions_chaosmelee_sfx_events-0050-event {r3} {d}.txtp,bf44604de2b1e48d28731208d26d5d3cac7d9650d1b9465d3fdf38c2463ee511,.team1.form0.audio.attack_swing[1][2],
melee_minion,近战兵,音效,assets/audio/units/melee_minion/chaos/play_sfx_sru_chaosminionmelee_sru_chaosminionmeleebasicattack2_onhit_r1.wav,未发现自动增益残留（波形确认）,,-0.156,0.0,-0.16,0.99994824,/Users/czh/Projects/Clash Legends/ClashLegends-开发素材库/04-中间产物/素材加工/shared_audio_review/named_txtp/npc_global_minions_chaosmelee_sfx_events-0044-event {r1} {d}.txtp,a0858006fbf40258399e262f30bf1525b3ae0b7cd7a2b4b771c0cc4243b1363b,.team1.form0.audio.attack_hit_by_segment[1][0],
melee_minion,近战兵,音效,assets/audio/units/melee_minion/chaos/play_sfx_sru_chaosminionmelee_sru_chaosminionmeleebasicattack2_onhit_r2.wav,未发现自动增益残留（波形确认）,,-0.154,0.0,-0.15,0.99994997,/Users/czh/Projects/Clash Legends/ClashLegends-开发素材库/04-中间产物/素材加工/shared_audio_review/named_txtp/npc_global_minions_chaosmelee_sfx_events-0044-event {r2} {d}.txtp,fb9db450fa2b146d6adc5d6fff64eef3a89297ff004aa0c5a64ce535c79fb24e,.team1.form0.audio.attack_hit_by_segment[1][1],
melee_minion,近战兵,音效,assets/audio/units/melee_minion/chaos/play_sfx_sru_chaosminionmelee_sru_chaosminionmeleebasicattack2_onhit_r3.wav,未发现自动增益残留（波形确认）,,-0.15,0.0,-0.15,0.9999485,/Users/czh/Projects/Clash Legends/ClashLegends-开发素材库/04-中间产物/素材加工/shared_audio_review/named_txtp/npc_global_minions_chaosmelee_sfx_events-0044-event {r3} {d}.txtp,d594677c9d12f4fa341ff201510dbce569f2dbf3f7d3ac9aaae1cc8c40202abe,.team1.form0.audio.attack_hit_by_segment[1][2],
melee_minion,近战兵,音效,assets/audio/units/melee_minion/chaos/play_sfx_sru_chaosminionmelee_sru_chaosminionmeleebasicattack_oncast_r1.wav,未发现自动增益残留（波形确认）,,-0.201,0.0,-0.2,0.99989748,/Users/czh/Projects/Clash Legends/ClashLegends-开发素材库/04-中间产物/素材加工/shared_audio_review/named_txtp/npc_global_minions_chaosmelee_sfx_events-0042-event {r1}.txtp,58b3674e040cdd6a81902a2869d92996f10000dbfffc2e19a2df9da33d32cf03,.team1.form0.audio.attack_swing[0][0],
melee_minion,近战兵,音效,assets/audio/units/melee_minion/chaos/play_sfx_sru_chaosminionmelee_sru_chaosminionmeleebasicattack_oncast_r2.wav,未发现自动增益残留（波形确认）,,-0.191,0.0,-0.19,0.99990178,/Users/czh/Projects/Clash Legends/ClashLegends-开发素材库/04-中间产物/素材加工/shared_audio_review/named_txtp/npc_global_minions_chaosmelee_sfx_events-0042-event {r2}.txtp,73a088032cb3c9f5eed977ed023ceeb6bf03b708192ea3cda2c718365b91cac1,.team1.form0.audio.attack_swing[0][1],
melee_minion,近战兵,音效,assets/audio/units/melee_minion/chaos/play_sfx_sru_chaosminionmelee_sru_chaosminionmeleebasicattack_oncast_r3.wav,未发现自动增益残留（波形确认）,,-0.202,0.0,-0.2,0.99987095,/Users/czh/Projects/Clash Legends/ClashLegends-开发素材库/04-中间产物/素材加工/shared_audio_review/named_txtp/npc_global_minions_chaosmelee_sfx_events-0042-event {r3}.txtp,c6ba1cda99138fa37a42e972364a47c953df0f93e917ef719c855106e130a095,.team1.form0.audio.attack_swing[0][2],
melee_minion,近战兵,音效,assets/audio/units/melee_minion/chaos/play_sfx_sru_chaosminionmelee_sru_chaosminionmeleebasicattack_onhit_r1.wav,未发现自动增益残留（波形确认）,,-0.156,0.0,-0.16,0.99994824,/Users/czh/Projects/Clash Legends/ClashLegends-开发素材库/04-中间产物/素材加工/shared_audio_review/named_txtp/npc_global_minions_chaosmelee_sfx_events-0048-event {r1} {d}.txtp,a0858006fbf40258399e262f30bf1525b3ae0b7cd7a2b4b771c0cc4243b1363b,.team1.form0.audio.attack_hit_by_segment[0][0],
melee_minion,近战兵,音效,assets/audio/units/melee_minion/chaos/play_sfx_sru_chaosminionmelee_sru_chaosminionmeleebasicattack_onhit_r2.wav,未发现自动增益残留（波形确认）,,-0.154,0.0,-0.15,0.99994997,/Users/czh/Projects/Clash Legends/ClashLegends-开发素材库/04-中间产物/素材加工/shared_audio_review/named_txtp/npc_global_minions_chaosmelee_sfx_events-0048-event {r2} {d}.txtp,fb9db450fa2b146d6adc5d6fff64eef3a89297ff004aa0c5a64ce535c79fb24e,.team1.form0.audio.attack_hit_by_segment[0][1],
melee_minion,近战兵,音效,assets/audio/units/melee_minion/chaos/play_sfx_sru_chaosminionmelee_sru_chaosminionmeleebasicattack_onhit_r3.wav,未发现自动增益残留（波形确认）,,-0.15,0.0,-0.15,0.9999485,/Users/czh/Projects/Clash Legends/ClashLegends-开发素材库/04-中间产物/素材加工/shared_audio_review/named_txtp/npc_global_minions_chaosmelee_sfx_events-0048-event {r3} {d}.txtp,d594677c9d12f4fa341ff201510dbce569f2dbf3f7d3ac9aaae1cc8c40202abe,.team1.form0.audio.attack_hit_by_segment[0][2],
melee_minion,近战兵,音效,assets/audio/units/melee_minion/order/play_sfx_sru_orderminionmelee_sru_orderminionmeleebasicattack2_oncast_r1.wav,未发现自动增益残留（波形确认）,,-0.219,0.0,-0.22,0.99987934,/Users/czh/Projects/Clash Legends/ClashLegends-开发素材库/04-中间产物/素材加工/shared_audio_review/named_txtp/npc_global_minions_ordermelee_sfx_events-0034-event {r1}.txtp,ad8cf96b9b52cb0b444413c71324799e6882bb30e0aca43f8d5870ad685d6981,.team0.form0.audio.attack_swing[1][0],
melee_minion,近战兵,音效,assets/audio/units/melee_minion/order/play_sfx_sru_orderminionmelee_sru_orderminionmeleebasicattack2_oncast_r2.wav,未发现自动增益残留（波形确认）,,-0.22,0.0,-0.22,0.99985822,/Users/czh/Projects/Clash Legends/ClashLegends-开发素材库/04-中间产物/素材加工/shared_audio_review/named_txtp/npc_global_minions_ordermelee_sfx_events-0034-event {r2}.txtp,10d702b4259d07675ad3195ece776f516b96ae2a765813c2a275b30f258ea132,.team0.form0.audio.attack_swing[1][1],
melee_minion,近战兵,音效,assets/audio/units/melee_minion/order/play_sfx_sru_orderminionmelee_sru_orderminionmeleebasicattack2_oncast_r3.wav,未发现自动增益残留（波形确认）,,-0.226,0.0,-0.23,0.99981632,/Users/czh/Projects/Clash Legends/ClashLegends-开发素材库/04-中间产物/素材加工/shared_audio_review/named_txtp/npc_global_minions_ordermelee_sfx_events-0034-event {r3}.txtp,dc22f7581381d6cb497461e8c901a18bb16ebd80a562d61de764aa41810043cf,.team0.form0.audio.attack_swing[1][2],
melee_minion,近战兵,音效,assets/audio/units/melee_minion/order/play_sfx_sru_orderminionmelee_sru_orderminionmeleebasicattack2_onhit_r1.wav,未发现自动增益残留（波形确认）,,-0.184,0.0,-0.18,0.99991622,/Users/czh/Projects/Clash Legends/ClashLegends-开发素材库/04-中间产物/素材加工/shared_audio_review/named_txtp/npc_global_minions_ordermelee_sfx_events-0030-event {r1}.txtp,54d7da1b42feb3c05dd9065a859fcf7cef7cc05f251a017238016e4428fb9f3e,.team0.form0.audio.attack_hit_by_segment[1][0],
melee_minion,近战兵,音效,assets/audio/units/melee_minion/order/play_sfx_sru_orderminionmelee_sru_orderminionmeleebasicattack2_onhit_r2.wav,未发现自动增益残留（波形确认）,,-0.18,0.0,-0.18,0.99993183,/Users/czh/Projects/Clash Legends/ClashLegends-开发素材库/04-中间产物/素材加工/shared_audio_review/named_txtp/npc_global_minions_ordermelee_sfx_events-0030-event {r2}.txtp,1cd387b4dab8ec777b6f1b90ce3a1ad11975e05fca392c1cbe17cf2ac37f5381,.team0.form0.audio.attack_hit_by_segment[1][1],
melee_minion,近战兵,音效,assets/audio/units/melee_minion/order/play_sfx_sru_orderminionmelee_sru_orderminionmeleebasicattack2_onhit_r3.wav,未发现自动增益残留（波形确认）,,-0.185,0.0,-0.18,0.99991346,/Users/czh/Projects/Clash Legends/ClashLegends-开发素材库/04-中间产物/素材加工/shared_audio_review/named_txtp/npc_global_minions_ordermelee_sfx_events-0030-event {r3}.txtp,048906aa9beeec2fdc88c31222ecc5d44c3e7df89597a661a88e990983b99fa1,.team0.form0.audio.attack_hit_by_segment[1][2],
melee_minion,近战兵,音效,assets/audio/units/melee_minion/order/play_sfx_sru_orderminionmelee_sru_orderminionmeleebasicattack_oncast_r1.wav,未发现自动增益残留（波形确认）,,-0.208,0.0,-0.21,0.99983043,/Users/czh/Projects/Clash Legends/ClashLegends-开发素材库/04-中间产物/素材加工/shared_audio_review/named_txtp/npc_global_minions_ordermelee_sfx_events-0038-event {r1}.txtp,7a6c09f37cff07cb77dd97b70188a7b4cc625b95dacf43c3b1a99e99afa4c423,.team0.form0.audio.attack_swing[0][0],
melee_minion,近战兵,音效,assets/audio/units/melee_minion/order/play_sfx_sru_orderminionmelee_sru_orderminionmeleebasicattack_oncast_r2.wav,未发现自动增益残留（波形确认）,,-0.25,0.0,-0.25,0.99976998,/Users/czh/Projects/Clash Legends/ClashLegends-开发素材库/04-中间产物/素材加工/shared_audio_review/named_txtp/npc_global_minions_ordermelee_sfx_events-0038-event {r2}.txtp,abfbce314c34ec9f696ce298c33e1276b9b03cbfac49569738daaed71fa92e21,.team0.form0.audio.attack_swing[0][1],
melee_minion,近战兵,音效,assets/audio/units/melee_minion/order/play_sfx_sru_orderminionmelee_sru_orderminionmeleebasicattack_oncast_r3.wav,未发现自动增益残留（波形确认）,,-0.221,0.0,-0.22,0.99981126,/Users/czh/Projects/Clash Legends/ClashLegends-开发素材库/04-中间产物/素材加工/shared_audio_review/named_txtp/npc_global_minions_ordermelee_sfx_events-0038-event {r3}.txtp,fae7c9471aa1d382e7c366a919b65b30f4a8fec008839d2f1a4a0fcc0fcd447f,.team0.form0.audio.attack_swing[0][2],
melee_minion,近战兵,音效,assets/audio/units/melee_minion/order/play_sfx_sru_orderminionmelee_sru_orderminionmeleebasicattack_onhit_r1.wav,未发现自动增益残留（波形确认）,,-0.184,0.0,-0.18,0.99991622,/Users/czh/Projects/Clash Legends/ClashLegends-开发素材库/04-中间产物/素材加工/shared_audio_review/named_txtp/npc_global_minions_ordermelee_sfx_events-0044-event {r1} {d}.txtp,54d7da1b42feb3c05dd9065a859fcf7cef7cc05f251a017238016e4428fb9f3e,.team0.form0.audio.attack_hit_by_segment[0][0],
melee_minion,近战兵,音效,assets/audio/units/melee_minion/order/play_sfx_sru_orderminionmelee_sru_orderminionmeleebasicattack_onhit_r2.wav,未发现自动增益残留（波形确认）,,-0.18,0.0,-0.18,0.99993183,/Users/czh/Projects/Clash Legends/ClashLegends-开发素材库/04-中间产物/素材加工/shared_audio_review/named_txtp/npc_global_minions_ordermelee_sfx_events-0044-event {r2} {d}.txtp,1cd387b4dab8ec777b6f1b90ce3a1ad11975e05fca392c1cbe17cf2ac37f5381,.team0.form0.audio.attack_hit_by_segment[0][1],
melee_minion,近战兵,音效,assets/audio/units/melee_minion/order/play_sfx_sru_orderminionmelee_sru_orderminionmeleebasicattack_onhit_r3.wav,未发现自动增益残留（波形确认）,,-0.185,0.0,-0.18,0.99991346,/Users/czh/Projects/Clash Legends/ClashLegends-开发素材库/04-中间产物/素材加工/shared_audio_review/named_txtp/npc_global_minions_ordermelee_sfx_events-0044-event {r3} {d}.txtp,048906aa9beeec2fdc88c31222ecc5d44c3e7df89597a661a88e990983b99fa1,.team0.form0.audio.attack_hit_by_segment[0][2],
melee_minion;ranged_minion;siege_minion;super_minion,炮车兵;超级兵;近战兵;远程兵,音效,assets/audio/units/minion_shared/spawn_r1.wav,未发现自动增益残留（波形确认）,,-0.005,0.0,-0.01,0.99999994,/Users/czh/Projects/Clash Legends/ClashLegends-开发素材库/04-中间产物/素材加工/minion_spawn_review/txtp/Play_sfx_SRU_Spawn_MinionsSpawn_cast {r1}.txtp,785389fe6af79722f2b1d09271b43e6cc9adb4c45750027ba11edd4d6a16f475,.team0.form0.audio.events.spawn:start.pool[0];.team1.form0.audio.events.spawn:start.pool[0],
melee_minion;ranged_minion;siege_minion;super_minion,炮车兵;超级兵;近战兵;远程兵,音效,assets/audio/units/minion_shared/spawn_r2.wav,未发现自动增益残留（波形确认）,,-0.006,0.0,-0.01,0.99999992,/Users/czh/Projects/Clash Legends/ClashLegends-开发素材库/04-中间产物/素材加工/minion_spawn_review/txtp/Play_sfx_SRU_Spawn_MinionsSpawn_cast {r2}.txtp,a3e74c7ed24f0e0d75e3338ce5ad905283bf722a3667585f1b6f45d1f5710e85,.team0.form0.audio.events.spawn:start.pool[1];.team1.form0.audio.events.spawn:start.pool[1],
melee_minion;ranged_minion;siege_minion;super_minion,炮车兵;超级兵;近战兵;远程兵,音效,assets/audio/units/minion_shared/spawn_r3.wav,未发现自动增益残留（波形确认）,,-0.006,0.0,-0.01,0.9999999,/Users/czh/Projects/Clash Legends/ClashLegends-开发素材库/04-中间产物/素材加工/minion_spawn_review/txtp/Play_sfx_SRU_Spawn_MinionsSpawn_cast {r3}.txtp,f9f8ffe832342cd5b9f2917cbb0b2322c57279845fdb468ff8113dde957ab5d4,.team0.form0.audio.events.spawn:start.pool[2];.team1.form0.audio.events.spawn:start.pool[2],
missfortune,赏金猎人,音效,assets/audio/units/missfortune/play_sfx_missfortune_missfortunebasicattack2_oncast_r1.wav,未发现自动增益残留（波形确认）,,-0.004,0.0,-0.0,0.99999995,/Users/czh/Projects/Clash Legends/ClashLegends-开发素材库/04-中间产物/素材加工/card_audio_batch/missfortune/txtp/Play_sfx_MissFortune_MissFortuneBasicAttack2_OnCast {r1}.txtp;/Users/czh/Tools/lol-asset-tools/verification/missfortune/txtp/Play_sfx_MissFortune_MissFortuneBasicAttack2_OnCast {r1}.txtp,ae321590fdfd0d7b650ff16270336928931c06ebebbb228efb61c9491ed852a0,.team0.form0.audio.attack_swing[1][0];.team1.form0.audio.attack_swing[1][0],
missfortune,赏金猎人,音效,assets/audio/units/missfortune/play_sfx_missfortune_missfortunebasicattack2_oncast_r2.wav,未发现自动增益残留（波形确认）,,-0.007,0.0,-0.01,0.9999998,/Users/czh/Projects/Clash Legends/ClashLegends-开发素材库/04-中间产物/素材加工/card_audio_batch/missfortune/txtp/Play_sfx_MissFortune_MissFortuneBasicAttack2_OnCast {r2}.txtp;/Users/czh/Tools/lol-asset-tools/verification/missfortune/txtp/Play_sfx_MissFortune_MissFortuneBasicAttack2_OnCast {r2}.txtp,2ab43016fd870291ef93a6b7b40c22e630c9adca030e6db3b82c03617cfcdde9,.team0.form0.audio.attack_swing[1][1];.team1.form0.audio.attack_swing[1][1],
missfortune,赏金猎人,音效,assets/audio/units/missfortune/play_sfx_missfortune_missfortunebasicattack2_oncast_r3.wav,auto已抵消或播放后不高于原事件,16.0,-16.009,0.0,-0.01,0.99999988,/Users/czh/Projects/Clash Legends/ClashLegends-开发素材库/04-中间产物/素材加工/card_audio_batch/missfortune/txtp/Play_sfx_MissFortune_MissFortuneBasicAttack2_OnCast {r3}.txtp;/Users/czh/Tools/lol-asset-tools/verification/missfortune/txtp/Play_sfx_MissFortune_MissFortuneBasicAttack2_OnCast {r3}.txtp,9d1d1e59c9ec51c9dd803373ca383a47846647ccb84f67c155e85581936bed1a,.team0.form0.audio.attack_swing[1][2];.team1.form0.audio.attack_swing[1][2],
missfortune,赏金猎人,音效,assets/audio/units/missfortune/play_sfx_missfortune_missfortunebasicattack_oncast_r1_d.wav,auto已抵消或播放后不高于原事件,16.0,-16.004,0.0,-0.0,0.99999995,/Users/czh/Projects/Clash Legends/ClashLegends-开发素材库/04-中间产物/素材加工/card_audio_batch/missfortune/txtp/Play_sfx_MissFortune_MissFortuneBasicAttack_OnCast {r1} {d}.txtp;/Users/czh/Tools/lol-asset-tools/verification/missfortune/txtp/Play_sfx_MissFortune_MissFortuneBasicAttack_OnCast {r1} {d}.txtp,ae321590fdfd0d7b650ff16270336928931c06ebebbb228efb61c9491ed852a0,.team0.form0.audio.attack_swing[0][0];.team1.form0.audio.attack_swing[0][0],
missfortune,赏金猎人,音效,assets/audio/units/missfortune/play_sfx_missfortune_missfortunebasicattack_oncast_r2_d.wav,未发现自动增益残留（波形确认）,,-0.007,0.0,-0.01,0.9999998,/Users/czh/Projects/Clash Legends/ClashLegends-开发素材库/04-中间产物/素材加工/card_audio_batch/missfortune/txtp/Play_sfx_MissFortune_MissFortuneBasicAttack_OnCast {r2} {d}.txtp;/Users/czh/Tools/lol-asset-tools/verification/missfortune/txtp/Play_sfx_MissFortune_MissFortuneBasicAttack_OnCast {r2} {d}.txtp,2ab43016fd870291ef93a6b7b40c22e630c9adca030e6db3b82c03617cfcdde9,.team0.form0.audio.attack_swing[0][1];.team1.form0.audio.attack_swing[0][1],
missfortune,赏金猎人,音效,assets/audio/units/missfortune/play_sfx_missfortune_missfortunebasicattack_oncast_r3_d.wav,未发现自动增益残留（波形确认）,,-0.009,0.0,-0.01,0.99999988,/Users/czh/Projects/Clash Legends/ClashLegends-开发素材库/04-中间产物/素材加工/card_audio_batch/missfortune/txtp/Play_sfx_MissFortune_MissFortuneBasicAttack_OnCast {r3} {d}.txtp;/Users/czh/Tools/lol-asset-tools/verification/missfortune/txtp/Play_sfx_MissFortune_MissFortuneBasicAttack_OnCast {r3} {d}.txtp,9d1d1e59c9ec51c9dd803373ca383a47846647ccb84f67c155e85581936bed1a,.team0.form0.audio.attack_swing[0][2];.team1.form0.audio.attack_swing[0][2],
missfortune,赏金猎人,音效,assets/audio/units/missfortune/play_sfx_missfortune_missfortunebasicattack_onhit_1559186049_1153642577_r1_d.wav,未发现自动增益残留（波形确认）,,-0.003,0.0,-0.0,0.99999999,/Users/czh/Projects/Clash Legends/ClashLegends-开发素材库/04-中间产物/素材加工/card_audio_batch/missfortune/txtp/Play_sfx_MissFortune_MissFortuneBasicAttack_OnHit [1559186049=1153642577] {r1} {d}.txtp;/Users/czh/Tools/lol-asset-tools/verification/missfortune/txtp/Play_sfx_MissFortune_MissFortuneBasicAttack_OnHit [1559186049=1153642577] {r1} {d}.txtp,af7b14727cefa4af2908f23f9edb5eb8f6aa2270230afe03c17b2fd5eb6a8177,.team0.form0.audio.attack_hit[0];.team1.form0.audio.attack_hit[0],
missfortune,赏金猎人,音效,assets/audio/units/missfortune/play_sfx_missfortune_missfortunebasicattack_onhit_1559186049_1153642577_r2_d.wav,auto已抵消或播放后不高于原事件,17.0,-17.002,0.0,-0.0,0.99999999,/Users/czh/Projects/Clash Legends/ClashLegends-开发素材库/04-中间产物/素材加工/card_audio_batch/missfortune/txtp/Play_sfx_MissFortune_MissFortuneBasicAttack_OnHit [1559186049=1153642577] {r2} {d}.txtp;/Users/czh/Tools/lol-asset-tools/verification/missfortune/txtp/Play_sfx_MissFortune_MissFortuneBasicAttack_OnHit [1559186049=1153642577] {r2} {d}.txtp,9ce341570219da46492efdf8923d7365c46561ae1b8b0bb1423af683dbe0d1c5,.team0.form0.audio.attack_hit[1];.team1.form0.audio.attack_hit[1],
missfortune,赏金猎人,音效,assets/audio/units/missfortune/play_sfx_missfortune_missfortunebasicattack_onhit_1559186049_1153642577_r3_d.wav,未发现自动增益残留（波形确认）,,-0.002,0.0,-0.0,0.99999999,/Users/czh/Projects/Clash Legends/ClashLegends-开发素材库/04-中间产物/素材加工/card_audio_batch/missfortune/txtp/Play_sfx_MissFortune_MissFortuneBasicAttack_OnHit [1559186049=1153642577] {r3} {d}.txtp;/Users/czh/Tools/lol-asset-tools/verification/missfortune/txtp/Play_sfx_MissFortune_MissFortuneBasicAttack_OnHit [1559186049=1153642577] {r3} {d}.txtp,e43cecab03669e15cff3d33f7e545be6a0308c2b1dcf663aeca74e80ae800796,.team0.form0.audio.attack_hit[2];.team1.form0.audio.attack_hit[2],
missfortune,赏金猎人,音效,assets/audio/units/missfortune/play_sfx_missfortune_missfortunebasicattack_onhit_1559186049_1153642577_r4_d.wav,未发现自动增益残留（波形确认）,,-0.003,0.0,-0.0,0.99999999,/Users/czh/Projects/Clash Legends/ClashLegends-开发素材库/04-中间产物/素材加工/card_audio_batch/missfortune/txtp/Play_sfx_MissFortune_MissFortuneBasicAttack_OnHit [1559186049=1153642577] {r4} {d}.txtp;/Users/czh/Tools/lol-asset-tools/verification/missfortune/txtp/Play_sfx_MissFortune_MissFortuneBasicAttack_OnHit [1559186049=1153642577] {r4} {d}.txtp,eeac177a4df904cbf86ddd6747fd4baafc265ef0ed54fe168fcba918d297de1c,.team0.form0.audio.attack_hit[3];.team1.form0.audio.attack_hit[3],
missfortune,赏金猎人,音效,assets/audio/units/missfortune/play_sfx_missfortune_missfortunebasicattack_onhit_1559186049_1153642577_r5_d.wav,auto已抵消或播放后不高于原事件,17.0,-17.002,0.0,-0.0,0.99999999,/Users/czh/Projects/Clash Legends/ClashLegends-开发素材库/04-中间产物/素材加工/card_audio_batch/missfortune/txtp/Play_sfx_MissFortune_MissFortuneBasicAttack_OnHit [1559186049=1153642577] {r5} {d}.txtp;/Users/czh/Tools/lol-asset-tools/verification/missfortune/txtp/Play_sfx_MissFortune_MissFortuneBasicAttack_OnHit [1559186049=1153642577] {r5} {d}.txtp,2d1259e1b7bcd7a246847fd44e13e2c1739fd28b9abc21c422cf2606ebc083e7,.team0.form0.audio.attack_hit[4];.team1.form0.audio.attack_hit[4],
missfortune,赏金猎人,音效,assets/audio/units/missfortune/play_sfx_missfortune_missfortunebasicattack_onhit_1559186049_1153642577_r6_d.wav,未发现自动增益残留（波形确认）,,-0.002,0.0,-0.0,0.99999999,/Users/czh/Projects/Clash Legends/ClashLegends-开发素材库/04-中间产物/素材加工/card_audio_batch/missfortune/txtp/Play_sfx_MissFortune_MissFortuneBasicAttack_OnHit [1559186049=1153642577] {r6} {d}.txtp;/Users/czh/Tools/lol-asset-tools/verification/missfortune/txtp/Play_sfx_MissFortune_MissFortuneBasicAttack_OnHit [1559186049=1153642577] {r6} {d}.txtp,c885d76cb9f3642bfcc118d844944c2dd9947eddb87e89cc9ae8b7f098a90650,.team0.form0.audio.attack_hit[5];.team1.form0.audio.attack_hit[5],
missfortune,赏金猎人,音效,assets/audio/units/missfortune/play_sfx_missfortune_missfortunebasicattack_onhit_1559186049_1216965916_r1_d.wav,auto已抵消或播放后不高于原事件,17.0,-17.002,0.0,-0.0,0.99999999,/Users/czh/Projects/Clash Legends/ClashLegends-开发素材库/04-中间产物/素材加工/card_audio_batch/missfortune/txtp/Play_sfx_MissFortune_MissFortuneBasicAttack_OnHit [1559186049=1216965916] {r1} {d}.txtp;/Users/czh/Tools/lol-asset-tools/verification/missfortune/txtp/Play_sfx_MissFortune_MissFortuneBasicAttack_OnHit [1559186049=1216965916] {r1} {d}.txtp,c97c091328d723f02c36a0ca05a09f38b37f879b1ab6d635074dd746dcdaf98b,.team0.form0.audio.attack_hit[6];.team1.form0.audio.attack_hit[6],
missfortune,赏金猎人,音效,assets/audio/units/missfortune/play_sfx_missfortune_missfortunebasicattack_onhit_1559186049_1216965916_r2_d.wav,未发现自动增益残留（波形确认）,,-0.003,0.0,-0.0,0.99999999,/Users/czh/Projects/Clash Legends/ClashLegends-开发素材库/04-中间产物/素材加工/card_audio_batch/missfortune/txtp/Play_sfx_MissFortune_MissFortuneBasicAttack_OnHit [1559186049=1216965916] {r2} {d}.txtp;/Users/czh/Tools/lol-asset-tools/verification/missfortune/txtp/Play_sfx_MissFortune_MissFortuneBasicAttack_OnHit [1559186049=1216965916] {r2} {d}.txtp,2b7bb901fcaafd7b3083d8caed1a94b60cfd8832c5381f24758da4e3b9073093,.team0.form0.audio.attack_hit[7];.team1.form0.audio.attack_hit[7],
missfortune,赏金猎人,音效,assets/audio/units/missfortune/play_sfx_missfortune_missfortunebasicattack_onhit_1559186049_1216965916_r3_d.wav,auto已抵消或播放后不高于原事件,17.0,-17.002,0.0,-0.0,0.99999999,/Users/czh/Projects/Clash Legends/ClashLegends-开发素材库/04-中间产物/素材加工/card_audio_batch/missfortune/txtp/Play_sfx_MissFortune_MissFortuneBasicAttack_OnHit [1559186049=1216965916] {r3} {d}.txtp;/Users/czh/Tools/lol-asset-tools/verification/missfortune/txtp/Play_sfx_MissFortune_MissFortuneBasicAttack_OnHit [1559186049=1216965916] {r3} {d}.txtp,a00556fbd822278a6bd95c1b274deda49933cdf53ca63b6fba48261a50d797a9,.team0.form0.audio.attack_hit[8];.team1.form0.audio.attack_hit[8],
missfortune,赏金猎人,音效,assets/audio/units/missfortune/play_sfx_missfortune_missfortunebasicattack_onhit_1559186049_1216965916_r4_d.wav,auto已抵消或播放后不高于原事件,17.0,-17.003,0.0,-0.0,0.99999998,/Users/czh/Projects/Clash Legends/ClashLegends-开发素材库/04-中间产物/素材加工/card_audio_batch/missfortune/txtp/Play_sfx_MissFortune_MissFortuneBasicAttack_OnHit [1559186049=1216965916] {r4} {d}.txtp;/Users/czh/Tools/lol-asset-tools/verification/missfortune/txtp/Play_sfx_MissFortune_MissFortuneBasicAttack_OnHit [1559186049=1216965916] {r4} {d}.txtp,0318e3066a4fd1a29c7a6d9f3ed080ce662c1e24ae9a6a141c7b8959356f9b18,.team0.form0.audio.attack_hit[9];.team1.form0.audio.attack_hit[9],
missfortune,赏金猎人,音效,assets/audio/units/missfortune/play_sfx_missfortune_missfortunebasicattack_onhit_1559186049_1216965916_r5_d.wav,未发现自动增益残留（波形确认）,,-0.002,0.0,-0.0,0.99999999,/Users/czh/Projects/Clash Legends/ClashLegends-开发素材库/04-中间产物/素材加工/card_audio_batch/missfortune/txtp/Play_sfx_MissFortune_MissFortuneBasicAttack_OnHit [1559186049=1216965916] {r5} {d}.txtp;/Users/czh/Tools/lol-asset-tools/verification/missfortune/txtp/Play_sfx_MissFortune_MissFortuneBasicAttack_OnHit [1559186049=1216965916] {r5} {d}.txtp,ebd0b9a9c708c373dbf30695263cb5411c1f6a4299aec287be7158b12bfd5074,.team0.form0.audio.attack_hit[10];.team1.form0.audio.attack_hit[10],
missfortune,赏金猎人,音效,assets/audio/units/missfortune/play_sfx_missfortune_missfortunebasicattack_onhit_1559186049_1216965916_r6_d.wav,未发现自动增益残留（波形确认）,,-0.002,0.0,-0.0,0.99999999,/Users/czh/Projects/Clash Legends/ClashLegends-开发素材库/04-中间产物/素材加工/card_audio_batch/missfortune/txtp/Play_sfx_MissFortune_MissFortuneBasicAttack_OnHit [1559186049=1216965916] {r6} {d}.txtp;/Users/czh/Tools/lol-asset-tools/verification/missfortune/txtp/Play_sfx_MissFortune_MissFortuneBasicAttack_OnHit [1559186049=1216965916] {r6} {d}.txtp,a8a3309faf1956a70b36c2db69e92b57a3d7bc44ceb5430e6883fbb246dcbae5,.team0.form0.audio.attack_hit[11];.team1.form0.audio.attack_hit[11],
missfortune,赏金猎人,音效,assets/audio/units/missfortune/play_sfx_missfortune_missfortunebasicattack_onhit_1559186049_2058049674_r1_d.wav,auto已抵消或播放后不高于原事件,17.0,-17.002,0.0,-0.0,0.99999999,/Users/czh/Projects/Clash Legends/ClashLegends-开发素材库/04-中间产物/素材加工/card_audio_batch/missfortune/txtp/Play_sfx_MissFortune_MissFortuneBasicAttack_OnHit [1559186049=2058049674] {r1} {d}.txtp;/Users/czh/Tools/lol-asset-tools/verification/missfortune/txtp/Play_sfx_MissFortune_MissFortuneBasicAttack_OnHit [1559186049=2058049674] {r1} {d}.txtp,84bcb19296bd7387daddb4fdbb0374073c127fb91a032d9f593d7a12d29abca1,.team0.form0.audio.attack_hit[12];.team1.form0.audio.attack_hit[12],
missfortune,赏金猎人,音效,assets/audio/units/missfortune/play_sfx_missfortune_missfortunebasicattack_onhit_1559186049_2058049674_r2_d.wav,未发现自动增益残留（波形确认）,,-0.002,0.0,-0.0,0.99999999,/Users/czh/Projects/Clash Legends/ClashLegends-开发素材库/04-中间产物/素材加工/card_audio_batch/missfortune/txtp/Play_sfx_MissFortune_MissFortuneBasicAttack_OnHit [1559186049=2058049674] {r2} {d}.txtp;/Users/czh/Tools/lol-asset-tools/verification/missfortune/txtp/Play_sfx_MissFortune_MissFortuneBasicAttack_OnHit [1559186049=2058049674] {r2} {d}.txtp,a058ad36f90fd6fb118e573166f7043dec325c30582bc33b86dbd0c17a47bdaa,.team0.form0.audio.attack_hit[13];.team1.form0.audio.attack_hit[13],
missfortune,赏金猎人,音效,assets/audio/units/missfortune/play_sfx_missfortune_missfortunebasicattack_onhit_1559186049_2058049674_r3_d.wav,auto已抵消或播放后不高于原事件,17.0,-17.002,0.0,-0.0,0.99999999,/Users/czh/Projects/Clash Legends/ClashLegends-开发素材库/04-中间产物/素材加工/card_audio_batch/missfortune/txtp/Play_sfx_MissFortune_MissFortuneBasicAttack_OnHit [1559186049=2058049674] {r3} {d}.txtp;/Users/czh/Tools/lol-asset-tools/verification/missfortune/txtp/Play_sfx_MissFortune_MissFortuneBasicAttack_OnHit [1559186049=2058049674] {r3} {d}.txtp,92d53d0e50db774bbede9eae218f821e078ef747f3bc6e0908ea8bc96ede7b43,.team0.form0.audio.attack_hit[14];.team1.form0.audio.attack_hit[14],
missfortune,赏金猎人,音效,assets/audio/units/missfortune/play_sfx_missfortune_missfortunebasicattack_onhit_1559186049_2058049674_r4_d.wav,auto已抵消或播放后不高于原事件,17.0,-17.002,0.0,-0.0,0.99999999,/Users/czh/Projects/Clash Legends/ClashLegends-开发素材库/04-中间产物/素材加工/card_audio_batch/missfortune/txtp/Play_sfx_MissFortune_MissFortuneBasicAttack_OnHit [1559186049=2058049674] {r4} {d}.txtp;/Users/czh/Tools/lol-asset-tools/verification/missfortune/txtp/Play_sfx_MissFortune_MissFortuneBasicAttack_OnHit [1559186049=2058049674] {r4} {d}.txtp,304e11d77dfdbb663c19d6e61a543a32897f8811423f8fb9cdf3efaa8fe556d8,.team0.form0.audio.attack_hit[15];.team1.form0.audio.attack_hit[15],
missfortune,赏金猎人,音效,assets/audio/units/missfortune/play_sfx_missfortune_missfortunebasicattack_onhit_1559186049_2058049674_r5_d.wav,未发现自动增益残留（波形确认）,,-0.002,0.0,-0.0,0.99999999,/Users/czh/Projects/Clash Legends/ClashLegends-开发素材库/04-中间产物/素材加工/card_audio_batch/missfortune/txtp/Play_sfx_MissFortune_MissFortuneBasicAttack_OnHit [1559186049=2058049674] {r5} {d}.txtp;/Users/czh/Tools/lol-asset-tools/verification/missfortune/txtp/Play_sfx_MissFortune_MissFortuneBasicAttack_OnHit [1559186049=2058049674] {r5} {d}.txtp,4ef179f056e4ecf4bc46984b5bc5369942e3d176186d678f6723863a1e70df5a,.team0.form0.audio.attack_hit[16];.team1.form0.audio.attack_hit[16],
missfortune,赏金猎人,音效,assets/audio/units/missfortune/play_sfx_missfortune_missfortunebasicattack_onhit_1559186049_2058049674_r6_d.wav,未发现自动增益残留（波形确认）,,-0.002,0.0,-0.0,0.99999999,/Users/czh/Projects/Clash Legends/ClashLegends-开发素材库/04-中间产物/素材加工/card_audio_batch/missfortune/txtp/Play_sfx_MissFortune_MissFortuneBasicAttack_OnHit [1559186049=2058049674] {r6} {d}.txtp;/Users/czh/Tools/lol-asset-tools/verification/missfortune/txtp/Play_sfx_MissFortune_MissFortuneBasicAttack_OnHit [1559186049=2058049674] {r6} {d}.txtp,f4e50afa5a46822b6d726a89dad5b1c19a41d719b06848ae7ffd114764c0edd3,.team0.form0.audio.attack_hit[17];.team1.form0.audio.attack_hit[17],
missfortune,赏金猎人,音效,assets/audio/units/missfortune/play_sfx_missfortune_missfortunebasicattack_onhit_1559186049_2473969246_r1_d.wav,auto已抵消或播放后不高于原事件,17.0,-17.002,0.0,-0.0,0.99999999,/Users/czh/Projects/Clash Legends/ClashLegends-开发素材库/04-中间产物/素材加工/card_audio_batch/missfortune/txtp/Play_sfx_MissFortune_MissFortuneBasicAttack_OnHit [1559186049=2473969246] {r1} {d}.txtp;/Users/czh/Tools/lol-asset-tools/verification/missfortune/txtp/Play_sfx_MissFortune_MissFortuneBasicAttack_OnHit [1559186049=2473969246] {r1} {d}.txtp,87b6448d2c8c7342349c75ac001c99126df7e55beea2b9a39e872dbae63c2375,.team0.form0.audio.attack_hit[18];.team1.form0.audio.attack_hit[18],
missfortune,赏金猎人,音效,assets/audio/units/missfortune/play_sfx_missfortune_missfortunebasicattack_onhit_1559186049_2473969246_r2_d.wav,未发现自动增益残留（波形确认）,,-0.003,0.0,-0.0,0.99999999,/Users/czh/Projects/Clash Legends/ClashLegends-开发素材库/04-中间产物/素材加工/card_audio_batch/missfortune/txtp/Play_sfx_MissFortune_MissFortuneBasicAttack_OnHit [1559186049=2473969246] {r2} {d}.txtp;/Users/czh/Tools/lol-asset-tools/verification/missfortune/txtp/Play_sfx_MissFortune_MissFortuneBasicAttack_OnHit [1559186049=2473969246] {r2} {d}.txtp,7b4c32217f89832c28ba0a20c727fb0b8c2f4b4f0c75329badb5d8643e3309b2,.team0.form0.audio.attack_hit[19];.team1.form0.audio.attack_hit[19],
missfortune,赏金猎人,音效,assets/audio/units/missfortune/play_sfx_missfortune_missfortunebasicattack_onhit_1559186049_2473969246_r3_d.wav,未发现自动增益残留（波形确认）,,-0.003,0.0,-0.0,0.99999998,/Users/czh/Projects/Clash Legends/ClashLegends-开发素材库/04-中间产物/素材加工/card_audio_batch/missfortune/txtp/Play_sfx_MissFortune_MissFortuneBasicAttack_OnHit [1559186049=2473969246] {r3} {d}.txtp;/Users/czh/Tools/lol-asset-tools/verification/missfortune/txtp/Play_sfx_MissFortune_MissFortuneBasicAttack_OnHit [1559186049=2473969246] {r3} {d}.txtp,8e0bc23ad34bb40c0d70d3ef308be3087a4bdde5da90c7e4bc24541deb423b60,.team0.form0.audio.attack_hit[20];.team1.form0.audio.attack_hit[20],
missfortune,赏金猎人,音效,assets/audio/units/missfortune/play_sfx_missfortune_missfortunebasicattack_onhit_1559186049_2473969246_r4_d.wav,未发现自动增益残留（波形确认）,,-0.002,0.0,-0.0,0.99999999,/Users/czh/Projects/Clash Legends/ClashLegends-开发素材库/04-中间产物/素材加工/card_audio_batch/missfortune/txtp/Play_sfx_MissFortune_MissFortuneBasicAttack_OnHit [1559186049=2473969246] {r4} {d}.txtp;/Users/czh/Tools/lol-asset-tools/verification/missfortune/txtp/Play_sfx_MissFortune_MissFortuneBasicAttack_OnHit [1559186049=2473969246] {r4} {d}.txtp,17009c403ddca4918ce8a6ce17923b7c9cc0931dbbc5afefcad51087b1943508,.team0.form0.audio.attack_hit[21];.team1.form0.audio.attack_hit[21],
missfortune,赏金猎人,音效,assets/audio/units/missfortune/play_sfx_missfortune_missfortunebasicattack_onhit_1559186049_2473969246_r5_d.wav,未发现自动增益残留（波形确认）,,-0.002,0.0,-0.0,0.99999999,/Users/czh/Projects/Clash Legends/ClashLegends-开发素材库/04-中间产物/素材加工/card_audio_batch/missfortune/txtp/Play_sfx_MissFortune_MissFortuneBasicAttack_OnHit [1559186049=2473969246] {r5} {d}.txtp;/Users/czh/Tools/lol-asset-tools/verification/missfortune/txtp/Play_sfx_MissFortune_MissFortuneBasicAttack_OnHit [1559186049=2473969246] {r5} {d}.txtp,5e74f26d75b5490bc8c4771b01616ace69a659bc5edec6ad318fe64d8560406c,.team0.form0.audio.attack_hit[22];.team1.form0.audio.attack_hit[22],
missfortune,赏金猎人,音效,assets/audio/units/missfortune/play_sfx_missfortune_missfortunebasicattack_onhit_1559186049_2473969246_r6_d.wav,未发现自动增益残留（波形确认）,,-0.002,0.0,-0.0,0.99999999,/Users/czh/Projects/Clash Legends/ClashLegends-开发素材库/04-中间产物/素材加工/card_audio_batch/missfortune/txtp/Play_sfx_MissFortune_MissFortuneBasicAttack_OnHit [1559186049=2473969246] {r6} {d}.txtp;/Users/czh/Tools/lol-asset-tools/verification/missfortune/txtp/Play_sfx_MissFortune_MissFortuneBasicAttack_OnHit [1559186049=2473969246] {r6} {d}.txtp,50eb9659586119f793e67a25674596bdbd11fed98deb0f500326e156a643034f,.team0.form0.audio.attack_hit[23];.team1.form0.audio.attack_hit[23],
missfortune,赏金猎人,音效,assets/audio/units/missfortune/play_sfx_missfortune_missfortunebasicattack_onmissilecast_r1_d.wav,未发现自动增益残留（波形确认）,,-0.002,0.0,-0.0,0.99999999,/Users/czh/Tools/lol-asset-tools/verification/missfortune/txtp/Play_sfx_MissFortune_MissFortuneBasicAttack_OnMissileCast {r1} {d}.txtp,c07d20a74bc8814c08e572f8ed46491669dc5a2e6b3b8175b728990bbe8cb607,.team0.form0.audio.events.attack_missile_cast.pool[0];.team1.form0.audio.events.attack_missile_cast.pool[0],
missfortune,赏金猎人,音效,assets/audio/units/missfortune/play_sfx_missfortune_missfortunebasicattack_onmissilecast_r2_d.wav,未发现自动增益残留（波形确认）,,-0.002,0.0,-0.0,0.99999999,/Users/czh/Tools/lol-asset-tools/verification/missfortune/txtp/Play_sfx_MissFortune_MissFortuneBasicAttack_OnMissileCast {r2} {d}.txtp,ead0906fb50f4eb8d3f760cb14ce10bb8eb1a4cfd12f502f2f299d3e3909f7b7,.team0.form0.audio.events.attack_missile_cast.pool[1];.team1.form0.audio.events.attack_missile_cast.pool[1],
missfortune,赏金猎人,音效,assets/audio/units/missfortune/play_sfx_missfortune_missfortunebasicattack_onmissilecast_r3_d.wav,未发现自动增益残留（波形确认）,,-0.002,0.0,-0.0,1.0,/Users/czh/Tools/lol-asset-tools/verification/missfortune/txtp/Play_sfx_MissFortune_MissFortuneBasicAttack_OnMissileCast {r3} {d}.txtp,9c283d5e58e6d927a75e90b9c4afb91ae9155092b744baf4a1dd41dd84ae8e93,.team0.form0.audio.events.attack_missile_cast.pool[2];.team1.form0.audio.events.attack_missile_cast.pool[2],
missfortune,赏金猎人,音效,assets/audio/units/missfortune/play_sfx_missfortune_missfortunebasicattack_onmissilelaunch_r1_d.wav,未发现自动增益残留（波形确认）,,-0.006,0.0,-0.01,0.9999999,/Users/czh/Projects/Clash Legends/ClashLegends-开发素材库/04-中间产物/素材加工/card_audio_batch/missfortune/txtp/Play_sfx_MissFortune_MissFortuneBasicAttack_OnMissileLaunch {r1} {d}.txtp;/Users/czh/Tools/lol-asset-tools/verification/missfortune/txtp/Play_sfx_MissFortune_MissFortuneBasicAttack_OnMissileLaunch {r1} {d}.txtp,bd03645dac10b8db3702755cc7340355043bc17577fbae2d8cf0db5da6db9aa7,.team0.form0.audio.events.attack_launch.pool[0];.team1.form0.audio.events.attack_launch.pool[0],
missfortune,赏金猎人,音效,assets/audio/units/missfortune/play_sfx_missfortune_missfortunebasicattack_onmissilelaunch_r2_d.wav,auto已抵消或播放后不高于原事件,19.0,-19.006,0.0,-0.01,0.99999992,/Users/czh/Projects/Clash Legends/ClashLegends-开发素材库/04-中间产物/素材加工/card_audio_batch/missfortune/txtp/Play_sfx_MissFortune_MissFortuneBasicAttack_OnMissileLaunch {r2} {d}.txtp;/Users/czh/Tools/lol-asset-tools/verification/missfortune/txtp/Play_sfx_MissFortune_MissFortuneBasicAttack_OnMissileLaunch {r2} {d}.txtp,c72b0b50310914ee7672b714d580f3e90f467d2580807865761d7f3ee3abc3a6,.team0.form0.audio.events.attack_launch.pool[1];.team1.form0.audio.events.attack_launch.pool[1],
missfortune,赏金猎人,音效,assets/audio/units/missfortune/play_sfx_missfortune_missfortunebasicattack_onmissilelaunch_r3_d.wav,未发现自动增益残留（波形确认）,,-0.005,0.0,-0.01,0.99999993,/Users/czh/Projects/Clash Legends/ClashLegends-开发素材库/04-中间产物/素材加工/card_audio_batch/missfortune/txtp/Play_sfx_MissFortune_MissFortuneBasicAttack_OnMissileLaunch {r3} {d}.txtp;/Users/czh/Tools/lol-asset-tools/verification/missfortune/txtp/Play_sfx_MissFortune_MissFortuneBasicAttack_OnMissileLaunch {r3} {d}.txtp,51b396c715c7ecfdb516ebfa6f495219cca2f3362fbc61cfec789d8f44609002,.team0.form0.audio.events.attack_launch.pool[2];.team1.form0.audio.events.attack_launch.pool[2],
missfortune,赏金猎人,音效,assets/audio/units/missfortune/play_sfx_missfortune_missfortunepassiveattack_oncast_r1_d.wav,auto已抵消或播放后不高于原事件,24.0,-24.009,0.0,-0.01,0.99999937,/Users/czh/Projects/Clash Legends/ClashLegends-开发素材库/04-中间产物/素材加工/card_audio_batch/missfortune/txtp/Play_sfx_MissFortune_MissFortunePassiveAttack_OnCast {r1} {d}.txtp;/Users/czh/Tools/lol-asset-tools/verification/missfortune/txtp/Play_sfx_MissFortune_MissFortunePassiveAttack_OnCast {r1} {d}.txtp,8b4efb126783c06ff86281af7842a26cb7a9e42ce766b052e7cf856a0043498a,.team0.form0.audio.events.first_strike:cast.pool[0];.team1.form0.audio.events.first_strike:cast.pool[0],
missfortune,赏金猎人,音效,assets/audio/units/missfortune/play_sfx_missfortune_missfortunepassiveattack_oncast_r2_d.wav,未发现自动增益残留（波形确认）,,-0.012,0.0,-0.01,0.99999905,/Users/czh/Projects/Clash Legends/ClashLegends-开发素材库/04-中间产物/素材加工/card_audio_batch/missfortune/txtp/Play_sfx_MissFortune_MissFortunePassiveAttack_OnCast {r2} {d}.txtp;/Users/czh/Tools/lol-asset-tools/verification/missfortune/txtp/Play_sfx_MissFortune_MissFortunePassiveAttack_OnCast {r2} {d}.txtp,64dad881f0823c35f18b4c497e23e02a319bca09b18514d85af283d3df8e1eca,.team0.form0.audio.events.first_strike:cast.pool[1];.team1.form0.audio.events.first_strike:cast.pool[1],
missfortune,赏金猎人,音效,assets/audio/units/missfortune/play_sfx_missfortune_missfortunepassiveattack_onhit_1559186049_1153642577_r1_d.wav,未发现自动增益残留（波形确认）,,-0.001,0.0,-0.0,1.0,/Users/czh/Projects/Clash Legends/ClashLegends-开发素材库/04-中间产物/素材加工/card_audio_batch/missfortune/txtp/Play_sfx_MissFortune_MissFortunePassiveAttack_OnHit [1559186049=1153642577] {r1} {d}.txtp;/Users/czh/Tools/lol-asset-tools/verification/missfortune/txtp/Play_sfx_MissFortune_MissFortunePassiveAttack_OnHit [1559186049=1153642577] {r1} {d}.txtp,e772f103df571d0ed9c668b66b045580ca32d9190af3d4f23a63642a247037c1,.team0.form0.audio.first_strike_hit[0];.team1.form0.audio.first_strike_hit[0],
missfortune,赏金猎人,音效,assets/audio/units/missfortune/play_sfx_missfortune_missfortunepassiveattack_onhit_1559186049_1153642577_r2_d.wav,auto已抵消或播放后不高于原事件,15.0,-15.001,0.0,-0.0,1.0,/Users/czh/Projects/Clash Legends/ClashLegends-开发素材库/04-中间产物/素材加工/card_audio_batch/missfortune/txtp/Play_sfx_MissFortune_MissFortunePassiveAttack_OnHit [1559186049=1153642577] {r2} {d}.txtp;/Users/czh/Tools/lol-asset-tools/verification/missfortune/txtp/Play_sfx_MissFortune_MissFortunePassiveAttack_OnHit [1559186049=1153642577] {r2} {d}.txtp,9558be6add717809591068b3958dc422e42d2cb46b22e7cbdc17db7117bafa6c,.team0.form0.audio.first_strike_hit[1];.team1.form0.audio.first_strike_hit[1],
missfortune,赏金猎人,音效,assets/audio/units/missfortune/play_sfx_missfortune_missfortunepassiveattack_onhitlocation_d.wav,未发现自动增益残留（波形确认）,,-0.002,0.0,-0.0,0.99999999,/Users/czh/Projects/Clash Legends/ClashLegends-开发素材库/04-中间产物/素材加工/card_audio_batch/missfortune/txtp/Play_sfx_MissFortune_MissFortunePassiveAttack_OnHitLocation {d}.txtp;/Users/czh/Tools/lol-asset-tools/verification/missfortune/txtp/Play_sfx_MissFortune_MissFortunePassiveAttack_OnHitLocation {d}.txtp,516343c20fdab8625535c61b609d845273d7ca56ed973d1a6843ef1e7a795d35,.team0.form0.audio.events.first_strike:hit_location.pool[0];.team1.form0.audio.events.first_strike:hit_location.pool[0],
missfortune,赏金猎人,音效,assets/audio/units/missfortune/play_sfx_missfortune_missfortunepassiveattack_onmissilecast_r1_d.wav,未发现自动增益残留（波形确认）,,-0.001,0.0,-0.0,1.0,/Users/czh/Projects/Clash Legends/ClashLegends-开发素材库/04-中间产物/素材加工/card_audio_batch/missfortune/txtp/Play_sfx_MissFortune_MissFortunePassiveAttack_OnMissileCast {r1} {d}.txtp;/Users/czh/Tools/lol-asset-tools/verification/missfortune/txtp/Play_sfx_MissFortune_MissFortunePassiveAttack_OnMissileCast {r1} {d}.txtp,a4a7a5354135a605b346df575b9272da08e333ef50fe249e4bd7ab88f476abcf,.team0.form0.audio.events.first_strike:missile_cast.pool[0];.team1.form0.audio.events.first_strike:missile_cast.pool[0],
missfortune,赏金猎人,音效,assets/audio/units/missfortune/play_sfx_missfortune_missfortunepassiveattack_onmissilecast_r2_d.wav,auto已抵消或播放后不高于原事件,14.0,-14.001,0.0,-0.0,1.0,/Users/czh/Projects/Clash Legends/ClashLegends-开发素材库/04-中间产物/素材加工/card_audio_batch/missfortune/txtp/Play_sfx_MissFortune_MissFortunePassiveAttack_OnMissileCast {r2} {d}.txtp;/Users/czh/Tools/lol-asset-tools/verification/missfortune/txtp/Play_sfx_MissFortune_MissFortunePassiveAttack_OnMissileCast {r2} {d}.txtp,0fb9f34b4fdf6ca5c86382b6c54cd3eb8a48fb1f199303bce8251a1fac949d2c,.team0.form0.audio.events.first_strike:missile_cast.pool[1];.team1.form0.audio.events.first_strike:missile_cast.pool[1],
missfortune,赏金猎人,音效,assets/audio/units/missfortune/play_sfx_missfortune_missfortunepassiveattack_onmissilelaunch_r1_d.wav,未发现自动增益残留（波形确认）,,-0.003,0.0,-0.0,0.99999998,/Users/czh/Projects/Clash Legends/ClashLegends-开发素材库/04-中间产物/素材加工/card_audio_batch/missfortune/txtp/Play_sfx_MissFortune_MissFortunePassiveAttack_OnMissileLaunch {r1} {d}.txtp;/Users/czh/Tools/lol-asset-tools/verification/missfortune/txtp/Play_sfx_MissFortune_MissFortunePassiveAttack_OnMissileLaunch {r1} {d}.txtp,6f6f11c40724005f41c87710402330ccf395de4fcfbe7f67f65f4d93823ba4d6,.team0.form0.audio.events.first_strike:missile_launch.pool[0];.team1.form0.audio.events.first_strike:missile_launch.pool[0],
missfortune,赏金猎人,音效,assets/audio/units/missfortune/play_sfx_missfortune_missfortunepassiveattack_onmissilelaunch_r2_d.wav,auto已抵消或播放后不高于原事件,17.0,-17.003,0.0,-0.0,0.99999998,/Users/czh/Projects/Clash Legends/ClashLegends-开发素材库/04-中间产物/素材加工/card_audio_batch/missfortune/txtp/Play_sfx_MissFortune_MissFortunePassiveAttack_OnMissileLaunch {r2} {d}.txtp;/Users/czh/Tools/lol-asset-tools/verification/missfortune/txtp/Play_sfx_MissFortune_MissFortunePassiveAttack_OnMissileLaunch {r2} {d}.txtp,68d2071f1aa627ecfa7897d4b62414efca911d50f0fd758c6596cda7d28e9826,.team0.form0.audio.events.first_strike:missile_launch.pool[1];.team1.form0.audio.events.first_strike:missile_launch.pool[1],
missfortune,赏金猎人,音效,assets/audio/units/missfortune/play_sfx_missfortune_missfortuneviciousstrikes_onbuffactivate_r1.wav,auto已抵消或播放后不高于原事件,19.0,-19.033,0.0,-0.03,0.99999221,/Users/czh/Projects/Clash Legends/ClashLegends-开发素材库/04-中间产物/素材加工/card_audio_batch/missfortune/txtp/Play_sfx_MissFortune_MissFortuneViciousStrikes_OnBuffActivate {r1}.txtp;/Users/czh/Tools/lol-asset-tools/verification/missfortune/txtp/Play_sfx_MissFortune_MissFortuneViciousStrikes_OnBuffActivate {r1}.txtp,278db8c8c7c47bc6b04d0f3dfc664cd9203e3695a26d0f04081507c68ac95d2c,.team0.form0.audio.events.active_buff:sustain.pool[0];.team1.form0.audio.events.active_buff:sustain.pool[0],
missfortune,赏金猎人,音效,assets/audio/units/missfortune/play_sfx_missfortune_missfortuneviciousstrikes_onbuffactivate_r2.wav,未发现自动增益残留（波形确认）,,-0.027,0.0,-0.03,0.99999447,/Users/czh/Projects/Clash Legends/ClashLegends-开发素材库/04-中间产物/素材加工/card_audio_batch/missfortune/txtp/Play_sfx_MissFortune_MissFortuneViciousStrikes_OnBuffActivate {r2}.txtp;/Users/czh/Tools/lol-asset-tools/verification/missfortune/txtp/Play_sfx_MissFortune_MissFortuneViciousStrikes_OnBuffActivate {r2}.txtp,627041db0e33c8cca102b29b882823130e793abeefe0bfbfeac3880cb3742268,.team0.form0.audio.events.active_buff:sustain.pool[1];.team1.form0.audio.events.active_buff:sustain.pool[1],
missfortune,赏金猎人,音效,assets/audio/units/missfortune/play_sfx_missfortune_missfortuneviciousstrikes_onbuffdeactivate_r1.wav,未发现自动增益残留（波形确认）,,-0.002,0.0,-0.0,0.99999999,/Users/czh/Projects/Clash Legends/ClashLegends-开发素材库/04-中间产物/素材加工/card_audio_batch/missfortune/txtp/Play_sfx_MissFortune_MissFortuneViciousStrikes_OnBuffDeactivate {r1}.txtp;/Users/czh/Tools/lol-asset-tools/verification/missfortune/txtp/Play_sfx_MissFortune_MissFortuneViciousStrikes_OnBuffDeactivate {r1}.txtp,c69323639422a17b1dc2ee27ce8541c997006507f5a13e402e43df7af02aac5d,.team0.form0.audio.events.active_buff:end.pool[0];.team1.form0.audio.events.active_buff:end.pool[0],
missfortune,赏金猎人,音效,assets/audio/units/missfortune/play_sfx_missfortune_missfortuneviciousstrikes_onbuffdeactivate_r2.wav,auto已抵消或播放后不高于原事件,14.0,-14.003,0.0,-0.0,0.99999999,/Users/czh/Projects/Clash Legends/ClashLegends-开发素材库/04-中间产物/素材加工/card_audio_batch/missfortune/txtp/Play_sfx_MissFortune_MissFortuneViciousStrikes_OnBuffDeactivate {r2}.txtp;/Users/czh/Tools/lol-asset-tools/verification/missfortune/txtp/Play_sfx_MissFortune_MissFortuneViciousStrikes_OnBuffDeactivate {r2}.txtp,32efe3086405b6f2d5e9be00fb8d4e53c21ef37f0d25872523e5c52067d3db48,.team0.form0.audio.events.active_buff:end.pool[1];.team1.form0.audio.events.active_buff:end.pool[1],
missfortune,赏金猎人,音效,assets/audio/units/missfortune/play_sfx_missfortune_missfortuneviciousstrikes_oncast_r1.wav,未发现自动增益残留（波形确认）,,-0.002,0.0,-0.0,0.99999999,/Users/czh/Projects/Clash Legends/ClashLegends-开发素材库/04-中间产物/素材加工/card_audio_batch/missfortune/txtp/Play_sfx_MissFortune_MissFortuneViciousStrikes_OnCast {r1}.txtp;/Users/czh/Tools/lol-asset-tools/verification/missfortune/txtp/Play_sfx_MissFortune_MissFortuneViciousStrikes_OnCast {r1}.txtp,aba6f783ba3ebacd9da7d28736e21da311616b5d1a8300b47a1eb8bc273beda9,.team0.form0.audio.events.active_buff:start.pool[0];.team1.form0.audio.events.active_buff:start.pool[0],
missfortune,赏金猎人,音效,assets/audio/units/missfortune/play_sfx_missfortune_missfortuneviciousstrikes_oncast_r2.wav,auto已抵消或播放后不高于原事件,12.0,-12.002,0.0,-0.0,0.99999999,/Users/czh/Projects/Clash Legends/ClashLegends-开发素材库/04-中间产物/素材加工/card_audio_batch/missfortune/txtp/Play_sfx_MissFortune_MissFortuneViciousStrikes_OnCast {r2}.txtp;/Users/czh/Tools/lol-asset-tools/verification/missfortune/txtp/Play_sfx_MissFortune_MissFortuneViciousStrikes_OnCast {r2}.txtp,4a895927a353d1248d05bca4af01ba3d649c11b086f81b8c0a0f01c2d240242a,.team0.form0.audio.events.active_buff:start.pool[1];.team1.form0.audio.events.active_buff:start.pool[1],
missfortune,赏金猎人,语音,assets/audio/units/missfortune/play_vo_missfortune_death3d_r1_zh_cn.wav,未发现自动增益残留（波形确认）,,-0.001,0.0,-0.0,1.0,/Users/czh/Tools/lol-asset-tools/verification/missfortune_vo_zh/txtp/Play_vo_MissFortune_Death3D {r1}.txtp,67b10d9f959b7ad4ac2cf83ab8d418d6284ba6d6cd6877c52f4f47e8d2925577,.team0.form0.audio.events.death.pool[0];.team1.form0.audio.events.death.pool[0],
missfortune,赏金猎人,语音,assets/audio/units/missfortune/play_vo_missfortune_death3d_r2_zh_cn.wav,未发现自动增益残留（波形确认）,,-0.001,0.0,-0.0,1.0,/Users/czh/Tools/lol-asset-tools/verification/missfortune_vo_zh/txtp/Play_vo_MissFortune_Death3D {r2}.txtp,51de4a026228b91a3bf4e87eb1bb62e96899335bde354f7f99fe8c20934d5102,.team0.form0.audio.events.death.pool[1];.team1.form0.audio.events.death.pool[1],
missfortune,赏金猎人,语音,assets/audio/units/missfortune/play_vo_missfortune_death3d_r3_zh_cn.wav,未发现自动增益残留（波形确认）,,-0.001,0.0,-0.0,1.0,/Users/czh/Tools/lol-asset-tools/verification/missfortune_vo_zh/txtp/Play_vo_MissFortune_Death3D {r3}.txtp,85bf4c5d4e2f985477d83356da68899b4db5fbbef53587e2c8a0e14600ee3816,.team0.form0.audio.events.death.pool[2];.team1.form0.audio.events.death.pool[2],
missfortune,赏金猎人,语音,assets/audio/units/missfortune/play_vo_missfortune_death3d_r4_zh_cn.wav,未发现自动增益残留（波形确认）,,-0.001,0.0,-0.0,1.0,/Users/czh/Tools/lol-asset-tools/verification/missfortune_vo_zh/txtp/Play_vo_MissFortune_Death3D {r4}.txtp,fcbe6a36df492c47d40bf5bc52268ef885e53252ede82c7c753b3ba112307997,.team0.form0.audio.events.death.pool[3];.team1.form0.audio.events.death.pool[3],
missfortune,赏金猎人,语音,assets/audio/units/missfortune/play_vo_missfortune_move2dstandard_r1_zh_cn.wav,自动增益残留（波形确认）,11.0,-0.001,0.0,11.0,1.0,/Users/czh/Projects/Clash Legends/ClashLegends-开发素材库/02-候选讨论/音频/来源批次/deployment_audio_review/voice_candidates_all_20260914/missfortune/txtp/Play_vo_MissFortune_Move2DStandard {r1}.txtp,f6bd64d97b87ba7114910a28cf85f470db3d71544ac1f57201011e9bf52cabc2,.team0.form0.audio.events.deploy:voice.pool[0];.team1.form0.audio.events.deploy:voice.pool[0],
ornn,奥恩,音效,assets/audio/units/ornn/charge_knockup_1.wav,自动增益残留（波形确认）,17.0,-3.0,-6,8.0,1.0,/Users/czh/Projects/Clash Legends/ClashLegends-开发素材库/04-中间产物/奥恩/2026-09-27/audio_prepared/ornn/txtp/Play_sfx_Ornn_OrnnEKnockUp_OnBuffActivate.txtp,69e91ff52b9a88833307eee34ca0a34c49bf1bd0f9f9415494b3e296d1a8c243,.team0.form0.audio.events.charge:knockup.pool[0];.team1.form0.audio.events.charge:knockup.pool[0],
ornn,奥恩,音效,assets/audio/units/ornn/charge_step_1.wav,自动增益残留（波形确认）,14.0,-3.0,-7,4.0,1.0,/Users/czh/Projects/Clash Legends/ClashLegends-开发素材库/04-中间产物/奥恩/2026-09-27/audio_prepared/ornn/txtp/Play_sfx_Ornn_OrnnE_fs {r1}.txtp,024ec7fa0a782caf2c42e2d13bddac7c7a188e79d864f68dd4a2e02293fc2d44,.team0.form0.audio.events.charge:step.pool[0];.team1.form0.audio.events.charge:step.pool[0],
ornn,奥恩,音效,assets/audio/units/ornn/charge_step_2.wav,自动增益残留（波形确认）,14.0,-3.0,-7,4.0,1.0,/Users/czh/Projects/Clash Legends/ClashLegends-开发素材库/04-中间产物/奥恩/2026-09-27/audio_prepared/ornn/txtp/Play_sfx_Ornn_OrnnE_fs {r2}.txtp,846b6faf1ec381284da976429d9ddb96afe09e2b0305e4e5bec906ebf3b57f76,.team0.form0.audio.events.charge:step.pool[1];.team1.form0.audio.events.charge:step.pool[1],
ornn,奥恩,音效,assets/audio/units/ornn/charge_step_3.wav,自动增益残留（波形确认）,14.0,-3.0,-7,4.0,1.0,/Users/czh/Projects/Clash Legends/ClashLegends-开发素材库/04-中间产物/奥恩/2026-09-27/audio_prepared/ornn/txtp/Play_sfx_Ornn_OrnnE_fs {r3}.txtp,d93f75017990f4ecce1aadc5f24878c593e86769efa3a7c475d8499476154df5,.team0.form0.audio.events.charge:step.pool[2];.team1.form0.audio.events.charge:step.pool[2],
ornn,奥恩,音效,assets/audio/units/ornn/charge_step_4.wav,自动增益残留（波形确认）,14.0,-3.0,-7,4.0,1.0,/Users/czh/Projects/Clash Legends/ClashLegends-开发素材库/04-中间产物/奥恩/2026-09-27/audio_prepared/ornn/txtp/Play_sfx_Ornn_OrnnE_fs {r4}.txtp,70602fce8948aaf369c0c0f08444cb4c76214ab51fb8687c966847627717659c,.team0.form0.audio.events.charge:step.pool[3];.team1.form0.audio.events.charge:step.pool[3],
ornn,奥恩,音效,assets/audio/units/ornn/charge_step_5.wav,自动增益残留（波形确认）,14.0,-3.0,-7,4.0,1.0,/Users/czh/Projects/Clash Legends/ClashLegends-开发素材库/04-中间产物/奥恩/2026-09-27/audio_prepared/ornn/txtp/Play_sfx_Ornn_OrnnE_fs {r5}.txtp,652b23c5d020caa6151394420771f2b2ce563cf8dd4a960c5b66d40d6b05ffb3,.team0.form0.audio.events.charge:step.pool[4];.team1.form0.audio.events.charge:step.pool[4],
ornn,奥恩,音效,assets/audio/units/ornn/charge_trail_hit_1.wav,自动增益残留（波形确认）,17.0,-3.0,-6,8.0,1.0,/Users/czh/Projects/Clash Legends/ClashLegends-开发素材库/04-中间产物/奥恩/2026-09-27/audio_prepared/ornn/txtp/Play_sfx_Ornn_OrnnEKnockAway_buffactivate {r1}.txtp,f6214842979c93a945788fba3952e39a4de9bc30d23388c450cea2f7c1f29341,.team0.form0.audio.events.charge:trail_hit.pool[0];.team1.form0.audio.events.charge:trail_hit.pool[0],
ornn,奥恩,音效,assets/audio/units/ornn/charge_trail_hit_2.wav,自动增益残留（波形确认）,17.0,-3.0,-6,8.0,1.0,/Users/czh/Projects/Clash Legends/ClashLegends-开发素材库/04-中间产物/奥恩/2026-09-27/audio_prepared/ornn/txtp/Play_sfx_Ornn_OrnnEKnockAway_buffactivate {r2}.txtp,a93e8561d3300548549133305a7f738f6bea1bec135985a0a7e5169a07838bd4,.team0.form0.audio.events.charge:trail_hit.pool[1];.team1.form0.audio.events.charge:trail_hit.pool[1],
ornn,奥恩,音效,assets/audio/units/ornn/charge_trail_hit_3.wav,自动增益残留（波形确认）,17.0,-3.0,-6,8.0,1.0,/Users/czh/Projects/Clash Legends/ClashLegends-开发素材库/04-中间产物/奥恩/2026-09-27/audio_prepared/ornn/txtp/Play_sfx_Ornn_OrnnEKnockAway_buffactivate {r3}.txtp,577b3d0e8b64644931c64e5668cea74fca9d53a68706cf42daf611e9f6d4bcb7,.team0.form0.audio.events.charge:trail_hit.pool[2];.team1.form0.audio.events.charge:trail_hit.pool[2],
ornn,奥恩,音效,assets/audio/units/ornn/charge_trail_hit_4.wav,自动增益残留（波形确认）,17.0,-3.0,-6,8.0,1.0,/Users/czh/Projects/Clash Legends/ClashLegends-开发素材库/04-中间产物/奥恩/2026-09-27/audio_prepared/ornn/txtp/Play_sfx_Ornn_OrnnEKnockAway_buffactivate {r4}.txtp,eb4a3035a84b66d5ebb5378625943fc8fdf8b1fabc3e1a771ea39d1ca00e11ae,.team0.form0.audio.events.charge:trail_hit.pool[3];.team1.form0.audio.events.charge:trail_hit.pool[3],
ornn,奥恩,音效,assets/audio/units/ornn/charge_trail_hit_5.wav,自动增益残留（波形确认）,17.0,-3.0,-6,8.0,1.0,/Users/czh/Projects/Clash Legends/ClashLegends-开发素材库/04-中间产物/奥恩/2026-09-27/audio_prepared/ornn/txtp/Play_sfx_Ornn_OrnnEKnockAway_buffactivate {r5}.txtp,f4a520b3d2f2ff711003429e684797c32774d9dc855f2e10a3fe234064f4d311,.team0.form0.audio.events.charge:trail_hit.pool[4];.team1.form0.audio.events.charge:trail_hit.pool[4],
ornn,奥恩,语音,assets/audio/units/ornn/deploy_ban_zh_cn.wav,LCU直取/用户提供源，不经事件auto,,,-2.0,,,,6cb6c8a05d9037f5da71f945595846d45d3231d955fd88ecc6b087cb95c48d1b,.team0.form0.audio.events.deploy:voice.pool[2];.team1.form0.audio.events.deploy:voice.pool[2],
ornn,奥恩,语音,assets/audio/units/ornn/deploy_choose_zh_cn.wav,LCU直取/用户提供源，不经事件auto,,,-2.0,,,,ed50ad00e7bef266d5781e09630c6b3f83fd648dfc75d3cf35d5efc1859c49d3,.team0.form0.audio.events.deploy:voice.pool[0];.team1.form0.audio.events.deploy:voice.pool[0],
ornn,奥恩,语音,assets/audio/units/ornn/deploy_quality_zh_cn.wav,自动增益残留（波形确认）,13.0,-0.0,-2.0,11.0,1.0,/Users/czh/Projects/Clash Legends/ClashLegends-开发素材库/05-已完成/奥恩/源件/奥恩/audio-third/purchase-voice/txtp/Play_vo_Ornn_OrnnP_allypurchasesitem {r7}.txtp,4d31ac4ca824ed8e4443fef7734cdaf19f1fc31f32760810995e2d6179e28945,.team0.form0.audio.events.deploy:voice.pool[1];.team1.form0.audio.events.deploy:voice.pool[1],
ornn,奥恩,音效,assets/audio/units/ornn/forge_arrive_1.wav,自动增益残留（波形确认）,19.0,-3.0,-3,13.0,1.0,/Users/czh/Projects/Clash Legends/ClashLegends-开发素材库/03-制作中/奥恩/audio-fourth/shop-buy/txtp/Play_sfx_hud_store_buy.txtp,47d7e0deefba9611c6a59ad4386e10b122a6ba01a5629dba6fa2e95ce0f3037e,.team0.form0.audio.events.forge:arrive.pool[0];.team1.form0.audio.events.forge:arrive.pool[0],
ornn,奥恩,音效,assets/audio/units/ornn/forge_final_strike.wav,加工/合成源仍有auto（净值不以直比估算）,,,-7.0,,,/Users/czh/Projects/Clash Legends/ClashLegends-开发素材库/04-中间产物/奥恩/2026-09-27/audio_prepared/ornn/txtp/Play_sfx_Ornn_OrnnP_forging.txtp,e22d4ab772df1b7b7d684dad3cacd57b24c43654fcae58526ee1c2661c738472,.team0.form0.audio.events.forge:strike.pool[0];.team1.form0.audio.events.forge:strike.pool[0],从forge_equipment.wav裁取3.5秒之后；继承上游auto及−3dB制作增益，不把剪辑后波形错配当降音量
ornn,奥恩,音效,assets/audio/units/ornn/play_sfx_ornn_ornnbasicattack2_oncast_r1.wav,自动增益残留（波形确认）,16.0,-3.0,-3.0,10.0,1.0,/Users/czh/Projects/Clash Legends/ClashLegends-开发素材库/04-中间产物/奥恩/2026-09-27/audio_prepared/ornn/txtp/Play_sfx_Ornn_OrnnBasicAttack2_OnCast {r1}.txtp,06892806c02eee0db5e343cf56b2e97d2e03f9f979f816983e99b8c8b562d1f6,.team0.form0.audio.attack_swing[1][0];.team1.form0.audio.attack_swing[1][0],
ornn,奥恩,音效,assets/audio/units/ornn/play_sfx_ornn_ornnbasicattack2_oncast_r2.wav,自动增益残留（波形确认）,16.0,-3.0,-3.0,10.0,1.0,/Users/czh/Projects/Clash Legends/ClashLegends-开发素材库/04-中间产物/奥恩/2026-09-27/audio_prepared/ornn/txtp/Play_sfx_Ornn_OrnnBasicAttack2_OnCast {r2}.txtp,c43ab083f8fe32685e9a5af42fab68d5793592c948327c25f11ebd9dd17e351c,.team0.form0.audio.attack_swing[1][1];.team1.form0.audio.attack_swing[1][1],
ornn,奥恩,音效,assets/audio/units/ornn/play_sfx_ornn_ornnbasicattack2_oncast_r3.wav,自动增益残留（波形确认）,16.0,-3.0,-3.0,10.0,1.0,/Users/czh/Projects/Clash Legends/ClashLegends-开发素材库/04-中间产物/奥恩/2026-09-27/audio_prepared/ornn/txtp/Play_sfx_Ornn_OrnnBasicAttack2_OnCast {r3}.txtp,6c27bd3b52e70e54904a8da02a8a070ef5dc4acc17ae8fe976b0b9ccc891e39f,.team0.form0.audio.attack_swing[1][2];.team1.form0.audio.attack_swing[1][2],
ornn,奥恩,音效,assets/audio/units/ornn/play_sfx_ornn_ornnbasicattack2_onhit_1559186049_1153642577_r1.wav,自动增益残留（波形确认）,16.0,-3.0,-4,9.0,1.0,/Users/czh/Projects/Clash Legends/ClashLegends-开发素材库/04-中间产物/奥恩/2026-09-27/audio_prepared/ornn/txtp/Play_sfx_Ornn_OrnnBasicAttack2_OnHit [1559186049=1153642577] {r1}.txtp,dfcaa5efdadcac72b181636fa309e01a27488847647a8fb5ab5de9ad1ba47bcc,.team0.form0.audio.attack_hit_by_segment[1][0];.team1.form0.audio.attack_hit_by_segment[1][0],
ornn,奥恩,音效,assets/audio/units/ornn/play_sfx_ornn_ornnbasicattack2_onhit_1559186049_1153642577_r2.wav,自动增益残留（波形确认）,16.0,-3.0,-4,9.0,1.0,/Users/czh/Projects/Clash Legends/ClashLegends-开发素材库/04-中间产物/奥恩/2026-09-27/audio_prepared/ornn/txtp/Play_sfx_Ornn_OrnnBasicAttack2_OnHit [1559186049=1153642577] {r2}.txtp,4ffad53346cd0519fe52ae6a70c0bbab935a067dc9a916c6a4e7ba0fa2c6aa67,.team0.form0.audio.attack_hit_by_segment[1][1];.team1.form0.audio.attack_hit_by_segment[1][1],
ornn,奥恩,音效,assets/audio/units/ornn/play_sfx_ornn_ornnbasicattack2_onhit_1559186049_1153642577_r3.wav,自动增益残留（波形确认）,16.0,-3.0,-4,9.0,1.0,/Users/czh/Projects/Clash Legends/ClashLegends-开发素材库/04-中间产物/奥恩/2026-09-27/audio_prepared/ornn/txtp/Play_sfx_Ornn_OrnnBasicAttack2_OnHit [1559186049=1153642577] {r3}.txtp,0b930259f5d4b45bb195e7c4d33d5a59b18b59cf4d75efa9bae04bb1e2978e81,.team0.form0.audio.attack_hit_by_segment[1][2];.team1.form0.audio.attack_hit_by_segment[1][2],
ornn,奥恩,音效,assets/audio/units/ornn/play_sfx_ornn_ornnbasicattack3_oncast_r1_d.wav,自动增益残留（波形确认）,16.0,-3.0,-3.0,10.0,1.0,/Users/czh/Projects/Clash Legends/ClashLegends-开发素材库/04-中间产物/奥恩/2026-09-27/audio_prepared/ornn/txtp/Play_sfx_Ornn_OrnnBasicAttack3_OnCast {r1} {d}.txtp,06892806c02eee0db5e343cf56b2e97d2e03f9f979f816983e99b8c8b562d1f6,.team0.form0.audio.attack_swing[2][0];.team1.form0.audio.attack_swing[2][0],
ornn,奥恩,音效,assets/audio/units/ornn/play_sfx_ornn_ornnbasicattack3_oncast_r2_d.wav,自动增益残留（波形确认）,16.0,-3.0,-3.0,10.0,1.0,/Users/czh/Projects/Clash Legends/ClashLegends-开发素材库/04-中间产物/奥恩/2026-09-27/audio_prepared/ornn/txtp/Play_sfx_Ornn_OrnnBasicAttack3_OnCast {r2} {d}.txtp,c43ab083f8fe32685e9a5af42fab68d5793592c948327c25f11ebd9dd17e351c,.team0.form0.audio.attack_swing[2][1];.team1.form0.audio.attack_swing[2][1],
ornn,奥恩,音效,assets/audio/units/ornn/play_sfx_ornn_ornnbasicattack3_oncast_r3_d.wav,自动增益残留（波形确认）,16.0,-3.0,-3.0,10.0,1.0,/Users/czh/Projects/Clash Legends/ClashLegends-开发素材库/04-中间产物/奥恩/2026-09-27/audio_prepared/ornn/txtp/Play_sfx_Ornn_OrnnBasicAttack3_OnCast {r3} {d}.txtp,6c27bd3b52e70e54904a8da02a8a070ef5dc4acc17ae8fe976b0b9ccc891e39f,.team0.form0.audio.attack_swing[2][2];.team1.form0.audio.attack_swing[2][2],
ornn,奥恩,音效,assets/audio/units/ornn/play_sfx_ornn_ornnbasicattack3_onhit_1559186049_1153642577_r1_d.wav,自动增益残留（波形确认）,16.0,-3.0,-4,9.0,1.0,/Users/czh/Projects/Clash Legends/ClashLegends-开发素材库/04-中间产物/奥恩/2026-09-27/audio_prepared/ornn/txtp/Play_sfx_Ornn_OrnnBasicAttack3_OnHit [1559186049=1153642577] {r1} {d}.txtp,dfcaa5efdadcac72b181636fa309e01a27488847647a8fb5ab5de9ad1ba47bcc,.team0.form0.audio.attack_hit_by_segment[2][0];.team1.form0.audio.attack_hit_by_segment[2][0],
ornn,奥恩,音效,assets/audio/units/ornn/play_sfx_ornn_ornnbasicattack3_onhit_1559186049_1153642577_r2_d.wav,自动增益残留（波形确认）,16.0,-3.0,-4,9.0,1.0,/Users/czh/Projects/Clash Legends/ClashLegends-开发素材库/04-中间产物/奥恩/2026-09-27/audio_prepared/ornn/txtp/Play_sfx_Ornn_OrnnBasicAttack3_OnHit [1559186049=1153642577] {r2} {d}.txtp,4ffad53346cd0519fe52ae6a70c0bbab935a067dc9a916c6a4e7ba0fa2c6aa67,.team0.form0.audio.attack_hit_by_segment[2][1];.team1.form0.audio.attack_hit_by_segment[2][1],
ornn,奥恩,音效,assets/audio/units/ornn/play_sfx_ornn_ornnbasicattack3_onhit_1559186049_1153642577_r3_d.wav,自动增益残留（波形确认）,16.0,-3.0,-4,9.0,1.0,/Users/czh/Projects/Clash Legends/ClashLegends-开发素材库/04-中间产物/奥恩/2026-09-27/audio_prepared/ornn/txtp/Play_sfx_Ornn_OrnnBasicAttack3_OnHit [1559186049=1153642577] {r3} {d}.txtp,0b930259f5d4b45bb195e7c4d33d5a59b18b59cf4d75efa9bae04bb1e2978e81,.team0.form0.audio.attack_hit_by_segment[2][2];.team1.form0.audio.attack_hit_by_segment[2][2],
ornn,奥恩,音效,assets/audio/units/ornn/play_sfx_ornn_ornnbasicattack_oncast_r1_d.wav,自动增益残留（波形确认）,16.0,-3.0,-3.0,10.0,1.0,/Users/czh/Projects/Clash Legends/ClashLegends-开发素材库/04-中间产物/奥恩/2026-09-27/audio_prepared/ornn/txtp/Play_sfx_Ornn_OrnnBasicAttack_OnCast {r1} {d}.txtp,06892806c02eee0db5e343cf56b2e97d2e03f9f979f816983e99b8c8b562d1f6,.team0.form0.audio.attack_swing[0][0];.team1.form0.audio.attack_swing[0][0],
ornn,奥恩,音效,assets/audio/units/ornn/play_sfx_ornn_ornnbasicattack_oncast_r2_d.wav,自动增益残留（波形确认）,16.0,-3.0,-3.0,10.0,1.0,/Users/czh/Projects/Clash Legends/ClashLegends-开发素材库/04-中间产物/奥恩/2026-09-27/audio_prepared/ornn/txtp/Play_sfx_Ornn_OrnnBasicAttack_OnCast {r2} {d}.txtp,c43ab083f8fe32685e9a5af42fab68d5793592c948327c25f11ebd9dd17e351c,.team0.form0.audio.attack_swing[0][1];.team1.form0.audio.attack_swing[0][1],
ornn,奥恩,音效,assets/audio/units/ornn/play_sfx_ornn_ornnbasicattack_oncast_r3_d.wav,自动增益残留（波形确认）,16.0,-3.0,-3.0,10.0,1.0,/Users/czh/Projects/Clash Legends/ClashLegends-开发素材库/04-中间产物/奥恩/2026-09-27/audio_prepared/ornn/txtp/Play_sfx_Ornn_OrnnBasicAttack_OnCast {r3} {d}.txtp,6c27bd3b52e70e54904a8da02a8a070ef5dc4acc17ae8fe976b0b9ccc891e39f,.team0.form0.audio.attack_swing[0][2];.team1.form0.audio.attack_swing[0][2],
ornn,奥恩,音效,assets/audio/units/ornn/play_sfx_ornn_ornnbasicattack_onhit_1559186049_1153642577_r1_d.wav,自动增益残留（波形确认）,16.0,-3.0,-4,9.0,1.0,/Users/czh/Projects/Clash Legends/ClashLegends-开发素材库/04-中间产物/奥恩/2026-09-27/audio_prepared/ornn/txtp/Play_sfx_Ornn_OrnnBasicAttack_OnHit [1559186049=1153642577] {r1} {d}.txtp,dfcaa5efdadcac72b181636fa309e01a27488847647a8fb5ab5de9ad1ba47bcc,.team0.form0.audio.attack_hit_by_segment[0][0];.team1.form0.audio.attack_hit_by_segment[0][0],
ornn,奥恩,音效,assets/audio/units/ornn/play_sfx_ornn_ornnbasicattack_onhit_1559186049_1153642577_r2_d.wav,自动增益残留（波形确认）,16.0,-3.0,-4,9.0,1.0,/Users/czh/Projects/Clash Legends/ClashLegends-开发素材库/04-中间产物/奥恩/2026-09-27/audio_prepared/ornn/txtp/Play_sfx_Ornn_OrnnBasicAttack_OnHit [1559186049=1153642577] {r2} {d}.txtp,4ffad53346cd0519fe52ae6a70c0bbab935a067dc9a916c6a4e7ba0fa2c6aa67,.team0.form0.audio.attack_hit_by_segment[0][1];.team1.form0.audio.attack_hit_by_segment[0][1],
ornn,奥恩,音效,assets/audio/units/ornn/play_sfx_ornn_ornnbasicattack_onhit_1559186049_1153642577_r3_d.wav,自动增益残留（波形确认）,16.0,-3.0,-4,9.0,1.0,/Users/czh/Projects/Clash Legends/ClashLegends-开发素材库/04-中间产物/奥恩/2026-09-27/audio_prepared/ornn/txtp/Play_sfx_Ornn_OrnnBasicAttack_OnHit [1559186049=1153642577] {r3} {d}.txtp,0b930259f5d4b45bb195e7c4d33d5a59b18b59cf4d75efa9bae04bb1e2978e81,.team0.form0.audio.attack_hit_by_segment[0][2];.team1.form0.audio.attack_hit_by_segment[0][2],
ornn,奥恩,音效,assets/audio/units/ornn/play_sfx_ornn_ornne_buffonmoveend_explosion_r.wav,自动增益残留（波形确认）,13.0,-3.0,-3.0,7.0,1.0,/Users/czh/Projects/Clash Legends/ClashLegends-开发素材库/04-中间产物/奥恩/2026-09-27/audio_prepared/ornn/txtp/Play_sfx_Ornn_OrnnE_BuffOnMoveEnd_explosion {r}.txtp,f4c311eff71c6048e3f730bcb875b58d9a8ee050ff5e2d717a5e0d1a8b920e6f,.team0.form0.audio.events.charge:impact.pool[0];.team1.form0.audio.events.charge:impact.pool[0],
ornn,奥恩,音效,assets/audio/units/ornn/play_sfx_ornn_ornne_oncast.wav,自动增益残留（波形确认）,14.0,-3.0,0.0,11.0,1.0,/Users/czh/Projects/Clash Legends/ClashLegends-开发素材库/04-中间产物/奥恩/2026-09-27/audio_prepared/ornn/txtp/Play_sfx_Ornn_OrnnE_OnCast.txtp,ca08ac205c4e1eb809083553f7e90b2de6eeb7b4a1ef195631c5e7815eb04035,.team0.form0.audio.events.charge:start.pool[0];.team1.form0.audio.events.charge:start.pool[0],
ornn,奥恩,语音,assets/audio/units/ornn/play_vo_ornn_death3d_r1_zh_cn.wav,自动增益残留（波形确认）,13.0,-0.001,0.0,13.0,1.0,/Users/czh/Projects/Clash Legends/ClashLegends-开发素材库/04-中间产物/奥恩/2026-09-27/audio_prepared/ornn_vo/txtp/Play_vo_Ornn_Death3D {r1}.txtp,d61dbe38e67645347b67f14129af2b33f8ba4001969548173923b1efa1acc5a4,.team0.form0.audio.events.death.pool[0];.team1.form0.audio.events.death.pool[0],
ornn,奥恩,语音,assets/audio/units/ornn/play_vo_ornn_death3d_r2_zh_cn.wav,自动增益残留（波形确认）,13.0,-0.001,0.0,13.0,1.0,/Users/czh/Projects/Clash Legends/ClashLegends-开发素材库/04-中间产物/奥恩/2026-09-27/audio_prepared/ornn_vo/txtp/Play_vo_Ornn_Death3D {r2}.txtp,c37a342e7212b628bf1ff7498790df6978725719ea99de8fb4807ae9cb9a5ea6,.team0.form0.audio.events.death.pool[1];.team1.form0.audio.events.death.pool[1],
ornn,奥恩,语音,assets/audio/units/ornn/play_vo_ornn_death3d_r3_zh_cn.wav,自动增益残留（波形确认）,13.0,-0.001,0.0,13.0,1.0,/Users/czh/Projects/Clash Legends/ClashLegends-开发素材库/04-中间产物/奥恩/2026-09-27/audio_prepared/ornn_vo/txtp/Play_vo_Ornn_Death3D {r3}.txtp,d449cd4577007a5dec972140e96a84346c0d3202d42dff142706a5456640bd7e,.team0.form0.audio.events.death.pool[2];.team1.form0.audio.events.death.pool[2],
pantheon,潘森,音效,assets/audio/units/pantheon/pantheon_r_arrival_original.wav,加工/合成源仍有auto（净值不以直比估算）,,,0.0,,,/Users/czh/Projects/Clash Legends/ClashLegends-开发素材库/03-制作中/潘森/audio/pantheon/txtp/Play_sfx_Pantheon_PantheonRMissile3_OnMissileLaunch.txtp;/Users/czh/Projects/Clash Legends/ClashLegends-开发素材库/03-制作中/潘森/audio/pantheon/txtp/Play_sfx_Pantheon_PantheonRMissile_OnMissileLaunch.txtp;/Users/czh/Projects/Clash Legends/ClashLegends-开发素材库/03-制作中/潘森/audio/pantheon/txtp/Play_sfx_Pantheon_PantheonR_buffactivate_vfx.txtp;/Users/czh/Projects/Clash Legends/ClashLegends-开发素材库/03-制作中/潘森/audio/pantheon/txtp/Play_sfx_Pantheon_PantheonR_impact_vfx.txtp;/Users/czh/Projects/Clash Legends/ClashLegends-开发素材库/03-制作中/潘森/audio/pantheon/txtp/Play_sfx_Pantheon_PantheonR_land_vfx.txtp;/Users/czh/Projects/Clash Legends/ClashLegends-开发素材库/03-制作中/潘森/audio/pantheon/txtp/Play_sfx_Pantheon_PantheonR_shockwave_vfx.txtp,58e11435c486ca321d8e763a099929ea2e097e39df9b0a895aa65ffa103d5681,.team0.form0.audio.events.pre_deploy:start.pool[0];.team1.form0.audio.events.pre_deploy:start.pool[0],六层混合，组增益−4.79736dB；各层auto不同，不给单一净增益
pantheon,潘森,音效,assets/audio/units/pantheon/play_sfx_pantheon_death3d.wav,自动增益残留（波形确认）,17.0,-2.32,0.0,14.68,1.0,/Users/czh/Projects/Clash Legends/ClashLegends-开发素材库/03-制作中/潘森/audio/pantheon/txtp/Play_sfx_Pantheon_Death3D.txtp,85ec33e0e86e5914908f6588774cd871cd074e80304f02e704fd5ed725a11a91,.team0.form0.audio.events.death.pool[0];.team1.form0.audio.events.death.pool[0],
pantheon,潘森,音效,assets/audio/units/pantheon/play_sfx_pantheon_pantheonbasicattack2_oncast_r1.wav,自动增益残留（波形确认）,19.0,-2.32,-3.0,13.68,1.0,/Users/czh/Projects/Clash Legends/ClashLegends-开发素材库/03-制作中/潘森/audio/pantheon/txtp/Play_sfx_Pantheon_PantheonBasicAttack2_OnCast {r1}.txtp,528f993bc736a607d8c9fd469fb7913036cb12fe527183d55edfca39a2a59f72,.team0.form0.audio.attack_swing[1][0];.team0.form0.audio.attack_swing[3][0];.team1.form0.audio.attack_swing[1][0];.team1.form0.audio.attack_swing[3][0],
pantheon,潘森,音效,assets/audio/units/pantheon/play_sfx_pantheon_pantheonbasicattack2_oncast_r2.wav,自动增益残留（波形确认）,19.0,-2.32,-3.0,13.68,1.0,/Users/czh/Projects/Clash Legends/ClashLegends-开发素材库/03-制作中/潘森/audio/pantheon/txtp/Play_sfx_Pantheon_PantheonBasicAttack2_OnCast {r2}.txtp,331c3c4695f2bc8883ea83c4c2a6884040fb6bbf295df9134d882be296419129,.team0.form0.audio.attack_swing[1][1];.team0.form0.audio.attack_swing[3][1];.team1.form0.audio.attack_swing[1][1];.team1.form0.audio.attack_swing[3][1],
pantheon,潘森,音效,assets/audio/units/pantheon/play_sfx_pantheon_pantheonbasicattack2_oncast_r3.wav,自动增益残留（波形确认）,19.0,-2.32,-3.0,13.68,1.0,/Users/czh/Projects/Clash Legends/ClashLegends-开发素材库/03-制作中/潘森/audio/pantheon/txtp/Play_sfx_Pantheon_PantheonBasicAttack2_OnCast {r3}.txtp,b3a08a1a75b668404ab758f719a4faf6603c462bdc6e86f403f3284e13a6d670,.team0.form0.audio.attack_swing[1][2];.team0.form0.audio.attack_swing[3][2];.team1.form0.audio.attack_swing[1][2];.team1.form0.audio.attack_swing[3][2],
pantheon,潘森,音效,assets/audio/units/pantheon/play_sfx_pantheon_pantheonbasicattack2_onhit_1559186049_1153642577_r1.wav,自动增益残留（波形确认）,16.0,-2.32,-5.0,8.68,1.0,/Users/czh/Projects/Clash Legends/ClashLegends-开发素材库/03-制作中/潘森/audio/pantheon/txtp/Play_sfx_Pantheon_PantheonBasicAttack2_OnHit [1559186049=1153642577] {r1}.txtp,7b9f15954d2ee5180f4653bbde7b6d97fbec58dc0fd262528521eb47306252fc,.team0.form0.audio.attack_hit_by_segment[1][0];.team0.form0.audio.attack_hit_by_segment[3][0];.team1.form0.audio.attack_hit_by_segment[1][0];.team1.form0.audio.attack_hit_by_segment[3][0],
pantheon,潘森,音效,assets/audio/units/pantheon/play_sfx_pantheon_pantheonbasicattack2_onhit_1559186049_1153642577_r2.wav,自动增益残留（波形确认）,16.0,-2.32,-5.0,8.68,1.0,/Users/czh/Projects/Clash Legends/ClashLegends-开发素材库/03-制作中/潘森/audio/pantheon/txtp/Play_sfx_Pantheon_PantheonBasicAttack2_OnHit [1559186049=1153642577] {r2}.txtp,ccec0019a4172740978003a4332515ec3bf7a1e226d78e657a820e32284fdd13,.team0.form0.audio.attack_hit_by_segment[1][1];.team0.form0.audio.attack_hit_by_segment[3][1];.team1.form0.audio.attack_hit_by_segment[1][1];.team1.form0.audio.attack_hit_by_segment[3][1],
pantheon,潘森,音效,assets/audio/units/pantheon/play_sfx_pantheon_pantheonbasicattack2_onhit_1559186049_1153642577_r3.wav,自动增益残留（波形确认）,16.0,-2.32,-5.0,8.68,1.0,/Users/czh/Projects/Clash Legends/ClashLegends-开发素材库/03-制作中/潘森/audio/pantheon/txtp/Play_sfx_Pantheon_PantheonBasicAttack2_OnHit [1559186049=1153642577] {r3}.txtp,4e7ca48357ee155560832c4897ea59a853bdde718a36cadcf895746e585251be,.team0.form0.audio.attack_hit_by_segment[1][2];.team0.form0.audio.attack_hit_by_segment[3][2];.team1.form0.audio.attack_hit_by_segment[1][2];.team1.form0.audio.attack_hit_by_segment[3][2],
pantheon,潘森,音效,assets/audio/units/pantheon/play_sfx_pantheon_pantheonbasicattack3_oncast_r1.wav,自动增益残留（波形确认）,20.0,-2.32,-3.0,14.68,1.0,/Users/czh/Projects/Clash Legends/ClashLegends-开发素材库/03-制作中/潘森/audio/pantheon/txtp/Play_sfx_Pantheon_PantheonBasicAttack3_OnCast {r1}.txtp,a41cd18391165ec9d47879a8e5ba7f3bdbe0b9a8d8609f1f3b3191d7ad794f53,.team0.form0.audio.attack_swing[2][0];.team1.form0.audio.attack_swing[2][0],
pantheon,潘森,音效,assets/audio/units/pantheon/play_sfx_pantheon_pantheonbasicattack3_oncast_r2.wav,自动增益残留（波形确认）,20.0,-2.32,-3.0,14.68,1.0,/Users/czh/Projects/Clash Legends/ClashLegends-开发素材库/03-制作中/潘森/audio/pantheon/txtp/Play_sfx_Pantheon_PantheonBasicAttack3_OnCast {r2}.txtp,196629ac7937836a32952493adb7bf8d4c7c6f0a803fc31c9a31a5e0d58c4fcf,.team0.form0.audio.attack_swing[2][1];.team1.form0.audio.attack_swing[2][1],
pantheon,潘森,音效,assets/audio/units/pantheon/play_sfx_pantheon_pantheonbasicattack3_oncast_r3.wav,自动增益残留（波形确认）,20.0,-2.32,-3.0,14.68,1.0,/Users/czh/Projects/Clash Legends/ClashLegends-开发素材库/03-制作中/潘森/audio/pantheon/txtp/Play_sfx_Pantheon_PantheonBasicAttack3_OnCast {r3}.txtp,2c89395f9eb652735855fd9d84c76567e159ad7154483a2d668b74b74b2b3f21,.team0.form0.audio.attack_swing[2][2];.team1.form0.audio.attack_swing[2][2],
pantheon,潘森,音效,assets/audio/units/pantheon/play_sfx_pantheon_pantheonbasicattack3_onhit_1559186049_1153642577_r1.wav,自动增益残留（波形确认）,16.0,-2.32,-5.0,8.68,1.0,/Users/czh/Projects/Clash Legends/ClashLegends-开发素材库/03-制作中/潘森/audio/pantheon/txtp/Play_sfx_Pantheon_PantheonBasicAttack3_OnHit [1559186049=1153642577] {r1}.txtp,b59d23e10859b8a770d43ed81e5f6c055651ab058eff74b482f08504c374fe1a,.team0.form0.audio.attack_hit_by_segment[2][0];.team1.form0.audio.attack_hit_by_segment[2][0],
pantheon,潘森,音效,assets/audio/units/pantheon/play_sfx_pantheon_pantheonbasicattack3_onhit_1559186049_1153642577_r2.wav,自动增益残留（波形确认）,16.0,-2.32,-5.0,8.68,1.0,/Users/czh/Projects/Clash Legends/ClashLegends-开发素材库/03-制作中/潘森/audio/pantheon/txtp/Play_sfx_Pantheon_PantheonBasicAttack3_OnHit [1559186049=1153642577] {r2}.txtp,74cd3bebda65373a7be6a3ca8f55afa9b3aa3a23873ed82ad6433205ac4606ab,.team0.form0.audio.attack_hit_by_segment[2][1];.team1.form0.audio.attack_hit_by_segment[2][1],
pantheon,潘森,音效,assets/audio/units/pantheon/play_sfx_pantheon_pantheonbasicattack3_onhit_1559186049_1153642577_r3.wav,自动增益残留（波形确认）,16.0,-2.32,-5.0,8.68,1.0,/Users/czh/Projects/Clash Legends/ClashLegends-开发素材库/03-制作中/潘森/audio/pantheon/txtp/Play_sfx_Pantheon_PantheonBasicAttack3_OnHit [1559186049=1153642577] {r3}.txtp,82a53d38c25ff63a82d555474330b0aa281a9b284630500daa88c95a1ae7d616,.team0.form0.audio.attack_hit_by_segment[2][2];.team1.form0.audio.attack_hit_by_segment[2][2],
pantheon,潘森,音效,assets/audio/units/pantheon/play_sfx_pantheon_pantheonbasicattack_oncast_r1.wav,自动增益残留（波形确认）,22.0,-2.32,-3.0,16.68,1.0,/Users/czh/Projects/Clash Legends/ClashLegends-开发素材库/03-制作中/潘森/audio/pantheon/txtp/Play_sfx_Pantheon_PantheonBasicAttack_OnCast {r1}.txtp,f5339872e1ab63e2750ad9acaf6026c0c97e8faeddb0121d649c79539d7c4c60,.team0.form0.audio.attack_swing[0][0];.team1.form0.audio.attack_swing[0][0],
pantheon,潘森,音效,assets/audio/units/pantheon/play_sfx_pantheon_pantheonbasicattack_oncast_r2.wav,自动增益残留（波形确认）,22.0,-2.32,-3.0,16.68,1.0,/Users/czh/Projects/Clash Legends/ClashLegends-开发素材库/03-制作中/潘森/audio/pantheon/txtp/Play_sfx_Pantheon_PantheonBasicAttack_OnCast {r2}.txtp,8e968e605fd9fa9965f0cf0a4a70c2039719794db7ed109d286a26761d0451f5,.team0.form0.audio.attack_swing[0][1];.team1.form0.audio.attack_swing[0][1],
pantheon,潘森,音效,assets/audio/units/pantheon/play_sfx_pantheon_pantheonbasicattack_oncast_r3.wav,自动增益残留（波形确认）,22.0,-2.32,-3.0,16.68,1.0,/Users/czh/Projects/Clash Legends/ClashLegends-开发素材库/03-制作中/潘森/audio/pantheon/txtp/Play_sfx_Pantheon_PantheonBasicAttack_OnCast {r3}.txtp,ad71af980badca4ec439916e53ccdde02bd97d2f0ecc47cec8b0930f44f7df52,.team0.form0.audio.attack_swing[0][2];.team1.form0.audio.attack_swing[0][2],
pantheon,潘森,音效,assets/audio/units/pantheon/play_sfx_pantheon_pantheonbasicattack_onhit_1559186049_1153642577_r1.wav,自动增益残留（波形确认）,14.0,-2.32,-5.0,6.68,1.0,/Users/czh/Projects/Clash Legends/ClashLegends-开发素材库/03-制作中/潘森/audio/pantheon/txtp/Play_sfx_Pantheon_PantheonBasicAttack_OnHit [1559186049=1153642577] {r1}.txtp,b59d23e10859b8a770d43ed81e5f6c055651ab058eff74b482f08504c374fe1a,.team0.form0.audio.attack_hit[0];.team0.form0.audio.attack_hit_by_segment[0][0];.team1.form0.audio.attack_hit[0];.team1.form0.audio.attack_hit_by_segment[0][0],
pantheon,潘森,音效,assets/audio/units/pantheon/play_sfx_pantheon_pantheonbasicattack_onhit_1559186049_1153642577_r2.wav,自动增益残留（波形确认）,14.0,-2.32,-5.0,6.68,1.0,/Users/czh/Projects/Clash Legends/ClashLegends-开发素材库/03-制作中/潘森/audio/pantheon/txtp/Play_sfx_Pantheon_PantheonBasicAttack_OnHit [1559186049=1153642577] {r2}.txtp,82a53d38c25ff63a82d555474330b0aa281a9b284630500daa88c95a1ae7d616,.team0.form0.audio.attack_hit[1];.team0.form0.audio.attack_hit_by_segment[0][1];.team1.form0.audio.attack_hit[1];.team1.form0.audio.attack_hit_by_segment[0][1],
pantheon,潘森,音效,assets/audio/units/pantheon/play_sfx_pantheon_pantheonbasicattack_onhit_1559186049_1153642577_r3.wav,自动增益残留（波形确认）,14.0,-2.32,-5.0,6.68,1.0,/Users/czh/Projects/Clash Legends/ClashLegends-开发素材库/03-制作中/潘森/audio/pantheon/txtp/Play_sfx_Pantheon_PantheonBasicAttack_OnHit [1559186049=1153642577] {r3}.txtp,74cd3bebda65373a7be6a3ca8f55afa9b3aa3a23873ed82ad6433205ac4606ab,.team0.form0.audio.attack_hit[2];.team0.form0.audio.attack_hit_by_segment[0][2];.team1.form0.audio.attack_hit[2];.team1.form0.audio.attack_hit_by_segment[0][2],
pantheon,潘森,音效,assets/audio/units/pantheon/play_sfx_pantheon_pantheonpassiveready_onbuffactivate.wav,自动增益残留（波形确认）,18.0,-2.32,0.0,15.68,1.0,/Users/czh/Projects/Clash Legends/ClashLegends-开发素材库/03-制作中/潘森/audio/pantheon/txtp/Play_sfx_Pantheon_PantheonPassiveReady_OnBuffActivate.txtp,c3814b3ae3aa47853506783793f41d828b7df685212af75f5cd1bcf688f4cd21,.team0.form0.audio.events.resource_full.pool[0];.team1.form0.audio.events.resource_full.pool[0],
pantheon,潘森,音效,assets/audio/units/pantheon/play_sfx_pantheon_pantheonqtap_cast_empowered_lua_r1.wav,自动增益残留（波形确认）,13.0,-2.32,0.0,10.68,1.0,/Users/czh/Projects/Clash Legends/ClashLegends-开发素材库/03-制作中/潘森/audio/pantheon/txtp/Play_sfx_Pantheon_PantheonQTap_cast_empowered_lua {r1}.txtp,6124daece6315737534d0c8ad74a98710630e783b6846de7ea90b0f99bc74c0e,.team0.form0.audio.events.spear_tap_empowered:start.pool[0];.team1.form0.audio.events.spear_tap_empowered:start.pool[0],
pantheon,潘森,音效,assets/audio/units/pantheon/play_sfx_pantheon_pantheonqtap_cast_empowered_lua_r2.wav,自动增益残留（波形确认）,13.0,-2.32,0.0,10.68,1.0,/Users/czh/Projects/Clash Legends/ClashLegends-开发素材库/03-制作中/潘森/audio/pantheon/txtp/Play_sfx_Pantheon_PantheonQTap_cast_empowered_lua {r2}.txtp,b5ba345a34f5ebf3effdbd2b9ed42ab5e81f531b2d12cddea3c2e57662f923d5,.team0.form0.audio.events.spear_tap_empowered:start.pool[1];.team1.form0.audio.events.spear_tap_empowered:start.pool[1],
pantheon,潘森,音效,assets/audio/units/pantheon/play_sfx_pantheon_pantheonqtap_cast_empowered_lua_r3.wav,自动增益残留（波形确认）,13.0,-2.32,0.0,10.68,1.0,/Users/czh/Projects/Clash Legends/ClashLegends-开发素材库/03-制作中/潘森/audio/pantheon/txtp/Play_sfx_Pantheon_PantheonQTap_cast_empowered_lua {r3}.txtp,244a9f38f956f783a7219ac591beb2e4d9705ffea8a4b294150db87db9c49ddb,.team0.form0.audio.events.spear_tap_empowered:start.pool[2];.team1.form0.audio.events.spear_tap_empowered:start.pool[2],
pantheon,潘森,音效,assets/audio/units/pantheon/play_sfx_pantheon_pantheonqtap_cast_lua_r1.wav,自动增益残留（波形确认）,15.0,-2.32,0.0,12.68,1.0,/Users/czh/Projects/Clash Legends/ClashLegends-开发素材库/03-制作中/潘森/audio/pantheon/txtp/Play_sfx_Pantheon_PantheonQTap_cast_lua {r1}.txtp,340b50e63b439b97a9807a138bdde1532bf7a2a2e7143eaca79b5d76a9c628c6,.team0.form0.audio.events.spear_tap:start.pool[0];.team1.form0.audio.events.spear_tap:start.pool[0],
pantheon,潘森,音效,assets/audio/units/pantheon/play_sfx_pantheon_pantheonqtap_cast_lua_r2.wav,自动增益残留（波形确认）,15.0,-2.32,0.0,12.68,1.0,/Users/czh/Projects/Clash Legends/ClashLegends-开发素材库/03-制作中/潘森/audio/pantheon/txtp/Play_sfx_Pantheon_PantheonQTap_cast_lua {r2}.txtp,fadfda33b7fb54c18c15dee26f616db7a22b6722c6beaca952501a8183fe9a02,.team0.form0.audio.events.spear_tap:start.pool[1];.team1.form0.audio.events.spear_tap:start.pool[1],
pantheon,潘森,音效,assets/audio/units/pantheon/play_sfx_pantheon_pantheonqtap_cast_lua_r3.wav,自动增益残留（波形确认）,15.0,-2.32,0.0,12.68,1.0,/Users/czh/Projects/Clash Legends/ClashLegends-开发素材库/03-制作中/潘森/audio/pantheon/txtp/Play_sfx_Pantheon_PantheonQTap_cast_lua {r3}.txtp,c1b8de2e32e9a90ff70f87a3d06ee25e036520ba8212203d7f178fc4fa10742e,.team0.form0.audio.events.spear_tap:start.pool[2];.team1.form0.audio.events.spear_tap:start.pool[2],
pantheon,潘森,音效,assets/audio/units/pantheon/play_sfx_pantheon_pantheonqtap_hit_empowered_vfx_r1.wav,自动增益残留（波形确认）,11.0,-2.32,0.0,8.68,1.0,/Users/czh/Projects/Clash Legends/ClashLegends-开发素材库/03-制作中/潘森/audio/pantheon/txtp/Play_sfx_Pantheon_PantheonQTap_hit_empowered_vfx {r1}.txtp,07f5d43b9b7af3e2bbfb029987391f8f792ee6dc8599f37e71d90df09cde6ed9,.team0.form0.audio.events.spear_tap_empowered:hit.pool[0];.team1.form0.audio.events.spear_tap_empowered:hit.pool[0],
pantheon,潘森,音效,assets/audio/units/pantheon/play_sfx_pantheon_pantheonqtap_hit_empowered_vfx_r2.wav,自动增益残留（波形确认）,11.0,-2.32,0.0,8.68,1.0,/Users/czh/Projects/Clash Legends/ClashLegends-开发素材库/03-制作中/潘森/audio/pantheon/txtp/Play_sfx_Pantheon_PantheonQTap_hit_empowered_vfx {r2}.txtp,bcb0a57c41b63e2a5cfb3fc186bbe802e2ca9285d7d98964541983f5948a192f,.team0.form0.audio.events.spear_tap_empowered:hit.pool[1];.team1.form0.audio.events.spear_tap_empowered:hit.pool[1],
pantheon,潘森,音效,assets/audio/units/pantheon/play_sfx_pantheon_pantheonqtap_hit_empowered_vfx_r3.wav,自动增益残留（波形确认）,11.0,-2.32,0.0,8.68,1.0,/Users/czh/Projects/Clash Legends/ClashLegends-开发素材库/03-制作中/潘森/audio/pantheon/txtp/Play_sfx_Pantheon_PantheonQTap_hit_empowered_vfx {r3}.txtp,b3d9ab3fb56053a8d3a3638a381b0c213e18ade1e24107bc65cbbc1996d6578c,.team0.form0.audio.events.spear_tap_empowered:hit.pool[2];.team1.form0.audio.events.spear_tap_empowered:hit.pool[2],
pantheon,潘森,音效,assets/audio/units/pantheon/play_sfx_pantheon_pantheonqtap_hit_vfx_r1.wav,自动增益残留（波形确认）,12.0,-2.32,0.0,9.68,1.0,/Users/czh/Projects/Clash Legends/ClashLegends-开发素材库/03-制作中/潘森/audio/pantheon/txtp/Play_sfx_Pantheon_PantheonQTap_hit_vfx {r1}.txtp,f4c6e52855b1daa033b42dc92cc6b38b6a8d9a5c596e43828c1680958563d4a8,.team0.form0.audio.events.spear_tap:hit.pool[0];.team1.form0.audio.events.spear_tap:hit.pool[0],
pantheon,潘森,音效,assets/audio/units/pantheon/play_sfx_pantheon_pantheonqtap_hit_vfx_r2.wav,自动增益残留（波形确认）,12.0,-2.32,0.0,9.68,1.0,/Users/czh/Projects/Clash Legends/ClashLegends-开发素材库/03-制作中/潘森/audio/pantheon/txtp/Play_sfx_Pantheon_PantheonQTap_hit_vfx {r2}.txtp,f5cb8a5930d0ea5a122ea173ea2bdcc4cfe5965a5f85d4576937edd1f8a90017,.team0.form0.audio.events.spear_tap:hit.pool[1];.team1.form0.audio.events.spear_tap:hit.pool[1],
pantheon,潘森,音效,assets/audio/units/pantheon/play_sfx_pantheon_pantheonqtap_hit_vfx_r3.wav,自动增益残留（波形确认）,12.0,-2.32,0.0,9.68,1.0,/Users/czh/Projects/Clash Legends/ClashLegends-开发素材库/03-制作中/潘森/audio/pantheon/txtp/Play_sfx_Pantheon_PantheonQTap_hit_vfx {r3}.txtp,8bc917f49b424d5d108295a764f6ab81b592cbdb0210183859206ad1590d3f61,.team0.form0.audio.events.spear_tap:hit.pool[2];.team1.form0.audio.events.spear_tap:hit.pool[2],
pantheon,潘森,语音,assets/audio/units/pantheon/play_vo_pantheon_death3d_r1_zh_cn.wav,自动增益残留（波形确认）,8.0,-0.001,0.0,8.0,1.0,/Users/czh/Projects/Clash Legends/ClashLegends-开发素材库/03-制作中/潘森/audio/pantheon_vo/txtp/Play_vo_Pantheon_Death3D {r1}.txtp,944a7d89b2fed1d21c0779a3a72e28edcb816b14d071ca6aa14269ff36304b77,.team0.form0.audio.events.death:voice.pool[0];.team1.form0.audio.events.death:voice.pool[0],
pantheon,潘森,语音,assets/audio/units/pantheon/play_vo_pantheon_death3d_r2_zh_cn.wav,自动增益残留（波形确认）,8.0,-0.001,0.0,8.0,1.0,/Users/czh/Projects/Clash Legends/ClashLegends-开发素材库/03-制作中/潘森/audio/pantheon_vo/txtp/Play_vo_Pantheon_Death3D {r2}.txtp,b2c8f135a26939d51ca8330d89b05a628a4afae0ad7d72d94a2f3d41de2a5803,.team0.form0.audio.events.death:voice.pool[1];.team1.form0.audio.events.death:voice.pool[1],
pantheon,潘森,语音,assets/audio/units/pantheon/play_vo_pantheon_death3d_r3_zh_cn.wav,自动增益残留（波形确认）,8.0,-0.001,0.0,8.0,1.0,/Users/czh/Projects/Clash Legends/ClashLegends-开发素材库/03-制作中/潘森/audio/pantheon_vo/txtp/Play_vo_Pantheon_Death3D {r3}.txtp,bfce5c6f9e5766e6f9cc89da5bc613d95350a31296b32bb21929e37c1bcf4000,.team0.form0.audio.events.death:voice.pool[2];.team1.form0.audio.events.death:voice.pool[2],
pix,皮克斯,音效,assets/audio/units/pix/play_sfx_lulu_lulupassivemissile_hit_r1.wav,auto已抵消或播放后不高于原事件,25.0,-25.006,-5.0,-5.01,0.99999985,/Users/czh/Projects/Clash Legends/ClashLegends-开发素材库/04-中间产物/素材加工/card_audio_batch/lulu/txtp/Play_sfx_Lulu_LuluPassiveMissile_hit {r1}.txtp,e85f7eac8cc4bbf8557f11ebc0253a6255817abff0886304e2a5865cf25ca908,.team0.form0.audio.attack_hit[0];.team1.form0.audio.attack_hit[0],
pix,皮克斯,音效,assets/audio/units/pix/play_sfx_lulu_lulupassivemissile_hit_r2.wav,auto已抵消或播放后不高于原事件,25.0,-25.006,-5.0,-5.01,0.99999985,/Users/czh/Projects/Clash Legends/ClashLegends-开发素材库/04-中间产物/素材加工/card_audio_batch/lulu/txtp/Play_sfx_Lulu_LuluPassiveMissile_hit {r2}.txtp,1bb3bc7fb7cabf2bf627b6d63aa1fcf1dcda9412aae98f26c170d54df0c5aed1,.team0.form0.audio.attack_hit[1];.team1.form0.audio.attack_hit[1],
pix,皮克斯,音效,assets/audio/units/pix/play_sfx_lulu_lulupassivemissile_hit_r3.wav,auto已抵消或播放后不高于原事件,25.0,-25.006,-5.0,-5.01,0.99999988,/Users/czh/Projects/Clash Legends/ClashLegends-开发素材库/04-中间产物/素材加工/card_audio_batch/lulu/txtp/Play_sfx_Lulu_LuluPassiveMissile_hit {r3}.txtp,2afca56a81cbca0093d62c4fb7fbf1d47aeb91bb4347d9c621d40cabbe06263b,.team0.form0.audio.attack_hit[2];.team1.form0.audio.attack_hit[2],
pix,皮克斯,音效,assets/audio/units/pix/play_sfx_lulu_lulupassivemissilecontroller_onmissilecast_r1.wav,auto已抵消或播放后不高于原事件,14.0,-14.002,0.0,-0.0,0.99999999,/Users/czh/Projects/Clash Legends/ClashLegends-开发素材库/04-中间产物/素材加工/card_audio_batch/lulu/txtp/Play_sfx_Lulu_LuluPassiveMissileController_OnMissileCast {r1}.txtp,0684269a8bf1396ab4ccd3a0466a197a50cabd8f57e1803a779c7028a70a49d0,.team0.form0.audio.events.attack_launch.pool[0];.team1.form0.audio.events.attack_launch.pool[0],
pix,皮克斯,音效,assets/audio/units/pix/play_sfx_lulu_lulupassivemissilecontroller_onmissilecast_r2.wav,auto已抵消或播放后不高于原事件,14.0,-14.002,0.0,-0.0,0.99999999,/Users/czh/Projects/Clash Legends/ClashLegends-开发素材库/04-中间产物/素材加工/card_audio_batch/lulu/txtp/Play_sfx_Lulu_LuluPassiveMissileController_OnMissileCast {r2}.txtp,31d3ecf8efe863088bd222fa84f1af12857ee7fa4429977ffe5377db611f2f8f,.team0.form0.audio.events.attack_launch.pool[1];.team1.form0.audio.events.attack_launch.pool[1],
pix,皮克斯,音效,assets/audio/units/pix/play_sfx_lulu_lulupassivemissilecontroller_onmissilecast_r3.wav,auto已抵消或播放后不高于原事件,14.0,-14.002,0.0,-0.0,0.99999999,/Users/czh/Projects/Clash Legends/ClashLegends-开发素材库/04-中间产物/素材加工/card_audio_batch/lulu/txtp/Play_sfx_Lulu_LuluPassiveMissileController_OnMissileCast {r3}.txtp,9e4026eb72131d8a3072da39de9240c616954d1ff8a6ed5434ef84dc8d341335,.team0.form0.audio.events.attack_launch.pool[2];.team1.form0.audio.events.attack_launch.pool[2],
ranged_minion,远程兵,音效,assets/audio/units/ranged_minion/chaos/play_sfx_sru_chaosminionranged_sru_chaosminionrangedbasicattack2_oncast_r1.wav,未发现自动增益残留（波形确认）,,-0.232,0.0,-0.23,0.99985861,/Users/czh/Projects/Clash Legends/ClashLegends-开发素材库/04-中间产物/素材加工/shared_audio_review/named_txtp/npc_global_minions_chaosrange_sfx_events-0042-event {r1} {d}.txtp,1cd39f115b221f2b1b6f24f229db12d9669c8369f0467360085862b7b4770825,.team1.form0.audio.attack_swing[1][0],
ranged_minion,远程兵,音效,assets/audio/units/ranged_minion/chaos/play_sfx_sru_chaosminionranged_sru_chaosminionrangedbasicattack2_oncast_r2.wav,未发现自动增益残留（波形确认）,,-0.325,0.0,-0.33,0.99973683,/Users/czh/Projects/Clash Legends/ClashLegends-开发素材库/04-中间产物/素材加工/shared_audio_review/named_txtp/npc_global_minions_chaosrange_sfx_events-0042-event {r2} {d}.txtp,36ec6036dad12da78098cd779a88cb4fbb4e6ae4bdea7bd40b5ca5def7a97ec3,.team1.form0.audio.attack_swing[1][1],
ranged_minion,远程兵,音效,assets/audio/units/ranged_minion/chaos/play_sfx_sru_chaosminionranged_sru_chaosminionrangedbasicattack2_oncast_r3.wav,未发现自动增益残留（波形确认）,,-0.213,0.0,-0.21,0.99983742,/Users/czh/Projects/Clash Legends/ClashLegends-开发素材库/04-中间产物/素材加工/shared_audio_review/named_txtp/npc_global_minions_chaosrange_sfx_events-0042-event {r3} {d}.txtp,360c7170fb211c17060b1ab9d7ba13d3bc6f75e496c57bb65b4bef60aa868f20,.team1.form0.audio.attack_swing[1][2],
ranged_minion,远程兵,音效,assets/audio/units/ranged_minion/chaos/play_sfx_sru_chaosminionranged_sru_chaosminionrangedbasicattack2_onhit_r1.wav,未发现自动增益残留（波形确认）,,-0.164,0.0,-0.16,0.9999308,/Users/czh/Projects/Clash Legends/ClashLegends-开发素材库/04-中间产物/素材加工/shared_audio_review/named_txtp/npc_global_minions_chaosrange_sfx_events-0024-event {r1} {d}.txtp,f96ce0412164079da4777de4d0a26c677a602fc141f4a2556533c2765ba31550,.team1.form0.audio.attack_hit_by_segment[1][0],
ranged_minion,远程兵,音效,assets/audio/units/ranged_minion/chaos/play_sfx_sru_chaosminionranged_sru_chaosminionrangedbasicattack2_onhit_r2.wav,未发现自动增益残留（波形确认）,,-0.141,0.0,-0.14,0.99994371,/Users/czh/Projects/Clash Legends/ClashLegends-开发素材库/04-中间产物/素材加工/shared_audio_review/named_txtp/npc_global_minions_chaosrange_sfx_events-0024-event {r2} {d}.txtp,025764e37f743e8b0c8e6f7bdf71909f46ab4ddcb0f5ee4564f7a53f617af4c2,.team1.form0.audio.attack_hit_by_segment[1][1],
ranged_minion,远程兵,音效,assets/audio/units/ranged_minion/chaos/play_sfx_sru_chaosminionranged_sru_chaosminionrangedbasicattack2_onhit_r3.wav,未发现自动增益残留（波形确认）,,-0.203,0.0,-0.2,0.99986156,/Users/czh/Projects/Clash Legends/ClashLegends-开发素材库/04-中间产物/素材加工/shared_audio_review/named_txtp/npc_global_minions_chaosrange_sfx_events-0024-event {r3} {d}.txtp,5ab6593646ccb403e82e436264b68b155c3ca66cb7956bb5d8d4cbab98b23af9,.team1.form0.audio.attack_hit_by_segment[1][2],
ranged_minion,远程兵,音效,assets/audio/units/ranged_minion/chaos/play_sfx_sru_chaosminionranged_sru_chaosminionrangedbasicattack_oncast_r1.wav,未发现自动增益残留（波形确认）,,-0.232,0.0,-0.23,0.99985861,/Users/czh/Projects/Clash Legends/ClashLegends-开发素材库/04-中间产物/素材加工/shared_audio_review/named_txtp/npc_global_minions_chaosrange_sfx_events-0040-event {r1} {d}.txtp,1cd39f115b221f2b1b6f24f229db12d9669c8369f0467360085862b7b4770825,.team1.form0.audio.attack_swing[0][0],
ranged_minion,远程兵,音效,assets/audio/units/ranged_minion/chaos/play_sfx_sru_chaosminionranged_sru_chaosminionrangedbasicattack_oncast_r2.wav,未发现自动增益残留（波形确认）,,-0.325,0.0,-0.33,0.99973683,/Users/czh/Projects/Clash Legends/ClashLegends-开发素材库/04-中间产物/素材加工/shared_audio_review/named_txtp/npc_global_minions_chaosrange_sfx_events-0040-event {r2} {d}.txtp,36ec6036dad12da78098cd779a88cb4fbb4e6ae4bdea7bd40b5ca5def7a97ec3,.team1.form0.audio.attack_swing[0][1],
ranged_minion,远程兵,音效,assets/audio/units/ranged_minion/chaos/play_sfx_sru_chaosminionranged_sru_chaosminionrangedbasicattack_oncast_r3.wav,未发现自动增益残留（波形确认）,,-0.213,0.0,-0.21,0.99983742,/Users/czh/Projects/Clash Legends/ClashLegends-开发素材库/04-中间产物/素材加工/shared_audio_review/named_txtp/npc_global_minions_chaosrange_sfx_events-0040-event {r3} {d}.txtp,360c7170fb211c17060b1ab9d7ba13d3bc6f75e496c57bb65b4bef60aa868f20,.team1.form0.audio.attack_swing[0][2],
ranged_minion,远程兵,音效,assets/audio/units/ranged_minion/chaos/play_sfx_sru_chaosminionranged_sru_chaosminionrangedbasicattack_onhit_r1.wav,未发现自动增益残留（波形确认）,,-0.164,0.0,-0.16,0.9999308,/Users/czh/Projects/Clash Legends/ClashLegends-开发素材库/04-中间产物/素材加工/shared_audio_review/named_txtp/npc_global_minions_chaosrange_sfx_events-0028-event {r1} {d}.txtp,f96ce0412164079da4777de4d0a26c677a602fc141f4a2556533c2765ba31550,.team1.form0.audio.attack_hit_by_segment[0][0],
ranged_minion,远程兵,音效,assets/audio/units/ranged_minion/chaos/play_sfx_sru_chaosminionranged_sru_chaosminionrangedbasicattack_onhit_r2.wav,未发现自动增益残留（波形确认）,,-0.141,0.0,-0.14,0.99994371,/Users/czh/Projects/Clash Legends/ClashLegends-开发素材库/04-中间产物/素材加工/shared_audio_review/named_txtp/npc_global_minions_chaosrange_sfx_events-0028-event {r2} {d}.txtp,025764e37f743e8b0c8e6f7bdf71909f46ab4ddcb0f5ee4564f7a53f617af4c2,.team1.form0.audio.attack_hit_by_segment[0][1],
ranged_minion,远程兵,音效,assets/audio/units/ranged_minion/chaos/play_sfx_sru_chaosminionranged_sru_chaosminionrangedbasicattack_onhit_r3.wav,未发现自动增益残留（波形确认）,,-0.203,0.0,-0.2,0.99986156,/Users/czh/Projects/Clash Legends/ClashLegends-开发素材库/04-中间产物/素材加工/shared_audio_review/named_txtp/npc_global_minions_chaosrange_sfx_events-0028-event {r3} {d}.txtp,5ab6593646ccb403e82e436264b68b155c3ca66cb7956bb5d8d4cbab98b23af9,.team1.form0.audio.attack_hit_by_segment[0][2],
ranged_minion,远程兵,音效,assets/audio/units/ranged_minion/order/play_sfx_sru_orderminionranged_sru_orderminionrangedbasicattack2_oncast_r1.wav,未发现自动增益残留（波形确认）,,-0.218,0.0,-0.22,0.99987966,/Users/czh/Projects/Clash Legends/ClashLegends-开发素材库/04-中间产物/素材加工/shared_audio_review/named_txtp/npc_global_minions_orderrange_sfx_events-0028-event {r1} {d}.txtp,f7480cadfb92ac2bdae13c917441bd3195155a5e384cafc33fc37a920dd7dda8,.team0.form0.audio.attack_swing[1][0],
ranged_minion,远程兵,音效,assets/audio/units/ranged_minion/order/play_sfx_sru_orderminionranged_sru_orderminionrangedbasicattack2_oncast_r2.wav,未发现自动增益残留（波形确认）,,-0.24,0.0,-0.24,0.99977923,/Users/czh/Projects/Clash Legends/ClashLegends-开发素材库/04-中间产物/素材加工/shared_audio_review/named_txtp/npc_global_minions_orderrange_sfx_events-0028-event {r2} {d}.txtp,2594065e2a2908261edbf41a7c0625caf53f7ecdf5588655753b96bc03e8e71c,.team0.form0.audio.attack_swing[1][1],
ranged_minion,远程兵,音效,assets/audio/units/ranged_minion/order/play_sfx_sru_orderminionranged_sru_orderminionrangedbasicattack2_oncast_r3.wav,未发现自动增益残留（波形确认）,,-0.206,0.0,-0.21,0.99986158,/Users/czh/Projects/Clash Legends/ClashLegends-开发素材库/04-中间产物/素材加工/shared_audio_review/named_txtp/npc_global_minions_orderrange_sfx_events-0028-event {r3} {d}.txtp,468b287c9a3c6e12af0587c9f811c32ff246ef6a3260d0ae20bc918d219fb6f6,.team0.form0.audio.attack_swing[1][2],
ranged_minion,远程兵,音效,assets/audio/units/ranged_minion/order/play_sfx_sru_orderminionranged_sru_orderminionrangedbasicattack2_onhit_r1.wav,未发现自动增益残留（波形确认）,,-0.195,0.0,-0.2,0.99988795,/Users/czh/Projects/Clash Legends/ClashLegends-开发素材库/04-中间产物/素材加工/shared_audio_review/named_txtp/npc_global_minions_orderrange_sfx_events-0024-event {r1} {d}.txtp,d6adaeb533088af67e4e6d9ab054f171c2f470ae5302a51fb7a396e1c99f94ca,.team0.form0.audio.attack_hit_by_segment[1][0],
ranged_minion,远程兵,音效,assets/audio/units/ranged_minion/order/play_sfx_sru_orderminionranged_sru_orderminionrangedbasicattack2_onhit_r2.wav,未发现自动增益残留（波形确认）,,-0.174,0.0,-0.17,0.99992304,/Users/czh/Projects/Clash Legends/ClashLegends-开发素材库/04-中间产物/素材加工/shared_audio_review/named_txtp/npc_global_minions_orderrange_sfx_events-0024-event {r2} {d}.txtp,28b28409af3d71b992973cd7b963acd9ab37b8300736d89633520a5fa694bfff,.team0.form0.audio.attack_hit_by_segment[1][1],
ranged_minion,远程兵,音效,assets/audio/units/ranged_minion/order/play_sfx_sru_orderminionranged_sru_orderminionrangedbasicattack2_onhit_r3.wav,未发现自动增益残留（波形确认）,,-0.216,0.0,-0.22,0.99985241,/Users/czh/Projects/Clash Legends/ClashLegends-开发素材库/04-中间产物/素材加工/shared_audio_review/named_txtp/npc_global_minions_orderrange_sfx_events-0024-event {r3} {d}.txtp,96dc48ae1c8aa2cc98eb096721ffb370547437bd8d6eb71d523ad1fd45a8c871,.team0.form0.audio.attack_hit_by_segment[1][2],
ranged_minion,远程兵,音效,assets/audio/units/ranged_minion/order/play_sfx_sru_orderminionranged_sru_orderminionrangedbasicattack_oncast_r1.wav,未发现自动增益残留（波形确认）,,-0.218,0.0,-0.22,0.99987966,/Users/czh/Projects/Clash Legends/ClashLegends-开发素材库/04-中间产物/素材加工/shared_audio_review/named_txtp/npc_global_minions_orderrange_sfx_events-0012-event {r1}.txtp,f7480cadfb92ac2bdae13c917441bd3195155a5e384cafc33fc37a920dd7dda8,.team0.form0.audio.attack_swing[0][0],
ranged_minion,远程兵,音效,assets/audio/units/ranged_minion/order/play_sfx_sru_orderminionranged_sru_orderminionrangedbasicattack_oncast_r2.wav,未发现自动增益残留（波形确认）,,-0.24,0.0,-0.24,0.99977923,/Users/czh/Projects/Clash Legends/ClashLegends-开发素材库/04-中间产物/素材加工/shared_audio_review/named_txtp/npc_global_minions_orderrange_sfx_events-0012-event {r2}.txtp,2594065e2a2908261edbf41a7c0625caf53f7ecdf5588655753b96bc03e8e71c,.team0.form0.audio.attack_swing[0][1],
ranged_minion,远程兵,音效,assets/audio/units/ranged_minion/order/play_sfx_sru_orderminionranged_sru_orderminionrangedbasicattack_oncast_r3.wav,未发现自动增益残留（波形确认）,,-0.206,0.0,-0.21,0.99986158,/Users/czh/Projects/Clash Legends/ClashLegends-开发素材库/04-中间产物/素材加工/shared_audio_review/named_txtp/npc_global_minions_orderrange_sfx_events-0012-event {r3}.txtp,468b287c9a3c6e12af0587c9f811c32ff246ef6a3260d0ae20bc918d219fb6f6,.team0.form0.audio.attack_swing[0][2],
ranged_minion,远程兵,音效,assets/audio/units/ranged_minion/order/play_sfx_sru_orderminionranged_sru_orderminionrangedbasicattack_onhit_r1.wav,未发现自动增益残留（波形确认）,,-0.195,0.0,-0.2,0.99988795,/Users/czh/Projects/Clash Legends/ClashLegends-开发素材库/04-中间产物/素材加工/shared_audio_review/named_txtp/npc_global_minions_orderrange_sfx_events-0026-event {r1} {d}.txtp,d6adaeb533088af67e4e6d9ab054f171c2f470ae5302a51fb7a396e1c99f94ca,.team0.form0.audio.attack_hit_by_segment[0][0],
ranged_minion,远程兵,音效,assets/audio/units/ranged_minion/order/play_sfx_sru_orderminionranged_sru_orderminionrangedbasicattack_onhit_r2.wav,未发现自动增益残留（波形确认）,,-0.174,0.0,-0.17,0.99992304,/Users/czh/Projects/Clash Legends/ClashLegends-开发素材库/04-中间产物/素材加工/shared_audio_review/named_txtp/npc_global_minions_orderrange_sfx_events-0026-event {r2} {d}.txtp,28b28409af3d71b992973cd7b963acd9ab37b8300736d89633520a5fa694bfff,.team0.form0.audio.attack_hit_by_segment[0][1],
ranged_minion,远程兵,音效,assets/audio/units/ranged_minion/order/play_sfx_sru_orderminionranged_sru_orderminionrangedbasicattack_onhit_r3.wav,未发现自动增益残留（波形确认）,,-0.216,0.0,-0.22,0.99985241,/Users/czh/Projects/Clash Legends/ClashLegends-开发素材库/04-中间产物/素材加工/shared_audio_review/named_txtp/npc_global_minions_orderrange_sfx_events-0026-event {r3} {d}.txtp,96dc48ae1c8aa2cc98eb096721ffb370547437bd8d6eb71d523ad1fd45a8c871,.team0.form0.audio.attack_hit_by_segment[0][2],
rift_herald,峡谷先锋,音效,assets/audio/units/rift_herald/attack_hit_1_1.wav,未发现自动增益残留（波形确认）,,-0.002,0.0,-0.0,0.99999999,/Users/czh/Projects/Clash Legends/ClashLegends-开发素材库/03-制作中/峡谷先锋/lol-source/txtp-original-gain/Play_sfx_SRU_RiftHeraldBasicAttack_OnHit {r1}.txtp,e06e847bde3cf69a5e971bc2ccfe037908cb34cba6d938de647bdfb7a170767f,.team0.form0.audio.attack_hit_by_segment[0][0];.team1.form0.audio.attack_hit_by_segment[0][0],
rift_herald,峡谷先锋,音效,assets/audio/units/rift_herald/attack_hit_1_2.wav,未发现自动增益残留（波形确认）,,-0.002,0.0,-0.0,0.99999999,/Users/czh/Projects/Clash Legends/ClashLegends-开发素材库/03-制作中/峡谷先锋/lol-source/txtp-original-gain/Play_sfx_SRU_RiftHeraldBasicAttack_OnHit {r2}.txtp,66a3add3c3860306490e24b7f94f017102b5ea17fdd0e1e7573ed64761b7dd8f,.team0.form0.audio.attack_hit_by_segment[0][1];.team1.form0.audio.attack_hit_by_segment[0][1],
rift_herald,峡谷先锋,音效,assets/audio/units/rift_herald/attack_hit_2_1.wav,未发现自动增益残留（波形确认）,,-0.002,0.0,-0.0,1.0,/Users/czh/Projects/Clash Legends/ClashLegends-开发素材库/03-制作中/峡谷先锋/lol-source/txtp-original-gain/Play_sfx_SRU_RiftHeraldBasicAttack2_OnHit {r1}.txtp,b560879152ec1e298e21add117875e1722c86e9d507808a9cbf781241b5f8b65,.team0.form0.audio.attack_hit_by_segment[1][0];.team1.form0.audio.attack_hit_by_segment[1][0],
rift_herald,峡谷先锋,音效,assets/audio/units/rift_herald/attack_hit_2_2.wav,未发现自动增益残留（波形确认）,,-0.002,0.0,-0.0,0.99999999,/Users/czh/Projects/Clash Legends/ClashLegends-开发素材库/03-制作中/峡谷先锋/lol-source/txtp-original-gain/Play_sfx_SRU_RiftHeraldBasicAttack2_OnHit {r2}.txtp,97524f16506b029fae5b8581e8f6c0d455fedb9ea840bee1a36cef20542dee85,.team0.form0.audio.attack_hit_by_segment[1][1];.team1.form0.audio.attack_hit_by_segment[1][1],
rift_herald,峡谷先锋,音效,assets/audio/units/rift_herald/attack_swing_1_1.wav,未发现自动增益残留（波形确认）,,-0.001,0.0,-0.0,1.0,/Users/czh/Projects/Clash Legends/ClashLegends-开发素材库/03-制作中/峡谷先锋/lol-source/txtp-original-gain/Play_sfx_SRU_RiftHeraldBasicAttack_OnCast {r}.txtp,fd189d3710389d8988f48dade43c0f89b12c13b454f2c624355010bd972cf4fb,.team0.form0.audio.attack_swing[0][0];.team1.form0.audio.attack_swing[0][0],
rift_herald,峡谷先锋,音效,assets/audio/units/rift_herald/attack_swing_2_1.wav,未发现自动增益残留（波形确认）,,-0.001,0.0,-0.0,1.0,/Users/czh/Projects/Clash Legends/ClashLegends-开发素材库/03-制作中/峡谷先锋/lol-source/txtp-original-gain/Play_sfx_SRU_RiftHeraldBasicAttack2_OnCast {r}.txtp,085c22fc4bbb6d544b6d4cdbe3d6df2c21a5f176db1b194407a8ec0c98e9621f,.team0.form0.audio.attack_swing[1][0];.team1.form0.audio.attack_swing[1][0],
rift_herald,峡谷先锋,音效,assets/audio/units/rift_herald/death_1.wav,未发现自动增益残留（波形确认）,,-0.001,0.0,-0.0,1.0,/Users/czh/Projects/Clash Legends/ClashLegends-开发素材库/03-制作中/峡谷先锋/lol-source/txtp-original-gain/Play_sfx_SRU_RiftHerald_death.txtp,7b1d997bf470beef7227c196fdf51f3d99122eb1453e3d178d0e36225ddb2b29,.team0.form0.audio.events.death.pool[0];.team1.form0.audio.events.death.pool[0],
rift_herald,峡谷先锋,音效,assets/audio/units/rift_herald/deploy_start_1.wav,未发现自动增益残留（波形确认）,,-0.001,0.0,-0.0,1.0,/Users/czh/Projects/Clash Legends/ClashLegends-开发素材库/03-制作中/峡谷先锋/lol-source/txtp-original-gain/Play_sfx_SRU_RiftHerald_Spawn.txtp,97f2e54b40a75ae74d1dacdb756e0b53d07fcd78b63810d1633d0635dd894a05,.team0.form0.audio.events.deploy:start.pool[0];.team1.form0.audio.events.deploy:start.pool[0],
rift_herald,峡谷先锋,音效,assets/audio/units/rift_herald/rush_hit_1.wav,未发现自动增益残留（波形确认）,,-0.001,0.0,-0.0,1.0,/Users/czh/Projects/Clash Legends/ClashLegends-开发素材库/03-制作中/峡谷先锋/lol-source/txtp-original-gain/Play_sfx_SRU_RiftHerald_dash_hit {r1}.txtp,2f79b858caea4b1edd22ccef1cc7ad460ead58b7fdade9087785129543a61057,.team0.form0.audio.events.rush:hit.pool[0];.team1.form0.audio.events.rush:hit.pool[0],
rift_herald,峡谷先锋,音效,assets/audio/units/rift_herald/rush_hit_2.wav,未发现自动增益残留（波形确认）,,-0.001,0.0,-0.0,1.0,/Users/czh/Projects/Clash Legends/ClashLegends-开发素材库/03-制作中/峡谷先锋/lol-source/txtp-original-gain/Play_sfx_SRU_RiftHerald_dash_hit {r2}.txtp,c47abd0a747c27d3f0c8f4312e88315ebb922b3946cb814b35d9fff024dd8f0b,.team0.form0.audio.events.rush:hit.pool[1];.team1.form0.audio.events.rush:hit.pool[1],
rift_herald,峡谷先锋,音效,assets/audio/units/rift_herald/rush_hit_3.wav,未发现自动增益残留（波形确认）,,-0.001,0.0,-0.0,1.0,/Users/czh/Projects/Clash Legends/ClashLegends-开发素材库/03-制作中/峡谷先锋/lol-source/txtp-original-gain/Play_sfx_SRU_RiftHerald_dash_hit {r3}.txtp,7c897212115f8462286774a7143cfbb9f685115b40f467c61adad7fc8f435c5e,.team0.form0.audio.events.rush:hit.pool[2];.team1.form0.audio.events.rush:hit.pool[2],
rift_herald,峡谷先锋,音效,assets/audio/units/rift_herald/rush_hit_4.wav,未发现自动增益残留（波形确认）,,-0.001,0.0,-0.0,1.0,/Users/czh/Projects/Clash Legends/ClashLegends-开发素材库/03-制作中/峡谷先锋/lol-source/txtp-original-gain/Play_sfx_SRU_RiftHerald_dash_hit {r4}.txtp,3567e69cd3cbc11e70f9b7a733db37dc7081f9020fae3c7c4068d00bef5b20d6,.team0.form0.audio.events.rush:hit.pool[3];.team1.form0.audio.events.rush:hit.pool[3],
rift_herald,峡谷先锋,音效,assets/audio/units/rift_herald/rush_path_hit_1.wav,未发现自动增益残留（波形确认）,,-0.001,0.0,-0.0,1.0,/Users/czh/Projects/Clash Legends/ClashLegends-开发素材库/03-制作中/峡谷先锋/lol-source/txtp-original-gain/Play_sfx_SRU_RiftHerald_charge_hit_minion {r1}.txtp,37a9380013a3793b8ca83e3dc97277a0d4e68dee82874e49c2871a064755f3e1,.team0.form0.audio.events.rush:path_hit.pool[0];.team1.form0.audio.events.rush:path_hit.pool[0],
rift_herald,峡谷先锋,音效,assets/audio/units/rift_herald/rush_path_hit_2.wav,未发现自动增益残留（波形确认）,,-0.001,0.0,-0.0,1.0,/Users/czh/Projects/Clash Legends/ClashLegends-开发素材库/03-制作中/峡谷先锋/lol-source/txtp-original-gain/Play_sfx_SRU_RiftHerald_charge_hit_minion {r2}.txtp,2107fa2aabe6ef437cc61f725a01c65c549437ec07c43243038c244d511643af,.team0.form0.audio.events.rush:path_hit.pool[1];.team1.form0.audio.events.rush:path_hit.pool[1],
rift_herald,峡谷先锋,音效,assets/audio/units/rift_herald/rush_path_hit_3.wav,未发现自动增益残留（波形确认）,,-0.001,0.0,-0.0,1.0,/Users/czh/Projects/Clash Legends/ClashLegends-开发素材库/03-制作中/峡谷先锋/lol-source/txtp-original-gain/Play_sfx_SRU_RiftHerald_charge_hit_minion {r3}.txtp,6c73117b3d1e7a9ab873660ca868b7cdeb85a552ffeb7134a88d9cd184c4e637,.team0.form0.audio.events.rush:path_hit.pool[2];.team1.form0.audio.events.rush:path_hit.pool[2],
rift_herald,峡谷先锋,音效,assets/audio/units/rift_herald/rush_path_hit_4.wav,未发现自动增益残留（波形确认）,,-0.001,0.0,-0.0,1.0,/Users/czh/Projects/Clash Legends/ClashLegends-开发素材库/03-制作中/峡谷先锋/lol-source/txtp-original-gain/Play_sfx_SRU_RiftHerald_charge_hit_minion {r4}.txtp,10dff25451103dba19b0c078cd0c24a71d7a77a5c364509240f32ef80ac7cda6,.team0.form0.audio.events.rush:path_hit.pool[3];.team1.form0.audio.events.rush:path_hit.pool[3],
rift_herald,峡谷先锋,音效,assets/audio/units/rift_herald/rush_prepare_1.wav,未发现自动增益残留（波形确认）,,-0.004,0.0,-0.0,0.99999997,/Users/czh/Projects/Clash Legends/ClashLegends-开发素材库/03-制作中/峡谷先锋/lol-source/txtp-original-gain/Play_sfx_SRU_RiftHerald_dash_windup_vox.txtp,4533ae61377b288c5577cdcecf7a7f8527d3ac1a75cfe6793908c73d2ca5e64a,.team0.form0.audio.events.rush_prepare:sustain.pool[0];.team1.form0.audio.events.rush_prepare:sustain.pool[0],
rift_herald,峡谷先锋,音效,assets/audio/units/rift_herald/rush_start_1.wav,未发现自动增益残留（波形确认）,,-0.001,0.0,-0.0,1.0,/Users/czh/Projects/Clash Legends/ClashLegends-开发素材库/03-制作中/峡谷先锋/lol-source/txtp-original-gain/Play_sfx_SRU_RiftHerald_dash_sonicboom.txtp,c437ff3318b5b421f97c317302bc6df10bcf0289283699d21962dace1615912d,.team0.form0.audio.events.rush:start.pool[0];.team1.form0.audio.events.rush:start.pool[0],
rift_herald,峡谷先锋,音效,assets/audio/units/rift_herald/spinning_punch_hit_1.wav,未发现自动增益残留（波形确认）,,-0.002,0.0,-0.0,1.0,/Users/czh/Projects/Clash Legends/ClashLegends-开发素材库/03-制作中/峡谷先锋/lol-source/txtp-original-gain/Play_sfx_SRU_RiftHerald_SpinAttack_hit {r1} {d}.txtp,b560879152ec1e298e21add117875e1722c86e9d507808a9cbf781241b5f8b65,.team0.form0.audio.events.spinning_punch:hit.pool[0];.team1.form0.audio.events.spinning_punch:hit.pool[0],
rift_herald,峡谷先锋,音效,assets/audio/units/rift_herald/spinning_punch_hit_2.wav,未发现自动增益残留（波形确认）,,-0.002,0.0,-0.0,0.99999999,/Users/czh/Projects/Clash Legends/ClashLegends-开发素材库/03-制作中/峡谷先锋/lol-source/txtp-original-gain/Play_sfx_SRU_RiftHerald_SpinAttack_hit {r2} {d}.txtp,97524f16506b029fae5b8581e8f6c0d455fedb9ea840bee1a36cef20542dee85,.team0.form0.audio.events.spinning_punch:hit.pool[1];.team1.form0.audio.events.spinning_punch:hit.pool[1],
rift_herald,峡谷先锋,音效,assets/audio/units/rift_herald/spinning_punch_release_1.wav,未发现自动增益残留（波形确认）,,-0.001,0.0,-0.0,1.0,/Users/czh/Projects/Clash Legends/ClashLegends-开发素材库/03-制作中/峡谷先锋/lol-source/txtp-original-gain/Play_sfx_SRU_RiftHerald_SpinAttack_cast.txtp,71849cde5f0ed23787f513a2f768a4d2c9808564f63f5a93311d4a63c7dd90d2,.team0.form0.audio.events.spinning_punch:release.pool[0];.team1.form0.audio.events.spinning_punch:release.pool[0],
rift_herald,峡谷先锋,音效,assets/audio/units/rift_herald/spinning_punch_start_1.wav,未发现自动增益残留（波形确认）,,-0.002,0.0,-0.0,1.0,/Users/czh/Projects/Clash Legends/ClashLegends-开发素材库/03-制作中/峡谷先锋/lol-source/txtp-original-gain/Play_sfx_SRU_RiftHerald_SpinAttack_vox.txtp,981a323a82ab9f847388aef4845570c188e5db55c208e32ca9c13c18afbba19a,.team0.form0.audio.events.spinning_punch:start.pool[0];.team1.form0.audio.events.spinning_punch:start.pool[0],
sett,腕豪,音效,assets/audio/units/sett/play_sfx_sett_respawn3d_buffactivate_intro.wav,未发现自动增益残留（波形确认）,,-0.002,0.0,-0.0,0.99999996,/Users/czh/Projects/Clash Legends/ClashLegends-开发素材库/04-中间产物/素材加工/card_audio_batch/sett/txtp/Play_sfx_Sett_Respawn3D_buffactivate.txtp,75582f6e0ff846e8e160769dc5333885fc7b98ecaf6baf86654e25bbb0485a99,.team0.form0.audio.events.deploy:start.pool[0];.team1.form0.audio.events.deploy:start.pool[0],
sett,腕豪,音效,assets/audio/units/sett/play_sfx_sett_settbasicattack2_cast_r1.wav,未发现自动增益残留（波形确认）,,-0.003,-3.0,-3.0,0.99999998,/Users/czh/Projects/Clash Legends/ClashLegends-开发素材库/04-中间产物/素材加工/card_audio_batch/sett/txtp/Play_sfx_Sett_SettBasicAttack2_cast {r1}.txtp,0099966944bf801615722736dbe99a378493f1d2dc4074d1cbec5dffb9f482f5,.team0.form0.audio.attack_swing[1][0];.team0.form0.audio.attack_swing[3][0];.team1.form0.audio.attack_swing[1][0];.team1.form0.audio.attack_swing[3][0],
sett,腕豪,音效,assets/audio/units/sett/play_sfx_sett_settbasicattack2_cast_r2.wav,未发现自动增益残留（波形确认）,,-0.002,-3.0,-3.0,0.99999998,/Users/czh/Projects/Clash Legends/ClashLegends-开发素材库/04-中间产物/素材加工/card_audio_batch/sett/txtp/Play_sfx_Sett_SettBasicAttack2_cast {r2}.txtp,7725197a58d026b7965669bb3e48a13a7e7d4a2e00e9b531add3498ebe390c5f,.team0.form0.audio.attack_swing[1][1];.team0.form0.audio.attack_swing[3][1];.team1.form0.audio.attack_swing[1][1];.team1.form0.audio.attack_swing[3][1],
sett,腕豪,音效,assets/audio/units/sett/play_sfx_sett_settbasicattack2_cast_r3.wav,未发现自动增益残留（波形确认）,,-0.003,-3.0,-3.0,0.99999998,/Users/czh/Projects/Clash Legends/ClashLegends-开发素材库/04-中间产物/素材加工/card_audio_batch/sett/txtp/Play_sfx_Sett_SettBasicAttack2_cast {r3}.txtp,646640b72aec605f26d02070e90113281f853b8b905c425574b5615602f1c4e5,.team0.form0.audio.attack_swing[1][2];.team0.form0.audio.attack_swing[3][2];.team1.form0.audio.attack_swing[1][2];.team1.form0.audio.attack_swing[3][2],
sett,腕豪,音效,assets/audio/units/sett/play_sfx_sett_settbasicattack2_onhit_1559186049_1153642577_r1.wav,未发现自动增益残留（波形确认）,,-0.001,-5.0,-5.0,1.0,/Users/czh/Projects/Clash Legends/ClashLegends-开发素材库/04-中间产物/素材加工/card_audio_batch/sett/txtp/Play_sfx_Sett_SettBasicAttack2_OnHit [1559186049=1153642577] {r1}.txtp,20d768b4af15015bfc1bdaddfd8ab744c7769431c3bed2376dfdef3515919f42,.team0.form0.audio.attack_hit_by_segment[1][0];.team1.form0.audio.attack_hit_by_segment[1][0],
sett,腕豪,音效,assets/audio/units/sett/play_sfx_sett_settbasicattack2_onhit_1559186049_1153642577_r2.wav,未发现自动增益残留（波形确认）,,-0.001,-5.0,-5.0,1.0,/Users/czh/Projects/Clash Legends/ClashLegends-开发素材库/04-中间产物/素材加工/card_audio_batch/sett/txtp/Play_sfx_Sett_SettBasicAttack2_OnHit [1559186049=1153642577] {r2}.txtp,95523094edb501e1ad88e579f5504f39df81b4c3a54be07977a94fc79ce46220,.team0.form0.audio.attack_hit_by_segment[1][1];.team1.form0.audio.attack_hit_by_segment[1][1],
sett,腕豪,音效,assets/audio/units/sett/play_sfx_sett_settbasicattack2_onhit_1559186049_1153642577_r3.wav,未发现自动增益残留（波形确认）,,-0.001,-5.0,-5.0,1.0,/Users/czh/Projects/Clash Legends/ClashLegends-开发素材库/04-中间产物/素材加工/card_audio_batch/sett/txtp/Play_sfx_Sett_SettBasicAttack2_OnHit [1559186049=1153642577] {r3}.txtp,fe1575c4acc04ac97972ea5ebef9b0e851d765b2b7277be37a712205858feed3,.team0.form0.audio.attack_hit_by_segment[1][2];.team1.form0.audio.attack_hit_by_segment[1][2],
sett,腕豪,音效,assets/audio/units/sett/play_sfx_sett_settbasicattack3_onhit_1559186049_1153642577_r1.wav,未发现自动增益残留（波形确认）,,-0.002,-5.0,-5.0,1.0,/Users/czh/Projects/Clash Legends/ClashLegends-开发素材库/04-中间产物/素材加工/card_audio_batch/sett/txtp/Play_sfx_Sett_SettBasicAttack3_OnHit [1559186049=1153642577] {r1}.txtp,ac9d100ab275873361f8d3c6c4befdb7042161bba291d25197a968d22dbbaaba,.team0.form0.audio.attack_hit_by_segment[2][0];.team1.form0.audio.attack_hit_by_segment[2][0],
sett,腕豪,音效,assets/audio/units/sett/play_sfx_sett_settbasicattack3_onhit_1559186049_1153642577_r2.wav,未发现自动增益残留（波形确认）,,-0.002,-5.0,-5.0,0.99999999,/Users/czh/Projects/Clash Legends/ClashLegends-开发素材库/04-中间产物/素材加工/card_audio_batch/sett/txtp/Play_sfx_Sett_SettBasicAttack3_OnHit [1559186049=1153642577] {r2}.txtp,5631c1847f30e58125f8c1b91511a93b7390243f2c928db2ec324a610d489f47,.team0.form0.audio.attack_hit_by_segment[2][1];.team1.form0.audio.attack_hit_by_segment[2][1],
sett,腕豪,音效,assets/audio/units/sett/play_sfx_sett_settbasicattack3_onhit_1559186049_1153642577_r3.wav,未发现自动增益残留（波形确认）,,-0.002,-5.0,-5.0,1.0,/Users/czh/Projects/Clash Legends/ClashLegends-开发素材库/04-中间产物/素材加工/card_audio_batch/sett/txtp/Play_sfx_Sett_SettBasicAttack3_OnHit [1559186049=1153642577] {r3}.txtp,39c0713dead2c65b8ab9ca1cfbdb7e2946fb3b8ca58783505874f140c828ffad,.team0.form0.audio.attack_hit_by_segment[2][2];.team1.form0.audio.attack_hit_by_segment[2][2],
sett,腕豪,音效,assets/audio/units/sett/play_sfx_sett_settbasicattack4_onhit_1559186049_1153642577_r1_d.wav,未发现自动增益残留（波形确认）,,-0.001,-5.0,-5.0,1.0,/Users/czh/Projects/Clash Legends/ClashLegends-开发素材库/04-中间产物/素材加工/card_audio_batch/sett/txtp/Play_sfx_Sett_SettBasicAttack4_OnHit [1559186049=1153642577] {r1} {d}.txtp,20d768b4af15015bfc1bdaddfd8ab744c7769431c3bed2376dfdef3515919f42,.team0.form0.audio.attack_hit_by_segment[3][0];.team1.form0.audio.attack_hit_by_segment[3][0],
sett,腕豪,音效,assets/audio/units/sett/play_sfx_sett_settbasicattack4_onhit_1559186049_1153642577_r2_d.wav,未发现自动增益残留（波形确认）,,-0.001,-5.0,-5.0,1.0,/Users/czh/Projects/Clash Legends/ClashLegends-开发素材库/04-中间产物/素材加工/card_audio_batch/sett/txtp/Play_sfx_Sett_SettBasicAttack4_OnHit [1559186049=1153642577] {r2} {d}.txtp,95523094edb501e1ad88e579f5504f39df81b4c3a54be07977a94fc79ce46220,.team0.form0.audio.attack_hit_by_segment[3][1];.team1.form0.audio.attack_hit_by_segment[3][1],
sett,腕豪,音效,assets/audio/units/sett/play_sfx_sett_settbasicattack4_onhit_1559186049_1153642577_r3_d.wav,未发现自动增益残留（波形确认）,,-0.001,-5.0,-5.0,1.0,/Users/czh/Projects/Clash Legends/ClashLegends-开发素材库/04-中间产物/素材加工/card_audio_batch/sett/txtp/Play_sfx_Sett_SettBasicAttack4_OnHit [1559186049=1153642577] {r3} {d}.txtp,fe1575c4acc04ac97972ea5ebef9b0e851d765b2b7277be37a712205858feed3,.team0.form0.audio.attack_hit_by_segment[3][2];.team1.form0.audio.attack_hit_by_segment[3][2],
sett,腕豪,音效,assets/audio/units/sett/play_sfx_sett_settbasicattack_cast_r1.wav,未发现自动增益残留（波形确认）,,-0.002,-3.0,-3.0,0.99999999,/Users/czh/Projects/Clash Legends/ClashLegends-开发素材库/04-中间产物/素材加工/card_audio_batch/sett/txtp/Play_sfx_Sett_SettBasicAttack_cast {r1}.txtp,671dddadeab887709ad96339f63eccabdf435f64702fa8cd24a92bd56abaea42,.team0.form0.audio.attack_swing[0][0];.team0.form0.audio.attack_swing[2][0];.team1.form0.audio.attack_swing[0][0];.team1.form0.audio.attack_swing[2][0],
sett,腕豪,音效,assets/audio/units/sett/play_sfx_sett_settbasicattack_cast_r2.wav,未发现自动增益残留（波形确认）,,-0.002,-3.0,-3.0,0.99999998,/Users/czh/Projects/Clash Legends/ClashLegends-开发素材库/04-中间产物/素材加工/card_audio_batch/sett/txtp/Play_sfx_Sett_SettBasicAttack_cast {r2}.txtp,4e2d10783765b20720d72ae6ac02747f282af444547885258a60db593c6cdf9e,.team0.form0.audio.attack_swing[0][1];.team0.form0.audio.attack_swing[2][1];.team1.form0.audio.attack_swing[0][1];.team1.form0.audio.attack_swing[2][1],
sett,腕豪,音效,assets/audio/units/sett/play_sfx_sett_settbasicattack_cast_r3.wav,未发现自动增益残留（波形确认）,,-0.002,-3.0,-3.0,0.99999999,/Users/czh/Projects/Clash Legends/ClashLegends-开发素材库/04-中间产物/素材加工/card_audio_batch/sett/txtp/Play_sfx_Sett_SettBasicAttack_cast {r3}.txtp,09a2a70e892cab2475f072a1296f201d29f315d52408ad745344cae96e044b5a,.team0.form0.audio.attack_swing[0][2];.team0.form0.audio.attack_swing[2][2];.team1.form0.audio.attack_swing[0][2];.team1.form0.audio.attack_swing[2][2],
sett,腕豪,音效,assets/audio/units/sett/play_sfx_sett_settbasicattack_onhit_1559186049_1153642577_r1_d.wav,未发现自动增益残留（波形确认）,,-0.002,-5.0,-5.0,1.0,/Users/czh/Projects/Clash Legends/ClashLegends-开发素材库/04-中间产物/素材加工/card_audio_batch/sett/txtp/Play_sfx_Sett_SettBasicAttack_OnHit [1559186049=1153642577] {r1} {d}.txtp,ac9d100ab275873361f8d3c6c4befdb7042161bba291d25197a968d22dbbaaba,.team0.form0.audio.attack_hit[0];.team0.form0.audio.attack_hit_by_segment[0][0];.team1.form0.audio.attack_hit[0];.team1.form0.audio.attack_hit_by_segment[0][0],
sett,腕豪,音效,assets/audio/units/sett/play_sfx_sett_settbasicattack_onhit_1559186049_1153642577_r2_d.wav,未发现自动增益残留（波形确认）,,-0.002,-5.0,-5.0,0.99999999,/Users/czh/Projects/Clash Legends/ClashLegends-开发素材库/04-中间产物/素材加工/card_audio_batch/sett/txtp/Play_sfx_Sett_SettBasicAttack_OnHit [1559186049=1153642577] {r2} {d}.txtp,5631c1847f30e58125f8c1b91511a93b7390243f2c928db2ec324a610d489f47,.team0.form0.audio.attack_hit[1];.team0.form0.audio.attack_hit_by_segment[0][1];.team1.form0.audio.attack_hit[1];.team1.form0.audio.attack_hit_by_segment[0][1],
sett,腕豪,音效,assets/audio/units/sett/play_sfx_sett_settbasicattack_onhit_1559186049_1153642577_r3_d.wav,未发现自动增益残留（波形确认）,,-0.002,-5.0,-5.0,1.0,/Users/czh/Projects/Clash Legends/ClashLegends-开发素材库/04-中间产物/素材加工/card_audio_batch/sett/txtp/Play_sfx_Sett_SettBasicAttack_OnHit [1559186049=1153642577] {r3} {d}.txtp,39c0713dead2c65b8ab9ca1cfbdb7e2946fb3b8ca58783505874f140c828ffad,.team0.form0.audio.attack_hit[2];.team0.form0.audio.attack_hit_by_segment[0][2];.team1.form0.audio.attack_hit[2];.team1.form0.audio.attack_hit_by_segment[0][2],
sett,腕豪,音效,assets/audio/units/sett/play_sfx_sett_settw_cast_r1.wav,未发现自动增益残留（波形确认）,,-0.001,0.0,-0.0,1.0,/Users/czh/Projects/Clash Legends/ClashLegends-开发素材库/04-中间产物/素材加工/card_audio_batch/sett/txtp/Play_sfx_Sett_SettW_cast {r1}.txtp,433f0c5c391e3ff2cf13d0b59b5862f41af6c034dfa7078f1c9222643ff111e3,.team0.form0.audio.events.active:sustain.pool[0];.team1.form0.audio.events.active:sustain.pool[0],
sett,腕豪,音效,assets/audio/units/sett/play_sfx_sett_settw_cast_r2.wav,未发现自动增益残留（波形确认）,,-0.001,0.0,-0.0,1.0,/Users/czh/Projects/Clash Legends/ClashLegends-开发素材库/04-中间产物/素材加工/card_audio_batch/sett/txtp/Play_sfx_Sett_SettW_cast {r2}.txtp,9522e8e6e1480ffed8c1c78d90c88663b5692174eed0a5d5e1c36c62d79f9baa,.team0.form0.audio.events.active:sustain.pool[1];.team1.form0.audio.events.active:sustain.pool[1],
sett,腕豪,音效,assets/audio/units/sett/play_sfx_sett_settw_hit_center_sweetener_r1.wav,未发现自动增益残留（波形确认）,,-0.003,0.0,-0.0,0.99999998,/Users/czh/Projects/Clash Legends/ClashLegends-开发素材库/04-中间产物/素材加工/card_audio_batch/sett/txtp/Play_sfx_Sett_SettW_hit_center_sweetener {r1}.txtp,78e6f8cc350266659da28c0ab3354090a64c792478b5c02f364cf941efdc5a44,.team0.form0.audio.events.active:hit_center.pool[0];.team1.form0.audio.events.active:hit_center.pool[0],
sett,腕豪,音效,assets/audio/units/sett/play_sfx_sett_settw_hit_center_sweetener_r2.wav,未发现自动增益残留（波形确认）,,-0.003,0.0,-0.0,0.99999998,/Users/czh/Projects/Clash Legends/ClashLegends-开发素材库/04-中间产物/素材加工/card_audio_batch/sett/txtp/Play_sfx_Sett_SettW_hit_center_sweetener {r2}.txtp,7d8ff3895bf0d64bd496a348181bd544ae58ca1bd8af3c3a1c4d8ebc589f847c,.team0.form0.audio.events.active:hit_center.pool[1];.team1.form0.audio.events.active:hit_center.pool[1],
sett,腕豪,音效,assets/audio/units/sett/play_sfx_sett_settw_hit_r1.wav,未发现自动增益残留（波形确认）,,-0.001,0.0,-0.0,1.0,/Users/czh/Projects/Clash Legends/ClashLegends-开发素材库/04-中间产物/素材加工/card_audio_batch/sett/txtp/Play_sfx_Sett_SettW_hit {r1}.txtp,f67a25352740c1f6f5464167c5e0a3ec462c15c236fbb43425c4723f0499b0a7,.team0.form0.audio.events.active:hit.pool[0];.team1.form0.audio.events.active:hit.pool[0],
sett,腕豪,音效,assets/audio/units/sett/play_sfx_sett_settw_hit_r2.wav,未发现自动增益残留（波形确认）,,-0.001,0.0,-0.0,1.0,/Users/czh/Projects/Clash Legends/ClashLegends-开发素材库/04-中间产物/素材加工/card_audio_batch/sett/txtp/Play_sfx_Sett_SettW_hit {r2}.txtp,46349e1e6d3bf89f50ff29f4181ddc726f7ac25195f6bc4312dd6664c34eebc5,.team0.form0.audio.events.active:hit.pool[1];.team1.form0.audio.events.active:hit.pool[1],
sett,腕豪,音效,assets/audio/units/sett/play_sfx_sett_settw_maxed_cast.wav,未发现自动增益残留（波形确认）,,-0.001,0.0,-0.0,1.0,/Users/czh/Projects/Clash Legends/ClashLegends-开发素材库/04-中间产物/素材加工/card_audio_batch/sett/txtp/Play_sfx_Sett_SettW_maxed_cast.txtp,6554e94833ae89c1acf9a496d16a0eb78d7eb941db3538bb0d7473422478deb2,.team0.form0.audio.events.active_strong:sustain.pool[0];.team1.form0.audio.events.active_strong:sustain.pool[0],
sett,腕豪,音效,assets/audio/units/sett/play_sfx_sett_settw_maxed_hit_center_sweetener_r1.wav,未发现自动增益残留（波形确认）,,-0.002,0.0,-0.0,0.99999999,/Users/czh/Projects/Clash Legends/ClashLegends-开发素材库/04-中间产物/素材加工/card_audio_batch/sett/txtp/Play_sfx_Sett_SettW_maxed_hit_center_sweetener {r1}.txtp,08fbc8e31c234ed90425a0dfe1d26a65dd615b0f87286eb70b952fe94911cedd,.team0.form0.audio.events.active_strong:hit_center.pool[0];.team1.form0.audio.events.active_strong:hit_center.pool[0],
sett,腕豪,音效,assets/audio/units/sett/play_sfx_sett_settw_maxed_hit_center_sweetener_r2.wav,未发现自动增益残留（波形确认）,,-0.002,0.0,-0.0,0.99999999,/Users/czh/Projects/Clash Legends/ClashLegends-开发素材库/04-中间产物/素材加工/card_audio_batch/sett/txtp/Play_sfx_Sett_SettW_maxed_hit_center_sweetener {r2}.txtp,657bdf2b59e5861057e5594a63f86d8a499c386038a8bdd5cbdb26fe08c447f4,.team0.form0.audio.events.active_strong:hit_center.pool[1];.team1.form0.audio.events.active_strong:hit_center.pool[1],
sett,腕豪,音效,assets/audio/units/sett/play_sfx_sett_settw_maxed_hit_r1.wav,未发现自动增益残留（波形确认）,,-0.001,0.0,-0.0,1.0,/Users/czh/Projects/Clash Legends/ClashLegends-开发素材库/04-中间产物/素材加工/card_audio_batch/sett/txtp/Play_sfx_Sett_SettW_maxed_hit {r1}.txtp,f29a85cb750ed4073f9c4f2fa379be7f1aa47c163de184d1a257a2873c35aaf5,.team0.form0.audio.events.active_strong:hit.pool[0];.team1.form0.audio.events.active_strong:hit.pool[0],
sett,腕豪,音效,assets/audio/units/sett/play_sfx_sett_settw_maxed_hit_r2.wav,未发现自动增益残留（波形确认）,,-0.001,0.0,-0.0,1.0,/Users/czh/Projects/Clash Legends/ClashLegends-开发素材库/04-中间产物/素材加工/card_audio_batch/sett/txtp/Play_sfx_Sett_SettW_maxed_hit {r2}.txtp,78feeece5ceb35baf0b0daf381ff9bd0617c0a0d0327608a5da4c346e0352a6b,.team0.form0.audio.events.active_strong:hit.pool[1];.team1.form0.audio.events.active_strong:hit.pool[1],
sett,腕豪,语音,assets/audio/units/sett/play_vo_sett_death3d_r10_zh_cn.wav,自动增益残留（波形确认）,6.0,-0.002,0.0,6.0,0.99999999,/Users/czh/Projects/Clash Legends/ClashLegends-开发素材库/04-中间产物/素材加工/card_audio_batch/sett_vo/txtp/Play_vo_Sett_Death3D {r10}.txtp,19290555c74ede49950f7e1582044220c39ddf04b3760afdebb19483dfc60ee1,.team0.form0.audio.events.death.pool[0];.team1.form0.audio.events.death.pool[0],
sett,腕豪,语音,assets/audio/units/sett/play_vo_sett_death3d_r11_zh_cn.wav,自动增益残留（波形确认）,6.0,-0.001,0.0,6.0,1.0,/Users/czh/Projects/Clash Legends/ClashLegends-开发素材库/04-中间产物/素材加工/card_audio_batch/sett_vo/txtp/Play_vo_Sett_Death3D {r11}.txtp,462cf2813e3838c705fc5a48818eb3e53557f5dcb16ac0d62d33e809b420f516,.team0.form0.audio.events.death.pool[1];.team1.form0.audio.events.death.pool[1],
sett,腕豪,语音,assets/audio/units/sett/play_vo_sett_death3d_r1_zh_cn.wav,自动增益残留（波形确认）,6.0,-0.001,0.0,6.0,1.0,/Users/czh/Projects/Clash Legends/ClashLegends-开发素材库/04-中间产物/素材加工/card_audio_batch/sett_vo/txtp/Play_vo_Sett_Death3D {r1}.txtp,c27ce0566f418ea5d375efcc7d3a9cbe29dcf0a6b0aef8276692a442c0ef9d3e,.team0.form0.audio.events.death.pool[2];.team1.form0.audio.events.death.pool[2],
shurima_guard,恕瑞玛卫队,音效,assets/audio/units/shurima_guard/play_sfx_azir_azirbasicattacksoldier_cast1_r1.wav,未发现自动增益残留（波形确认）,,-0.003,-5.0,-5.0,0.99999998,/Users/czh/Projects/Clash Legends/ClashLegends-开发素材库/04-中间产物/素材加工/card_audio_batch/azir/txtp/Play_sfx_Azir_AzirBasicAttackSoldier_cast1 {r1}.txtp,9fd5d23634a3e3d59fd661e194c318f9110029e36112bbe00f3616d950dc474e,.team0.form0.audio.attack_swing[0][0];.team1.form0.audio.attack_swing[0][0],
shurima_guard,恕瑞玛卫队,音效,assets/audio/units/shurima_guard/play_sfx_azir_azirbasicattacksoldier_cast1_r2.wav,未发现自动增益残留（波形确认）,,-0.003,-5.0,-5.0,0.99999997,/Users/czh/Projects/Clash Legends/ClashLegends-开发素材库/04-中间产物/素材加工/card_audio_batch/azir/txtp/Play_sfx_Azir_AzirBasicAttackSoldier_cast1 {r2}.txtp,11d266131e85fdc3ebafc1e0380be577f512116a05b855152a4151cebc376109,.team0.form0.audio.attack_swing[0][1];.team1.form0.audio.attack_swing[0][1],
shurima_guard,恕瑞玛卫队,音效,assets/audio/units/shurima_guard/play_sfx_azir_azirbasicattacksoldier_cast2_r1.wav,未发现自动增益残留（波形确认）,,-0.003,-5.0,-5.0,0.99999998,/Users/czh/Projects/Clash Legends/ClashLegends-开发素材库/04-中间产物/素材加工/card_audio_batch/azir/txtp/Play_sfx_Azir_AzirBasicAttackSoldier_cast2 {r1}.txtp,e0241b50e9dce1468763035fb17ad82f35cd2c792d497440bea4eadcb4acdb75,.team0.form0.audio.attack_swing[1][0];.team1.form0.audio.attack_swing[1][0],
shurima_guard,恕瑞玛卫队,音效,assets/audio/units/shurima_guard/play_sfx_azir_azirbasicattacksoldier_cast2_r2.wav,未发现自动增益残留（波形确认）,,-0.003,-5.0,-5.0,0.99999997,/Users/czh/Projects/Clash Legends/ClashLegends-开发素材库/04-中间产物/素材加工/card_audio_batch/azir/txtp/Play_sfx_Azir_AzirBasicAttackSoldier_cast2 {r2}.txtp,e2113d1e911722ccf45eee4b920d0ac97783e26fe31b2528b0962befedfb754a,.team0.form0.audio.attack_swing[1][1];.team1.form0.audio.attack_swing[1][1],
shurima_guard,恕瑞玛卫队,音效,assets/audio/units/shurima_guard/play_sfx_azir_azirbasicattacksoldier_cast3_r1.wav,未发现自动增益残留（波形确认）,,-0.003,-5.0,-5.0,0.99999998,/Users/czh/Projects/Clash Legends/ClashLegends-开发素材库/04-中间产物/素材加工/card_audio_batch/azir/txtp/Play_sfx_Azir_AzirBasicAttackSoldier_cast3 {r1} {d}.txtp,e0241b50e9dce1468763035fb17ad82f35cd2c792d497440bea4eadcb4acdb75,.team0.form0.audio.attack_swing[2][0];.team1.form0.audio.attack_swing[2][0],
shurima_guard,恕瑞玛卫队,音效,assets/audio/units/shurima_guard/play_sfx_azir_azirbasicattacksoldier_cast3_r2.wav,未发现自动增益残留（波形确认）,,-0.003,-5.0,-5.0,0.99999997,/Users/czh/Projects/Clash Legends/ClashLegends-开发素材库/04-中间产物/素材加工/card_audio_batch/azir/txtp/Play_sfx_Azir_AzirBasicAttackSoldier_cast3 {r2} {d}.txtp,e2113d1e911722ccf45eee4b920d0ac97783e26fe31b2528b0962befedfb754a,.team0.form0.audio.attack_swing[2][1];.team1.form0.audio.attack_swing[2][1],
shurima_guard,恕瑞玛卫队,音效,assets/audio/units/shurima_guard/play_sfx_azir_azirbasicattacksoldier_onhit_r1.wav,未发现自动增益残留（波形确认）,,-0.002,-4.0,-4.0,0.99999999,/Users/czh/Projects/Clash Legends/ClashLegends-开发素材库/04-中间产物/素材加工/card_audio_batch/azir/txtp/Play_sfx_Azir_AzirBasicAttackSoldier_OnHit [1559186049=1153642577] {r1}.txtp,f5454a322d5196b192b02f99b3d17634e3603054c5b59ec0ae96ba9f7e76bea3,.team0.form0.audio.attack_hit[0];.team1.form0.audio.attack_hit[0],
shurima_guard,恕瑞玛卫队,音效,assets/audio/units/shurima_guard/play_sfx_azir_azirbasicattacksoldier_onhit_r2.wav,未发现自动增益残留（波形确认）,,-0.002,-4.0,-4.0,0.99999999,/Users/czh/Projects/Clash Legends/ClashLegends-开发素材库/04-中间产物/素材加工/card_audio_batch/azir/txtp/Play_sfx_Azir_AzirBasicAttackSoldier_OnHit [1559186049=1153642577] {r2}.txtp,73444b33096fe9a24f3b44d9abf31f2ea280cc22ee8424fa06ebd8fa377d7b14,.team0.form0.audio.attack_hit[1];.team1.form0.audio.attack_hit[1],
shurima_guard,恕瑞玛卫队,音效,assets/audio/units/shurima_guard/play_sfx_azir_azireshield_onbuffcast_r1.wav,未发现自动增益残留（波形确认）,,-0.002,0.0,-0.0,1.0,/Users/czh/Projects/Clash Legends/ClashLegends-开发素材库/04-中间产物/素材加工/card_audio_batch/azir/txtp/Play_sfx_Azir_AzirEShield_OnBuffCast {r1}.txtp,d62a0e06907dec7da86a41e1262aebcb6b5a14b99ca310943365dfa91f0571a4,.team0.form0.audio.events.active:cast.pool[0];.team1.form0.audio.events.active:cast.pool[0],
shurima_guard,恕瑞玛卫队,音效,assets/audio/units/shurima_guard/play_sfx_azir_azirwspawnsound_onbuffcast_r1.wav,未发现自动增益残留（波形确认）,,-0.001,-5.0,-5.0,1.0,/Users/czh/Projects/Clash Legends/ClashLegends-开发素材库/04-中间产物/素材加工/card_audio_batch/azir/txtp/Play_sfx_Azir_AzirWSpawnSound_OnBuffCast {r1}.txtp,ca6e4eb3f41b32a55e88cf4a437d18fdc78df69cca2d24601611882fd366c941,.team0.form0.audio.events.deploy:start.pool[0];.team1.form0.audio.events.deploy:start.pool[0],
shurima_guard,恕瑞玛卫队,音效,assets/audio/units/shurima_guard/play_sfx_azir_azirwspawnsound_onbuffcast_r2.wav,未发现自动增益残留（波形确认）,,-0.001,-5.0,-5.0,1.0,/Users/czh/Projects/Clash Legends/ClashLegends-开发素材库/04-中间产物/素材加工/card_audio_batch/azir/txtp/Play_sfx_Azir_AzirWSpawnSound_OnBuffCast {r2}.txtp,3307209ef840e137d721f9847fd00a50a1b69499cb69f1d1e00596fbd7895bc5,.team0.form0.audio.events.deploy:start.pool[1];.team1.form0.audio.events.deploy:start.pool[1],
shurima_guard,恕瑞玛卫队,音效,assets/audio/units/shurima_guard/play_sfx_azir_azirwspawnsound_onbuffdeactivate_r1.wav,未发现自动增益残留（波形确认）,,-0.004,-5.0,-5.0,0.99999998,/Users/czh/Projects/Clash Legends/ClashLegends-开发素材库/04-中间产物/素材加工/card_audio_batch/azir/txtp/Play_sfx_Azir_AzirWSpawnSound_OnBuffDeactivate {r1}.txtp,3618be8e68ba7990089971f4149c5360a163dd354c3df7869b1ee66203ae5800,.team0.form0.audio.events.death.pool[0];.team1.form0.audio.events.death.pool[0],
shurima_guard,恕瑞玛卫队,音效,assets/audio/units/shurima_guard/play_sfx_azir_azirwspawnsound_onbuffdeactivate_r2.wav,未发现自动增益残留（波形确认）,,-0.004,-5.0,-5.0,0.99999997,/Users/czh/Projects/Clash Legends/ClashLegends-开发素材库/04-中间产物/素材加工/card_audio_batch/azir/txtp/Play_sfx_Azir_AzirWSpawnSound_OnBuffDeactivate {r2}.txtp,94fb099651d5311f55b19211237eccf5025a61cd874d2bdc36351685b12df0ca,.team0.form0.audio.events.death.pool[1];.team1.form0.audio.events.death.pool[1],
siege_minion,炮车兵,音效,assets/audio/units/siege_minion/chaos/play_sfx_sru_chaosminionsiege_sru_chaosminionsiegebasicattack_onhit_r1.wav,未发现自动增益残留（波形确认）,,-0.084,0.0,-0.08,0.99998918,/Users/czh/Projects/Clash Legends/ClashLegends-开发素材库/04-中间产物/素材加工/shared_audio_review/named_txtp/npc_global_minions_chaossiege_sfx_events-0021-event {r1} {d}.txtp,fc3722dae98e98f31b927faa7ea3c39074188c851eec1d59d62ac9889bc57a36,.team1.form0.audio.attack_hit_by_segment[0][0];.team1.form0.audio.attack_hit_by_segment[1][0],
siege_minion,炮车兵,音效,assets/audio/units/siege_minion/chaos/play_sfx_sru_chaosminionsiege_sru_chaosminionsiegebasicattack_onhit_r2.wav,未发现自动增益残留（波形确认）,,-0.08,0.0,-0.08,0.99998847,/Users/czh/Projects/Clash Legends/ClashLegends-开发素材库/04-中间产物/素材加工/shared_audio_review/named_txtp/npc_global_minions_chaossiege_sfx_events-0021-event {r2} {d}.txtp,b5a15751a66aee232358248d92a17cca1eec997f0c3babbb5a505dd27e1c8da3,.team1.form0.audio.attack_hit_by_segment[0][1];.team1.form0.audio.attack_hit_by_segment[1][1],
siege_minion,炮车兵,音效,assets/audio/units/siege_minion/chaos/play_sfx_sru_chaosminionsiege_sru_chaosminionsiegebasicattack_onhit_r3.wav,未发现自动增益残留（波形确认）,,-0.08,0.0,-0.08,0.99998898,/Users/czh/Projects/Clash Legends/ClashLegends-开发素材库/04-中间产物/素材加工/shared_audio_review/named_txtp/npc_global_minions_chaossiege_sfx_events-0021-event {r3} {d}.txtp,bdec49cd21befb5a7645c734473ffbece17e600b4aa486675e7119ead8bb6edf,.team1.form0.audio.attack_hit_by_segment[0][2];.team1.form0.audio.attack_hit_by_segment[1][2],
siege_minion,炮车兵,音效,assets/audio/units/siege_minion/chaos/play_sfx_sru_chaosminionsiege_sru_chaosminionsiegebasicattack_onmissilecast_r1.wav,未发现自动增益残留（波形确认）,,-0.079,0.0,-0.08,0.99998845,/Users/czh/Projects/Clash Legends/ClashLegends-开发素材库/04-中间产物/素材加工/shared_audio_review/named_txtp/npc_global_minions_chaossiege_sfx_events-0019-event {r1}.txtp,96e2d91d774e8d0a2bc3ce02700ab212737b9c8ab13dbe1f06630f0c206711a4,.team1.form0.audio.events.attack_missile_cast.pool[0],
siege_minion,炮车兵,音效,assets/audio/units/siege_minion/chaos/play_sfx_sru_chaosminionsiege_sru_chaosminionsiegebasicattack_onmissilecast_r2.wav,未发现自动增益残留（波形确认）,,-0.076,0.0,-0.08,0.99998906,/Users/czh/Projects/Clash Legends/ClashLegends-开发素材库/04-中间产物/素材加工/shared_audio_review/named_txtp/npc_global_minions_chaossiege_sfx_events-0019-event {r2}.txtp,f6742053c6f73da87deb88f0977c0308491e0d90704e8a6015c21097c4efddf6,.team1.form0.audio.events.attack_missile_cast.pool[1],
siege_minion,炮车兵,音效,assets/audio/units/siege_minion/chaos/play_sfx_sru_chaosminionsiege_sru_chaosminionsiegebasicattack_onmissilecast_r3.wav,未发现自动增益残留（波形确认）,,-0.072,0.0,-0.07,0.99999081,/Users/czh/Projects/Clash Legends/ClashLegends-开发素材库/04-中间产物/素材加工/shared_audio_review/named_txtp/npc_global_minions_chaossiege_sfx_events-0019-event {r3}.txtp,411d6101bfc402b5247c5dd5ff99b64968bdd0fb67a4fd16a3eff03ab2b03986,.team1.form0.audio.events.attack_missile_cast.pool[2],
siege_minion,炮车兵,音效,assets/audio/units/siege_minion/order/play_sfx_sru_orderminionsiege_sru_orderminionsiegebasicattack_oncast_r1.wav,未发现自动增益残留（波形确认）,,-0.104,0.0,-0.1,0.99997232,/Users/czh/Projects/Clash Legends/ClashLegends-开发素材库/04-中间产物/素材加工/shared_audio_review/named_txtp/npc_global_minions_ordersiege_sfx_events-0017-event {r1}.txtp,deb7346c34e9de543da67edd5a6d215563348666da7fa4fa92946a45471f943a,.team0.form0.audio.attack_swing[0][0];.team0.form0.audio.attack_swing[1][0],
siege_minion,炮车兵,音效,assets/audio/units/siege_minion/order/play_sfx_sru_orderminionsiege_sru_orderminionsiegebasicattack_oncast_r2.wav,未发现自动增益残留（波形确认）,,-0.101,0.0,-0.1,0.99997754,/Users/czh/Projects/Clash Legends/ClashLegends-开发素材库/04-中间产物/素材加工/shared_audio_review/named_txtp/npc_global_minions_ordersiege_sfx_events-0017-event {r2}.txtp,b9e03a7a71a8a26794213609e297bcb83c63890338045ee774d54001bec0b928,.team0.form0.audio.attack_swing[0][1];.team0.form0.audio.attack_swing[1][1],
siege_minion,炮车兵,音效,assets/audio/units/siege_minion/order/play_sfx_sru_orderminionsiege_sru_orderminionsiegebasicattack_oncast_r3.wav,未发现自动增益残留（波形确认）,,-0.101,0.0,-0.1,0.99997627,/Users/czh/Projects/Clash Legends/ClashLegends-开发素材库/04-中间产物/素材加工/shared_audio_review/named_txtp/npc_global_minions_ordersiege_sfx_events-0017-event {r3}.txtp,5de5197a85244d9d4381de70919a710f1d8237ef2d44a6bfa4adf68422807916,.team0.form0.audio.attack_swing[0][2];.team0.form0.audio.attack_swing[1][2],
siege_minion,炮车兵,音效,assets/audio/units/siege_minion/order/play_sfx_sru_orderminionsiege_sru_orderminionsiegebasicattack_onhit_r1.wav,未发现自动增益残留（波形确认）,,-0.074,0.0,-0.07,0.99998783,/Users/czh/Projects/Clash Legends/ClashLegends-开发素材库/04-中间产物/素材加工/shared_audio_review/named_txtp/npc_global_minions_ordersiege_sfx_events-0021-event {r1}.txtp,de8705b4bd0d51598c1b566182db20d847f32252e2b3e6b4c803267bf84a58c3,.team0.form0.audio.attack_hit_by_segment[0][0];.team0.form0.audio.attack_hit_by_segment[1][0],
siege_minion,炮车兵,音效,assets/audio/units/siege_minion/order/play_sfx_sru_orderminionsiege_sru_orderminionsiegebasicattack_onhit_r2.wav,未发现自动增益残留（波形确认）,,-0.081,0.0,-0.08,0.99998764,/Users/czh/Projects/Clash Legends/ClashLegends-开发素材库/04-中间产物/素材加工/shared_audio_review/named_txtp/npc_global_minions_ordersiege_sfx_events-0021-event {r2}.txtp,0ca737f940baece39b4d0dbb510f49a776b4705b8949d1a29801127911083a85,.team0.form0.audio.attack_hit_by_segment[0][1];.team0.form0.audio.attack_hit_by_segment[1][1],
siege_minion,炮车兵,音效,assets/audio/units/siege_minion/order/play_sfx_sru_orderminionsiege_sru_orderminionsiegebasicattack_onhit_r3.wav,未发现自动增益残留（波形确认）,,-0.083,0.0,-0.08,0.99998728,/Users/czh/Projects/Clash Legends/ClashLegends-开发素材库/04-中间产物/素材加工/shared_audio_review/named_txtp/npc_global_minions_ordersiege_sfx_events-0021-event {r3}.txtp,fe4af6a78f0f5562d45cb5a75f10fbc5ed92005012d75dfdbae71d2f23608d7d,.team0.form0.audio.attack_hit_by_segment[0][2];.team0.form0.audio.attack_hit_by_segment[1][2],
sion,赛恩,音效,assets/audio/units/sion/death_sfx.wav,加工/合成源仍有auto（净值不以直比估算）,,,0.0,,0.63041225,/Users/czh/Projects/Clash Legends/ClashLegends-开发素材库/03-制作中/赛恩/audio/sion/txtp/Play_sfx_Sion_Death3D_cast.txtp,8dd66e13be68a39ad77dc5cbf88fc703667ed34bdf3ca53e5a67c384779fcd0f,.team0.form1.audio.events.death.pool[0];.team1.form1.audio.events.death.pool[0],
sion,赛恩,语音,assets/audio/units/sion/deploy_battle.wav,自动增益残留（波形确认）,17.0,0.0,0.0,17.0,1.0,/Users/czh/Projects/Clash Legends/ClashLegends-开发素材库/03-制作中/赛恩/voice_battle/txtp/Play_vo_Sion_Move2DFirst {r2}.txtp,af821361c70e2763848d4463ade7bde87c98d145937cf505149927c711b47c0b,.team0.form0.audio.events.deploy:voice.pool[0];.team1.form0.audio.events.deploy:voice.pool[0],
sion,赛恩,语音,assets/audio/units/sion/deploy_crush.wav,自动增益残留（波形确认）,15.0,0.0,0.0,15.0,1.0,/Users/czh/Projects/Clash Legends/ClashLegends-开发素材库/03-制作中/赛恩/voice_crush/txtp/Play_vo_Sion_SionQSoundAfterHalf_OnBuffDeactivate {r4}.txtp,4f012d1978436d63060f546d11e23562a27beac88699254b6dacbee9bfc80e54,.team0.form0.audio.events.deploy:voice.pool[1];.team1.form0.audio.events.deploy:voice.pool[1],
sion,赛恩,语音,assets/audio/units/sion/deploy_dying.wav,自动增益残留（波形确认）,15.0,-0.0,0.0,15.0,1.0,/Users/czh/Projects/Clash Legends/ClashLegends-开发素材库/03-制作中/赛恩/voice_dying/txtp/Play_vo_Sion_SionWSoundShield_OnBuffCast {r6}.txtp,17a9990479d74022f747143972dc116b1932b4c9214799c2b68fd8db94e55807,.team0.form0.audio.events.deploy:voice.pool[2];.team1.form0.audio.events.deploy:voice.pool[2],
sion,赛恩,语音,assets/audio/units/sion/passive_death_0.wav,自动增益残留（波形确认）,13.0,-0.0,0.0,13.0,1.0,/Users/czh/Projects/Clash Legends/ClashLegends-开发素材库/03-制作中/赛恩/passive_death_voice/txtp/Play_vo_Sion_SionPassiveZombie_OnBuffDeactivate {r1}.txtp,c151761ff0df9a67c3f09e1035186c69d7bbe949ead241446a8068d8cfc5c28a,.team0.form1.audio.events.death:voice.pool[0];.team1.form1.audio.events.death:voice.pool[0],
sion,赛恩,语音,assets/audio/units/sion/passive_death_1.wav,自动增益残留（波形确认）,13.0,0.0,0.0,13.0,1.0,/Users/czh/Projects/Clash Legends/ClashLegends-开发素材库/03-制作中/赛恩/passive_death_voice/txtp/Play_vo_Sion_SionPassiveZombie_OnBuffDeactivate {r2}.txtp,8a41c3bd625fb1f79ad65df73e978bef103fd1c308cb81a623c6448ee02f7d72,.team0.form1.audio.events.death:voice.pool[1];.team1.form1.audio.events.death:voice.pool[1],
sion,赛恩,语音,assets/audio/units/sion/passive_death_2.wav,自动增益残留（波形确认）,13.0,-0.0,0.0,13.0,1.0,/Users/czh/Projects/Clash Legends/ClashLegends-开发素材库/03-制作中/赛恩/passive_death_voice/txtp/Play_vo_Sion_SionPassiveZombie_OnBuffDeactivate {r3}.txtp,a5231af8821abfa4e3b437f65b977c6fb28edbafda5e61b2016d21e225a4c997,.team0.form1.audio.events.death:voice.pool[2];.team1.form1.audio.events.death:voice.pool[2],
sion,赛恩,音效,assets/audio/units/sion/play_sfx_sion_sionbasicattackpassive2_oncast_r1.wav,自动增益残留（波形确认）,15.0,-0.001,-3.0,12.0,1.0,/Users/czh/Projects/Clash Legends/ClashLegends-开发素材库/03-制作中/赛恩/audio/sion/txtp/Play_sfx_Sion_SionBasicAttackPassive2_OnCast {r1}.txtp,cdacde42967ad7cb61bc22885a3781265f4258db813138503bcf6b446f7bae0b,.team0.form1.audio.attack_swing[1][0];.team1.form1.audio.attack_swing[1][0],
sion,赛恩,音效,assets/audio/units/sion/play_sfx_sion_sionbasicattackpassive2_oncast_r2.wav,自动增益残留（波形确认）,15.0,-0.001,-3.0,12.0,1.0,/Users/czh/Projects/Clash Legends/ClashLegends-开发素材库/03-制作中/赛恩/audio/sion/txtp/Play_sfx_Sion_SionBasicAttackPassive2_OnCast {r2}.txtp,45e8f53f0a1e02734cbab795ffe6ee0f923d610613659b3da1cd477b057de83a,.team0.form1.audio.attack_swing[1][1];.team1.form1.audio.attack_swing[1][1],
sion,赛恩,音效,assets/audio/units/sion/play_sfx_sion_sionbasicattackpassive2_oncast_r3.wav,自动增益残留（波形确认）,15.0,-0.001,-3.0,12.0,1.0,/Users/czh/Projects/Clash Legends/ClashLegends-开发素材库/03-制作中/赛恩/audio/sion/txtp/Play_sfx_Sion_SionBasicAttackPassive2_OnCast {r3}.txtp,9cdad541c3ee482cc71c0416ec918726ef3fbb7b4ddada17ebd28612e4a45910,.team0.form1.audio.attack_swing[1][2];.team1.form1.audio.attack_swing[1][2],
sion,赛恩,音效,assets/audio/units/sion/play_sfx_sion_sionbasicattackpassive2_onhit_r1.wav,自动增益残留（波形确认）,16.0,-0.001,-5.0,11.0,1.0,/Users/czh/Projects/Clash Legends/ClashLegends-开发素材库/03-制作中/赛恩/audio/sion/txtp/Play_sfx_Sion_SionBasicAttackPassive2_OnHit {r1}.txtp,2e74d26a2a8b343c80cd45906daafa2a5832806d22c13770a2c053f9826bfba8,.team0.form1.audio.attack_hit_by_segment[1][0];.team1.form1.audio.attack_hit_by_segment[1][0],
sion,赛恩,音效,assets/audio/units/sion/play_sfx_sion_sionbasicattackpassive2_onhit_r2.wav,自动增益残留（波形确认）,16.0,-0.001,-5.0,11.0,1.0,/Users/czh/Projects/Clash Legends/ClashLegends-开发素材库/03-制作中/赛恩/audio/sion/txtp/Play_sfx_Sion_SionBasicAttackPassive2_OnHit {r2}.txtp,431f82de3e370b39b055cecc25e2c8eeca8dffa56a5a66bc1d08ab83698869f8,.team0.form1.audio.attack_hit_by_segment[1][1];.team1.form1.audio.attack_hit_by_segment[1][1],
sion,赛恩,音效,assets/audio/units/sion/play_sfx_sion_sionbasicattackpassive2_onhit_r3.wav,自动增益残留（波形确认）,16.0,-0.001,-5.0,11.0,1.0,/Users/czh/Projects/Clash Legends/ClashLegends-开发素材库/03-制作中/赛恩/audio/sion/txtp/Play_sfx_Sion_SionBasicAttackPassive2_OnHit {r3}.txtp,ff7e66af9b0d3f41261dc15ecdfc6fbe5ae3743da143807c6e344421d30c7559,.team0.form1.audio.attack_hit_by_segment[1][2];.team1.form1.audio.attack_hit_by_segment[1][2],
sion,赛恩,音效,assets/audio/units/sion/play_sfx_sion_sionbasicattackpassive_oncast_r1_d.wav,自动增益残留（波形确认）,15.0,-0.001,-3.0,12.0,1.0,/Users/czh/Projects/Clash Legends/ClashLegends-开发素材库/03-制作中/赛恩/audio/sion/txtp/Play_sfx_Sion_SionBasicAttackPassive_OnCast {r1} {d}.txtp,cdacde42967ad7cb61bc22885a3781265f4258db813138503bcf6b446f7bae0b,.team0.form1.audio.attack_swing[0][0];.team1.form1.audio.attack_swing[0][0],
sion,赛恩,音效,assets/audio/units/sion/play_sfx_sion_sionbasicattackpassive_oncast_r2_d.wav,自动增益残留（波形确认）,15.0,-0.001,-3.0,12.0,1.0,/Users/czh/Projects/Clash Legends/ClashLegends-开发素材库/03-制作中/赛恩/audio/sion/txtp/Play_sfx_Sion_SionBasicAttackPassive_OnCast {r2} {d}.txtp,45e8f53f0a1e02734cbab795ffe6ee0f923d610613659b3da1cd477b057de83a,.team0.form1.audio.attack_swing[0][1];.team1.form1.audio.attack_swing[0][1],
sion,赛恩,音效,assets/audio/units/sion/play_sfx_sion_sionbasicattackpassive_oncast_r3_d.wav,自动增益残留（波形确认）,15.0,-0.001,-3.0,12.0,1.0,/Users/czh/Projects/Clash Legends/ClashLegends-开发素材库/03-制作中/赛恩/audio/sion/txtp/Play_sfx_Sion_SionBasicAttackPassive_OnCast {r3} {d}.txtp,9cdad541c3ee482cc71c0416ec918726ef3fbb7b4ddada17ebd28612e4a45910,.team0.form1.audio.attack_swing[0][2];.team1.form1.audio.attack_swing[0][2],
sion,赛恩,音效,assets/audio/units/sion/play_sfx_sion_sionbasicattackpassive_onhit_r1_d.wav,自动增益残留（波形确认）,16.0,-0.001,-5.0,11.0,1.0,/Users/czh/Projects/Clash Legends/ClashLegends-开发素材库/03-制作中/赛恩/audio/sion/txtp/Play_sfx_Sion_SionBasicAttackPassive_OnHit {r1} {d}.txtp,2e74d26a2a8b343c80cd45906daafa2a5832806d22c13770a2c053f9826bfba8,.team0.form1.audio.attack_hit_by_segment[0][0];.team1.form1.audio.attack_hit_by_segment[0][0],
sion,赛恩,音效,assets/audio/units/sion/play_sfx_sion_sionbasicattackpassive_onhit_r2_d.wav,自动增益残留（波形确认）,16.0,-0.001,-5.0,11.0,1.0,/Users/czh/Projects/Clash Legends/ClashLegends-开发素材库/03-制作中/赛恩/audio/sion/txtp/Play_sfx_Sion_SionBasicAttackPassive_OnHit {r2} {d}.txtp,431f82de3e370b39b055cecc25e2c8eeca8dffa56a5a66bc1d08ab83698869f8,.team0.form1.audio.attack_hit_by_segment[0][1];.team1.form1.audio.attack_hit_by_segment[0][1],
sion,赛恩,音效,assets/audio/units/sion/play_sfx_sion_sionbasicattackpassive_onhit_r3_d.wav,自动增益残留（波形确认）,16.0,-0.001,-5.0,11.0,1.0,/Users/czh/Projects/Clash Legends/ClashLegends-开发素材库/03-制作中/赛恩/audio/sion/txtp/Play_sfx_Sion_SionBasicAttackPassive_OnHit {r3} {d}.txtp,ff7e66af9b0d3f41261dc15ecdfc6fbe5ae3743da143807c6e344421d30c7559,.team0.form1.audio.attack_hit_by_segment[0][2];.team1.form1.audio.attack_hit_by_segment[0][2],
sion,赛恩,音效,assets/audio/units/sion/play_sfx_sion_sionbasicattacktower2_oncast_r1.wav,自动增益残留（波形确认）,16.0,-0.001,-3.0,13.0,1.0,/Users/czh/Projects/Clash Legends/ClashLegends-开发素材库/03-制作中/赛恩/audio/sion/txtp/Play_sfx_Sion_SionBasicAttackTower2_OnCast {r1}.txtp,b9ab4febff50b06fe08684fa9e07a90619312b81fcd5a65ae3cc5cbb54ffe61b,.team0.form0.audio.attack_swing[0][0];.team1.form0.audio.attack_swing[0][0],
sion,赛恩,音效,assets/audio/units/sion/play_sfx_sion_sionbasicattacktower2_oncast_r2.wav,自动增益残留（波形确认）,16.0,-0.001,-3.0,13.0,1.0,/Users/czh/Projects/Clash Legends/ClashLegends-开发素材库/03-制作中/赛恩/audio/sion/txtp/Play_sfx_Sion_SionBasicAttackTower2_OnCast {r2}.txtp,0048288bda35b9bfb4ffae88899e38881148b32437e5712ca8ea49740885fb46,.team0.form0.audio.attack_swing[0][1];.team1.form0.audio.attack_swing[0][1],
sion,赛恩,音效,assets/audio/units/sion/play_sfx_sion_sionbasicattacktower2_oncast_r3.wav,自动增益残留（波形确认）,16.0,-0.001,-3.0,13.0,1.0,/Users/czh/Projects/Clash Legends/ClashLegends-开发素材库/03-制作中/赛恩/audio/sion/txtp/Play_sfx_Sion_SionBasicAttackTower2_OnCast {r3}.txtp,0b49682def34c9b5af45421a09dcb2c2a51d501615b268a05d95e7800293c477,.team0.form0.audio.attack_swing[0][2];.team1.form0.audio.attack_swing[0][2],
sion,赛恩,音效,assets/audio/units/sion/play_sfx_sion_sionbasicattacktower2_onhit_r1.wav,自动增益残留（波形确认）,15.0,-0.001,-5.0,10.0,1.0,/Users/czh/Projects/Clash Legends/ClashLegends-开发素材库/03-制作中/赛恩/audio/sion/txtp/Play_sfx_Sion_SionBasicAttackTower2_OnHit {r1}.txtp,71931eb6dd1ccd64a9799114633aa6e52f3ce92ac0a37a9a9942017beeb10fba,.team0.form0.audio.attack_hit_by_segment[0][0];.team1.form0.audio.attack_hit_by_segment[0][0],
sion,赛恩,音效,assets/audio/units/sion/play_sfx_sion_sionbasicattacktower2_onhit_r2.wav,自动增益残留（波形确认）,15.0,-0.001,-5.0,10.0,1.0,/Users/czh/Projects/Clash Legends/ClashLegends-开发素材库/03-制作中/赛恩/audio/sion/txtp/Play_sfx_Sion_SionBasicAttackTower2_OnHit {r2}.txtp,e06b63f4f311734082f444da63c29f781ce14ace03cda3a2ca31524555c6a4b4,.team0.form0.audio.attack_hit_by_segment[0][1];.team1.form0.audio.attack_hit_by_segment[0][1],
sion,赛恩,音效,assets/audio/units/sion/play_sfx_sion_sionbasicattacktower2_onhit_r3.wav,自动增益残留（波形确认）,15.0,-0.001,-5.0,10.0,1.0,/Users/czh/Projects/Clash Legends/ClashLegends-开发素材库/03-制作中/赛恩/audio/sion/txtp/Play_sfx_Sion_SionBasicAttackTower2_OnHit {r3}.txtp,1abbea36ea5ee65c3c0cbf8288f1b22039cc518f99afc916278a53d0304b2791,.team0.form0.audio.attack_hit_by_segment[0][2];.team1.form0.audio.attack_hit_by_segment[0][2],
sion,赛恩,音效,assets/audio/units/sion/play_sfx_sion_sionbasicattacktower_oncast_r1.wav,自动增益残留（波形确认）,15.0,-0.001,-3.0,12.0,1.0,/Users/czh/Projects/Clash Legends/ClashLegends-开发素材库/03-制作中/赛恩/audio/sion/txtp/Play_sfx_Sion_SionBasicAttackTower_OnCast {r1}.txtp,cac43f65c2d1f8fa630d014914147c43752f1439f554f670b1e69198883e876d,.team0.form0.audio.attack_swing[1][0];.team1.form0.audio.attack_swing[1][0],
sion,赛恩,音效,assets/audio/units/sion/play_sfx_sion_sionbasicattacktower_oncast_r2.wav,自动增益残留（波形确认）,15.0,-0.001,-3.0,12.0,1.0,/Users/czh/Projects/Clash Legends/ClashLegends-开发素材库/03-制作中/赛恩/audio/sion/txtp/Play_sfx_Sion_SionBasicAttackTower_OnCast {r2}.txtp,7f0ec3807fc7e4c07921ab32f9b1410d710b50022e6266c11f1153785456e48d,.team0.form0.audio.attack_swing[1][1];.team1.form0.audio.attack_swing[1][1],
sion,赛恩,音效,assets/audio/units/sion/play_sfx_sion_sionbasicattacktower_oncast_r3.wav,自动增益残留（波形确认）,15.0,-0.001,-3.0,12.0,1.0,/Users/czh/Projects/Clash Legends/ClashLegends-开发素材库/03-制作中/赛恩/audio/sion/txtp/Play_sfx_Sion_SionBasicAttackTower_OnCast {r3}.txtp,8a30f97eab6d25ff553d1c63bfc933f898384a9904b2d1cdef7990aaed025a99,.team0.form0.audio.attack_swing[1][2];.team1.form0.audio.attack_swing[1][2],
sion,赛恩,音效,assets/audio/units/sion/play_sfx_sion_sionbasicattacktower_onhit_r1.wav,自动增益残留（波形确认）,18.0,-0.001,-5.0,13.0,1.0,/Users/czh/Projects/Clash Legends/ClashLegends-开发素材库/03-制作中/赛恩/audio/sion/txtp/Play_sfx_Sion_SionBasicAttackTower_OnHit {r1}.txtp,adefc015d28a09fa8be790cbdc5d2406d97699f4846d497cd6512f4c66d6de88,.team0.form0.audio.attack_hit_by_segment[1][0];.team1.form0.audio.attack_hit_by_segment[1][0],
sion,赛恩,音效,assets/audio/units/sion/play_sfx_sion_sionbasicattacktower_onhit_r2.wav,自动增益残留（波形确认）,18.0,-0.001,-5.0,13.0,1.0,/Users/czh/Projects/Clash Legends/ClashLegends-开发素材库/03-制作中/赛恩/audio/sion/txtp/Play_sfx_Sion_SionBasicAttackTower_OnHit {r2}.txtp,c05c062a8c4aded5f877a423ef1cd4c5aa996c19ccfa1a31ca46ea1049022c6b,.team0.form0.audio.attack_hit_by_segment[1][1];.team1.form0.audio.attack_hit_by_segment[1][1],
sion,赛恩,音效,assets/audio/units/sion/play_sfx_sion_sionbasicattacktower_onhit_r3.wav,自动增益残留（波形确认）,18.0,-0.001,-5.0,13.0,1.0,/Users/czh/Projects/Clash Legends/ClashLegends-开发素材库/03-制作中/赛恩/audio/sion/txtp/Play_sfx_Sion_SionBasicAttackTower_OnHit {r3}.txtp,b7c7e0d5807a3044ac465e7b32cbf823a02c4e9bb87730daad5863d055ae4d57,.team0.form0.audio.attack_hit_by_segment[1][2];.team1.form0.audio.attack_hit_by_segment[1][2],
sion,赛恩,音效,assets/audio/units/sion/play_sfx_sion_sionpassivedelay_onbuffcast_r1.wav,自动增益残留（波形确认）,13.0,-0.001,0.0,13.0,1.0,/Users/czh/Projects/Clash Legends/ClashLegends-开发素材库/03-制作中/赛恩/audio/sion/txtp/Play_sfx_Sion_SionPassiveDelay_OnBuffCast {r1}.txtp,7ffd741aea57d098b6a0c39c97933ab90ec5e073e290d1b15792357a62f349d7,.team0.form0.audio.events.rebirth:begin.pool[0];.team1.form0.audio.events.rebirth:begin.pool[0],
sion,赛恩,音效,assets/audio/units/sion/play_sfx_sion_sionpassivedelay_onbuffcast_r2.wav,自动增益残留（波形确认）,13.0,-0.001,0.0,13.0,1.0,/Users/czh/Projects/Clash Legends/ClashLegends-开发素材库/03-制作中/赛恩/audio/sion/txtp/Play_sfx_Sion_SionPassiveDelay_OnBuffCast {r2}.txtp,df59763898f1a5ea302536a1fec0d424e5826821609d67f29f0e85a0a03167a8,.team0.form0.audio.events.rebirth:begin.pool[1];.team1.form0.audio.events.rebirth:begin.pool[1],
sion,赛恩,音效,assets/audio/units/sion/play_sfx_sion_sionpassivedelay_onbuffcast_r3.wav,自动增益残留（波形确认）,13.0,-0.001,0.0,13.0,1.0,/Users/czh/Projects/Clash Legends/ClashLegends-开发素材库/03-制作中/赛恩/audio/sion/txtp/Play_sfx_Sion_SionPassiveDelay_OnBuffCast {r3}.txtp,1689f3d962f306d090b2fbec87831512d40ff491c696a9ba0e252108309908ea,.team0.form0.audio.events.rebirth:begin.pool[2];.team1.form0.audio.events.rebirth:begin.pool[2],
sion,赛恩,音效,assets/audio/units/sion/play_sfx_sion_sionpassivezombie_onbuffactivate.wav,自动增益残留（波形确认）,24.0,-0.001,-8.0,16.0,1.0,/Users/czh/Projects/Clash Legends/ClashLegends-开发素材库/03-制作中/赛恩/audio/sion/txtp/Play_sfx_Sion_SionPassiveZombie_OnBuffActivate.txtp,3d2ac0a4dbd1b33de57ae17c78f48cc098a02e93dd2a7e2b671ea622b98338d8,.team0.form1.audio.events.berserk:sustain.pool[0];.team1.form1.audio.events.berserk:sustain.pool[0],
sion,赛恩,音效,assets/audio/units/sion/play_sfx_sion_sionpassivezombie_onbuffcast_r1.wav,自动增益残留（波形确认）,15.0,-0.001,0.0,15.0,1.0,/Users/czh/Projects/Clash Legends/ClashLegends-开发素材库/03-制作中/赛恩/audio/sion/txtp/Play_sfx_Sion_SionPassiveZombie_OnBuffCast {r1}.txtp,ecd16dee6707009f7d0750a5423786a76633d50ac62e7430cd0babfa21b0646f,.team0.form1.audio.events.rebirth:ready.pool[0];.team1.form1.audio.events.rebirth:ready.pool[0],
sion,赛恩,音效,assets/audio/units/sion/play_sfx_sion_sionpassivezombie_onbuffcast_r2.wav,自动增益残留（波形确认）,15.0,-0.0,0.0,15.0,1.0,/Users/czh/Projects/Clash Legends/ClashLegends-开发素材库/03-制作中/赛恩/audio/sion/txtp/Play_sfx_Sion_SionPassiveZombie_OnBuffCast {r2}.txtp,03ae4e6b4fd722c870e1e6b4a9313278aa36697f95f13bbbdf30c601d59be7fb,.team0.form1.audio.events.rebirth:ready.pool[1];.team1.form1.audio.events.rebirth:ready.pool[1],
sion,赛恩,音效,assets/audio/units/sion/play_sfx_sion_sionpassivezombie_onbuffcast_r3.wav,自动增益残留（波形确认）,15.0,-0.001,0.0,15.0,1.0,/Users/czh/Projects/Clash Legends/ClashLegends-开发素材库/03-制作中/赛恩/audio/sion/txtp/Play_sfx_Sion_SionPassiveZombie_OnBuffCast {r3}.txtp,e703a6b6c5e825c42c21ad9c3b338cc3203f7d8e2cfc9202a2aca47c07779e53,.team0.form1.audio.events.rebirth:ready.pool[2];.team1.form1.audio.events.rebirth:ready.pool[2],
sion,赛恩,音效,assets/audio/units/sion/play_sfx_sion_sionwshieldstacks_onbuffactivate.wav,自动增益残留（波形确认）,19.0,-0.001,-8.0,11.0,1.0,/Users/czh/Projects/Clash Legends/ClashLegends-开发素材库/03-制作中/赛恩/audio/sion/txtp/Play_sfx_Sion_SionWShieldStacks_OnBuffActivate.txtp,7cee9b7ff816fe2d77e33c6f955e41b16b7ba4c6658dcabc6dd6752b28df4ef6,.team0.form0.audio.events.explosive_shield:sustain.pool[0];.team1.form0.audio.events.explosive_shield:sustain.pool[0],
sion,赛恩,音效,assets/audio/units/sion/play_sfx_sion_sionwshieldstacks_onbuffcast_r1.wav,自动增益残留（波形确认）,15.0,-0.001,0.0,15.0,1.0,/Users/czh/Projects/Clash Legends/ClashLegends-开发素材库/03-制作中/赛恩/audio/sion/txtp/Play_sfx_Sion_SionWShieldStacks_OnBuffCast {r1}.txtp,60433a21825e6641f1a31a6cfa1db8002872ed2df33a00c0fe397ffdbf3c356e,.team0.form0.audio.events.active:cast.pool[0];.team1.form0.audio.events.active:cast.pool[0],
sion,赛恩,音效,assets/audio/units/sion/play_sfx_sion_sionwshieldstacks_onbuffcast_r2.wav,自动增益残留（波形确认）,15.0,-0.001,0.0,15.0,1.0,/Users/czh/Projects/Clash Legends/ClashLegends-开发素材库/03-制作中/赛恩/audio/sion/txtp/Play_sfx_Sion_SionWShieldStacks_OnBuffCast {r2}.txtp,0070deb6c2a9403cb9e115f0aae82961dcaaa1cd009dcb904b37a788f097567c,.team0.form0.audio.events.active:cast.pool[1];.team1.form0.audio.events.active:cast.pool[1],
sion,赛恩,音效,assets/audio/units/sion/play_sfx_sion_sionwshieldstacks_onbuffcast_r3.wav,自动增益残留（波形确认）,15.0,-0.001,0.0,15.0,1.0,/Users/czh/Projects/Clash Legends/ClashLegends-开发素材库/03-制作中/赛恩/audio/sion/txtp/Play_sfx_Sion_SionWShieldStacks_OnBuffCast {r3}.txtp,0f03bbcfaebe6993308940a95aa71755a52ce178bb1b037f445da3e696da639d,.team0.form0.audio.events.active:cast.pool[2];.team1.form0.audio.events.active:cast.pool[2],
sion,赛恩,音效,assets/audio/units/sion/play_sfx_sion_sionwshieldstacks_onbuffdeactivate_r1.wav,自动增益残留（波形确认）,15.0,-0.001,0.0,15.0,1.0,/Users/czh/Projects/Clash Legends/ClashLegends-开发素材库/03-制作中/赛恩/audio/sion/txtp/Play_sfx_Sion_SionWShieldStacks_OnBuffDeactivate {r1}.txtp,b467784b259c24966cc4e42d4c9c36f2c66fe81293f3fba5886e5176c92fa17b,.team0.form0.audio.events.explosive_shield:break.pool[0];.team1.form0.audio.events.explosive_shield:break.pool[0],
sion,赛恩,音效,assets/audio/units/sion/play_sfx_sion_sionwshieldstacks_onbuffdeactivate_r2.wav,自动增益残留（波形确认）,15.0,-0.001,0.0,15.0,1.0,/Users/czh/Projects/Clash Legends/ClashLegends-开发素材库/03-制作中/赛恩/audio/sion/txtp/Play_sfx_Sion_SionWShieldStacks_OnBuffDeactivate {r2}.txtp,1b3b447a36a1e47e0ff7af3c395be797baffaab2a4e3660bce8f32ad642cac1a,.team0.form0.audio.events.explosive_shield:break.pool[1];.team1.form0.audio.events.explosive_shield:break.pool[1],
sion,赛恩,音效,assets/audio/units/sion/play_sfx_sion_sionwshieldstacks_onbuffdeactivate_r3.wav,自动增益残留（波形确认）,15.0,-0.001,0.0,15.0,1.0,/Users/czh/Projects/Clash Legends/ClashLegends-开发素材库/03-制作中/赛恩/audio/sion/txtp/Play_sfx_Sion_SionWShieldStacks_OnBuffDeactivate {r3}.txtp,e3decb558de7d87562335484c1539b7d871dd2a42580d44b1f960e65df35e546,.team0.form0.audio.events.explosive_shield:break.pool[2];.team1.form0.audio.events.explosive_shield:break.pool[2],
sion,赛恩,音效,assets/audio/units/sion/play_sfx_sion_sionwsoundhit_onbuffcast_r1.wav,自动增益残留（波形确认）,20.0,-0.001,0.0,20.0,1.0,/Users/czh/Projects/Clash Legends/ClashLegends-开发素材库/03-制作中/赛恩/audio/sion/txtp/Play_sfx_Sion_SionWSoundHit_OnBuffCast {r1}.txtp,cbbc4d498aec10fb77f37add9ca2d6bf70809132dc962824ed7f9f8e5898fd1b,.team0.form0.audio.events.shield:explode.pool[0];.team1.form0.audio.events.shield:explode.pool[0],
sion,赛恩,音效,assets/audio/units/sion/play_sfx_sion_sionwsoundhit_onbuffcast_r2.wav,自动增益残留（波形确认）,20.0,-0.001,0.0,20.0,1.0,/Users/czh/Projects/Clash Legends/ClashLegends-开发素材库/03-制作中/赛恩/audio/sion/txtp/Play_sfx_Sion_SionWSoundHit_OnBuffCast {r2}.txtp,d282c3f204b1540169b9ccf14fcc2764bedc1182c92bb00c35ee3dc45d6cea37,.team0.form0.audio.events.shield:explode.pool[1];.team1.form0.audio.events.shield:explode.pool[1],
sion,赛恩,音效,assets/audio/units/sion/play_sfx_sion_sionwsoundhit_onbuffcast_r3.wav,自动增益残留（波形确认）,20.0,-0.001,0.0,20.0,1.0,/Users/czh/Projects/Clash Legends/ClashLegends-开发素材库/03-制作中/赛恩/audio/sion/txtp/Play_sfx_Sion_SionWSoundHit_OnBuffCast {r3}.txtp,879b9a77af7b31a8b401ceaeadcb40714933770f708e08d40464918f828def89,.team0.form0.audio.events.shield:explode.pool[2];.team1.form0.audio.events.shield:explode.pool[2],
sion,赛恩,语音,assets/audio/units/sion/rebirth_voice.wav,自动增益残留（波形确认）,14.0,-1.0,0.0,13.0,1.0,/Users/czh/Projects/Clash Legends/ClashLegends-开发素材库/05-已完成/赛恩/源件/赛恩/复生音频复核/sion_vo/Play_vo_Sion_SionPassiveDelay_OnBuffCast.txtp,5618d6ced50c2bd498b7b479e3c1b4de57793f2f39739594c3941bf99d75a6d2,.team0.form0.audio.events.rebirth:voice.pool[0];.team1.form0.audio.events.rebirth:voice.pool[0],
sun_disc,太阳圆盘,音效,assets/audio/units/sun_disc/play_sfx_3190active_oncast_r1.wav,未发现自动增益残留（波形确认）,,-0.001,0.0,-0.0,1.0,/Users/czh/Projects/Clash Legends/ClashLegends-开发素材库/04-中间产物/素材加工/shared_audio_review/named_txtp/items_global_events-1270-event.txtp,e833ed6e89f1fd59289095176f4ae1a9d8bcc217926fa120bdcb9e7d9f192444,.team0.form0.audio.events.shield:cast.pool[0];.team1.form0.audio.events.shield:cast.pool[0],
sun_disc,太阳圆盘,音效,assets/audio/units/sun_disc/play_sfx_azir_azirobelisksound_onbuffcast_r1.wav,加工/合成源未使用auto,,,0.0,,0.24231283,/Users/czh/Projects/Clash Legends/ClashLegends-开发素材库/04-中间产物/素材加工/card_audio_batch/azir/txtp/Play_sfx_Azir_AzirObeliskSound_OnBuffCast {r}.txtp,6cec833a42dee68e00cdeb2640a47bbb90958179fd3f302e3f61fcd55febb388,.team0.form0.audio.events.deploy:start.pool[0];.team1.form0.audio.events.deploy:start.pool[0],
sun_disc,太阳圆盘,音效,assets/audio/units/sun_disc/play_sfx_azir_azirobelisksound_onbuffdeactivate_r1.wav,加工/合成源未使用auto,,,0.0,,0.24541577,/Users/czh/Projects/Clash Legends/ClashLegends-开发素材库/04-中间产物/素材加工/card_audio_batch/azir/txtp/Play_sfx_Azir_AzirObeliskSound_OnBuffDeactivate {r1}.txtp,c9243162a3374267b0ab38c504c6c86903046934ef6db9df9560c98ce79bad3b,.team0.form0.audio.events.death.pool[0];.team1.form0.audio.events.death.pool[0],
sun_disc,太阳圆盘,音效,assets/audio/units/sun_disc/play_sfx_azir_azirobelisksound_onbuffdeactivate_r2.wav,加工/合成源未使用auto,,,0.0,,0.22701804,/Users/czh/Projects/Clash Legends/ClashLegends-开发素材库/04-中间产物/素材加工/card_audio_batch/azir/txtp/Play_sfx_Azir_AzirObeliskSound_OnBuffDeactivate {r2}.txtp,fb71ff7fe417070b57ff7ce21477f8d0893fd2650ffe1df6c23d4f1cb29dbef5,.team0.form0.audio.events.death.pool[1];.team1.form0.audio.events.death.pool[1],
sun_disc,太阳圆盘,音效,assets/audio/units/sun_disc/play_sfx_env_map11_chaosturretchampionbasicattack_cast_r1.wav,自动增益残留（波形确认）,10.0,-0.001,-6.0,4.0,1.0,/Users/czh/Projects/Clash Legends/ClashLegends-开发素材库/04-中间产物/素材加工/shared_audio_review/txtp/env_global_buildings_sfx_events-0314-event {r1} {d}.txtp,60803d409e0780734fd792bdc00c287b42a13d235d01c98fcad47782324dcd19,.team0.form0.audio.attack_swing[0][0];.team0.form0.audio.attack_swing[1][0];.team1.form0.audio.attack_swing[0][0];.team1.form0.audio.attack_swing[1][0],
sun_disc,太阳圆盘,音效,assets/audio/units/sun_disc/play_sfx_env_map11_chaosturretchampionbasicattack_cast_r2.wav,自动增益残留（波形确认）,10.0,-0.001,-6.0,4.0,1.0,/Users/czh/Projects/Clash Legends/ClashLegends-开发素材库/04-中间产物/素材加工/shared_audio_review/txtp/env_global_buildings_sfx_events-0314-event {r2} {d}.txtp,0945f9f9edfc44cb887f8e9cd4067eca34a8dcc9fac69d71bab736f79a6ae471,.team0.form0.audio.attack_swing[0][1];.team0.form0.audio.attack_swing[1][1];.team1.form0.audio.attack_swing[0][1];.team1.form0.audio.attack_swing[1][1],
sun_disc,太阳圆盘,音效,assets/audio/units/sun_disc/play_sfx_env_map11_chaosturretchampionbasicattack_cast_r3.wav,自动增益残留（波形确认）,10.0,-0.001,-6.0,4.0,1.0,/Users/czh/Projects/Clash Legends/ClashLegends-开发素材库/04-中间产物/素材加工/shared_audio_review/txtp/env_global_buildings_sfx_events-0314-event {r3} {d}.txtp,61a31a6134aaf5bdfe4722345fa56eb4eedb68aa3468f27b993157307373fb06,.team0.form0.audio.attack_swing[0][2];.team0.form0.audio.attack_swing[1][2];.team1.form0.audio.attack_swing[0][2];.team1.form0.audio.attack_swing[1][2],
sun_disc,太阳圆盘,音效,assets/audio/units/sun_disc/play_sfx_env_map11_chaosturretchampionbasicattack_cast_r4.wav,自动增益残留（波形确认）,10.0,-0.001,-6.0,4.0,1.0,/Users/czh/Projects/Clash Legends/ClashLegends-开发素材库/04-中间产物/素材加工/shared_audio_review/txtp/env_global_buildings_sfx_events-0314-event {r4} {d}.txtp,7eb45e2b1f849313b21659ccad4d2ac91285b88b56f1800acdd1c6527ffa7ef5,.team0.form0.audio.attack_swing[0][3];.team0.form0.audio.attack_swing[1][3];.team1.form0.audio.attack_swing[0][3];.team1.form0.audio.attack_swing[1][3],
sun_disc,太阳圆盘,音效,assets/audio/units/sun_disc/play_sfx_env_turretbasicattack_hit_r1.wav,自动增益残留（波形确认）,15.0,-0.001,-6.0,9.0,1.0,/Users/czh/Projects/Clash Legends/ClashLegends-开发素材库/04-中间产物/素材加工/shared_audio_review/txtp/env_global_buildings_sfx_events-0300-event {r1}.txtp,1cd06160259f4bebf289bd8f04d93b02d063acb628a2567559e207d152a92d98,.team0.form0.audio.attack_hit[0];.team1.form0.audio.attack_hit[0],
sun_disc,太阳圆盘,音效,assets/audio/units/sun_disc/play_sfx_env_turretbasicattack_hit_r2.wav,自动增益残留（波形确认）,15.0,-0.001,-6.0,9.0,1.0,/Users/czh/Projects/Clash Legends/ClashLegends-开发素材库/04-中间产物/素材加工/shared_audio_review/txtp/env_global_buildings_sfx_events-0300-event {r2}.txtp,f78f6993d8b44653ab495ed1bfed6da4a706dd06950503bb7344f7db0950ef63,.team0.form0.audio.attack_hit[1];.team1.form0.audio.attack_hit[1],
sun_disc,太阳圆盘,音效,assets/audio/units/sun_disc/play_sfx_env_turretbasicattack_hit_r3.wav,自动增益残留（波形确认）,15.0,-0.001,-6.0,9.0,1.0,/Users/czh/Projects/Clash Legends/ClashLegends-开发素材库/04-中间产物/素材加工/shared_audio_review/txtp/env_global_buildings_sfx_events-0300-event {r3}.txtp,b5fcb82ac37c63ad1ef786a497593ad7a96c0327682bdf41167ae424c90fdf69,.team0.form0.audio.attack_hit[2];.team1.form0.audio.attack_hit[2],
sun_disc,太阳圆盘,音效,assets/audio/units/sun_disc/play_sfx_env_turretbasicattack_hit_r4.wav,自动增益残留（波形确认）,15.0,-0.001,-6.0,9.0,1.0,/Users/czh/Projects/Clash Legends/ClashLegends-开发素材库/04-中间产物/素材加工/shared_audio_review/txtp/env_global_buildings_sfx_events-0300-event {r4}.txtp,23aa2263ee3b297fb8a078e9e25e6650f2b41e6e29ead1c857c35675bfc78f80,.team0.form0.audio.attack_hit[3];.team1.form0.audio.attack_hit[3],
sun_disc,太阳圆盘,音效,assets/audio/units/sun_disc/play_sfx_env_turretbasicattack_missilelaunch_r1.wav,自动增益残留（波形确认）,20.0,-0.001,-6.0,14.0,1.0,/Users/czh/Projects/Clash Legends/ClashLegends-开发素材库/04-中间产物/素材加工/shared_audio_review/txtp/env_global_buildings_sfx_events-0279-event {r1}.txtp,98f004e478f52003f0f8e448020d29ba0aced6482d4082d3a33eaf85aae18779,.team0.form0.audio.events.attack_launch.pool[0];.team1.form0.audio.events.attack_launch.pool[0],
sun_disc,太阳圆盘,音效,assets/audio/units/sun_disc/play_sfx_env_turretbasicattack_missilelaunch_r2.wav,自动增益残留（波形确认）,20.0,-0.001,-6.0,14.0,1.0,/Users/czh/Projects/Clash Legends/ClashLegends-开发素材库/04-中间产物/素材加工/shared_audio_review/txtp/env_global_buildings_sfx_events-0279-event {r2}.txtp,81097f4f1a57476f5bd147fcc523328651183ae5b00974c8a90930d0defdcc63,.team0.form0.audio.events.attack_launch.pool[1];.team1.form0.audio.events.attack_launch.pool[1],
sun_disc,太阳圆盘,音效,assets/audio/units/sun_disc/play_sfx_env_turretbasicattack_missilelaunch_r3.wav,自动增益残留（波形确认）,20.0,-0.001,-6.0,14.0,1.0,/Users/czh/Projects/Clash Legends/ClashLegends-开发素材库/04-中间产物/素材加工/shared_audio_review/txtp/env_global_buildings_sfx_events-0279-event {r3}.txtp,d275d23d674740918b95a328ec7f451a6142cb61e90fcae907dfa79a88294304,.team0.form0.audio.events.attack_launch.pool[2];.team1.form0.audio.events.attack_launch.pool[2],
super_minion,超级兵,音效,assets/audio/units/super_minion/chaos/play_sfx_sru_chaosminionsuper_sru_chaosminionsuperbasicattack2_oncast_r1.wav,未发现自动增益残留（波形确认）,,-0.119,0.0,-0.12,0.9999646,/Users/czh/Projects/Clash Legends/ClashLegends-开发素材库/04-中间产物/素材加工/shared_audio_review/named_txtp/npc_global_minions_chaossuper_sfx_events-0019-event {r1}.txtp,d3bd53531f59a5f6e027429f4b8759d43c1a9885ca6aec5dd0d6daa7f20730e9,.team1.form0.audio.attack_swing[1][0],
super_minion,超级兵,音效,assets/audio/units/super_minion/chaos/play_sfx_sru_chaosminionsuper_sru_chaosminionsuperbasicattack2_oncast_r2.wav,未发现自动增益残留（波形确认）,,-0.117,0.0,-0.12,0.99996445,/Users/czh/Projects/Clash Legends/ClashLegends-开发素材库/04-中间产物/素材加工/shared_audio_review/named_txtp/npc_global_minions_chaossuper_sfx_events-0019-event {r2}.txtp,f3cf28e97717602b22ab8d324b5e21be4d14403e1ffea8e8c932161ab5d5e448,.team1.form0.audio.attack_swing[1][1],
super_minion,超级兵,音效,assets/audio/units/super_minion/chaos/play_sfx_sru_chaosminionsuper_sru_chaosminionsuperbasicattack2_oncast_r3.wav,未发现自动增益残留（波形确认）,,-0.12,0.0,-0.12,0.99996557,/Users/czh/Projects/Clash Legends/ClashLegends-开发素材库/04-中间产物/素材加工/shared_audio_review/named_txtp/npc_global_minions_chaossuper_sfx_events-0019-event {r3}.txtp,8758f2bf3d697562be39b19baec09f8977d6c77c7398b2c7b427ed3e0ec332ae,.team1.form0.audio.attack_swing[1][2],
super_minion,超级兵,音效,assets/audio/units/super_minion/chaos/play_sfx_sru_chaosminionsuper_sru_chaosminionsuperbasicattack2_onhit_r1.wav,未发现自动增益残留（波形确认）,,-0.044,0.0,-0.04,0.99999639,/Users/czh/Projects/Clash Legends/ClashLegends-开发素材库/04-中间产物/素材加工/shared_audio_review/named_txtp/npc_global_minions_chaossuper_sfx_events-0041-event {r1} {d}.txtp,6baec7deb0c48274864c134c6ff8ead83e25afd499619e817458c92a836d7a72,.team1.form0.audio.attack_hit_by_segment[1][0],
super_minion,超级兵,音效,assets/audio/units/super_minion/chaos/play_sfx_sru_chaosminionsuper_sru_chaosminionsuperbasicattack2_onhit_r2.wav,未发现自动增益残留（波形确认）,,-0.04,0.0,-0.04,0.99999638,/Users/czh/Projects/Clash Legends/ClashLegends-开发素材库/04-中间产物/素材加工/shared_audio_review/named_txtp/npc_global_minions_chaossuper_sfx_events-0041-event {r2} {d}.txtp,1ce91c41b6a69cbf9e750957f6d50ad05d7285a18bc1764642b7683301ad7448,.team1.form0.audio.attack_hit_by_segment[1][1],
super_minion,超级兵,音效,assets/audio/units/super_minion/chaos/play_sfx_sru_chaosminionsuper_sru_chaosminionsuperbasicattack2_onhit_r3.wav,未发现自动增益残留（波形确认）,,-0.039,0.0,-0.04,0.99999629,/Users/czh/Projects/Clash Legends/ClashLegends-开发素材库/04-中间产物/素材加工/shared_audio_review/named_txtp/npc_global_minions_chaossuper_sfx_events-0041-event {r3} {d}.txtp,2a46eba13f64f6174d890c9585e3c7d117426a3d7f4360926b4f99b9c52726db,.team1.form0.audio.attack_hit_by_segment[1][2],
super_minion,超级兵,音效,assets/audio/units/super_minion/chaos/play_sfx_sru_chaosminionsuper_sru_chaosminionsuperbasicattack_oncast_r1.wav,未发现自动增益残留（波形确认）,,-0.129,0.0,-0.13,0.99994914,/Users/czh/Projects/Clash Legends/ClashLegends-开发素材库/04-中间产物/素材加工/shared_audio_review/named_txtp/npc_global_minions_chaossuper_sfx_events-0027-event {r1} {d}.txtp,88ae300414bb2a135545589076808c6f9ad75fff6da6730911b6c41733713bbe,.team1.form0.audio.attack_swing[0][0],
super_minion,超级兵,音效,assets/audio/units/super_minion/chaos/play_sfx_sru_chaosminionsuper_sru_chaosminionsuperbasicattack_oncast_r2.wav,未发现自动增益残留（波形确认）,,-0.132,0.0,-0.13,0.9999542,/Users/czh/Projects/Clash Legends/ClashLegends-开发素材库/04-中间产物/素材加工/shared_audio_review/named_txtp/npc_global_minions_chaossuper_sfx_events-0027-event {r2} {d}.txtp,ab57b37d3d0cf4e981f48a07a58495dc46882c02814552a48d0bc66260d02b13,.team1.form0.audio.attack_swing[0][1],
super_minion,超级兵,音效,assets/audio/units/super_minion/chaos/play_sfx_sru_chaosminionsuper_sru_chaosminionsuperbasicattack_oncast_r3.wav,未发现自动增益残留（波形确认）,,-0.124,0.0,-0.12,0.99995552,/Users/czh/Projects/Clash Legends/ClashLegends-开发素材库/04-中间产物/素材加工/shared_audio_review/named_txtp/npc_global_minions_chaossuper_sfx_events-0027-event {r3} {d}.txtp,d97a57549ee034c26b9ef0d78f00afae70ce327075c837f73dce657ecf586964,.team1.form0.audio.attack_swing[0][2],
super_minion,超级兵,音效,assets/audio/units/super_minion/chaos/play_sfx_sru_chaosminionsuper_sru_chaosminionsuperbasicattack_onhit_r1.wav,未发现自动增益残留（波形确认）,,-0.044,0.0,-0.04,0.99999639,/Users/czh/Projects/Clash Legends/ClashLegends-开发素材库/04-中间产物/素材加工/shared_audio_review/named_txtp/npc_global_minions_chaossuper_sfx_events-0029-event {r1} {d}.txtp,6baec7deb0c48274864c134c6ff8ead83e25afd499619e817458c92a836d7a72,.team1.form0.audio.attack_hit_by_segment[0][0],
super_minion,超级兵,音效,assets/audio/units/super_minion/chaos/play_sfx_sru_chaosminionsuper_sru_chaosminionsuperbasicattack_onhit_r2.wav,未发现自动增益残留（波形确认）,,-0.04,0.0,-0.04,0.99999638,/Users/czh/Projects/Clash Legends/ClashLegends-开发素材库/04-中间产物/素材加工/shared_audio_review/named_txtp/npc_global_minions_chaossuper_sfx_events-0029-event {r2} {d}.txtp,1ce91c41b6a69cbf9e750957f6d50ad05d7285a18bc1764642b7683301ad7448,.team1.form0.audio.attack_hit_by_segment[0][1],
super_minion,超级兵,音效,assets/audio/units/super_minion/chaos/play_sfx_sru_chaosminionsuper_sru_chaosminionsuperbasicattack_onhit_r3.wav,未发现自动增益残留（波形确认）,,-0.039,0.0,-0.04,0.99999629,/Users/czh/Projects/Clash Legends/ClashLegends-开发素材库/04-中间产物/素材加工/shared_audio_review/named_txtp/npc_global_minions_chaossuper_sfx_events-0029-event {r3} {d}.txtp,2a46eba13f64f6174d890c9585e3c7d117426a3d7f4360926b4f99b9c52726db,.team1.form0.audio.attack_hit_by_segment[0][2],
super_minion,超级兵,音效,assets/audio/units/super_minion/order/play_sfx_sru_orderminionsuper_sru_orderminionsuperbasicattack2_oncast_r1.wav,未发现自动增益残留（波形确认）,,-0.143,0.0,-0.14,0.99994832,/Users/czh/Projects/Clash Legends/ClashLegends-开发素材库/04-中间产物/素材加工/shared_audio_review/named_txtp/npc_global_minions_ordersuper_sfx_events-0019-event {r1}.txtp,00e84ed7e86dc92339c746e673ff8b7281cf26ebe58030c7778a762ad9ce33c7,.team0.form0.audio.attack_swing[1][0],
super_minion,超级兵,音效,assets/audio/units/super_minion/order/play_sfx_sru_orderminionsuper_sru_orderminionsuperbasicattack2_oncast_r2.wav,未发现自动增益残留（波形确认）,,-0.139,0.0,-0.14,0.99995171,/Users/czh/Projects/Clash Legends/ClashLegends-开发素材库/04-中间产物/素材加工/shared_audio_review/named_txtp/npc_global_minions_ordersuper_sfx_events-0019-event {r2}.txtp,ad999b2bb151e4c821a5d87bf57d7cfa572d1d44e83a633e800749fbe3164107,.team0.form0.audio.attack_swing[1][1],
super_minion,超级兵,音效,assets/audio/units/super_minion/order/play_sfx_sru_orderminionsuper_sru_orderminionsuperbasicattack2_oncast_r3.wav,未发现自动增益残留（波形确认）,,-0.139,0.0,-0.14,0.99995487,/Users/czh/Projects/Clash Legends/ClashLegends-开发素材库/04-中间产物/素材加工/shared_audio_review/named_txtp/npc_global_minions_ordersuper_sfx_events-0019-event {r3}.txtp,0648823085d7b9e9e82ac6bb496fc4c7ef018da4d0f4fe12f304c87459183672,.team0.form0.audio.attack_swing[1][2],
super_minion,超级兵,音效,assets/audio/units/super_minion/order/play_sfx_sru_orderminionsuper_sru_orderminionsuperbasicattack2_onhit_r1.wav,未发现自动增益残留（波形确认）,,-0.042,0.0,-0.04,0.99999623,/Users/czh/Projects/Clash Legends/ClashLegends-开发素材库/04-中间产物/素材加工/shared_audio_review/named_txtp/npc_global_minions_ordersuper_sfx_events-0033-event {r1} {d}.txtp,2ac6d46e5772af6337659b47abfdfb81dc7ec74a23c82034e1607e62f621cf0f,.team0.form0.audio.attack_hit_by_segment[1][0],
super_minion,超级兵,音效,assets/audio/units/super_minion/order/play_sfx_sru_orderminionsuper_sru_orderminionsuperbasicattack2_onhit_r2.wav,未发现自动增益残留（波形确认）,,-0.043,0.0,-0.04,0.99999568,/Users/czh/Projects/Clash Legends/ClashLegends-开发素材库/04-中间产物/素材加工/shared_audio_review/named_txtp/npc_global_minions_ordersuper_sfx_events-0033-event {r2} {d}.txtp,c33dc8e4e30d75f511368bfc45ec40cc45965dc18aa1fec8e72291180de8ca2f,.team0.form0.audio.attack_hit_by_segment[1][1],
super_minion,超级兵,音效,assets/audio/units/super_minion/order/play_sfx_sru_orderminionsuper_sru_orderminionsuperbasicattack2_onhit_r3.wav,未发现自动增益残留（波形确认）,,-0.045,0.0,-0.04,0.99999601,/Users/czh/Projects/Clash Legends/ClashLegends-开发素材库/04-中间产物/素材加工/shared_audio_review/named_txtp/npc_global_minions_ordersuper_sfx_events-0033-event {r3} {d}.txtp,9d087c93527319e44c85a3c6a8ef6a117c8c218bc5d42eef61e226873b2b1d2e,.team0.form0.audio.attack_hit_by_segment[1][2],
super_minion,超级兵,音效,assets/audio/units/super_minion/order/play_sfx_sru_orderminionsuper_sru_orderminionsuperbasicattack_oncast_r1.wav,未发现自动增益残留（波形确认）,,-0.087,0.0,-0.09,0.99997956,/Users/czh/Projects/Clash Legends/ClashLegends-开发素材库/04-中间产物/素材加工/shared_audio_review/named_txtp/npc_global_minions_ordersuper_sfx_events-0041-event {r1} {d}.txtp,f1c8ca99da89f4e162d3f90a59855d7219a352604f3d86cc7ef54f1bbf8c7559,.team0.form0.audio.attack_swing[0][0],
super_minion,超级兵,音效,assets/audio/units/super_minion/order/play_sfx_sru_orderminionsuper_sru_orderminionsuperbasicattack_oncast_r2.wav,未发现自动增益残留（波形确认）,,-0.089,0.0,-0.09,0.99997795,/Users/czh/Projects/Clash Legends/ClashLegends-开发素材库/04-中间产物/素材加工/shared_audio_review/named_txtp/npc_global_minions_ordersuper_sfx_events-0041-event {r2} {d}.txtp,270ac9b10f5fe3d5c18c7de84f3bdfb56ac9f348b188eaeab93609208b01a779,.team0.form0.audio.attack_swing[0][1],
super_minion,超级兵,音效,assets/audio/units/super_minion/order/play_sfx_sru_orderminionsuper_sru_orderminionsuperbasicattack_oncast_r3.wav,未发现自动增益残留（波形确认）,,-0.081,0.0,-0.08,0.9999829,/Users/czh/Projects/Clash Legends/ClashLegends-开发素材库/04-中间产物/素材加工/shared_audio_review/named_txtp/npc_global_minions_ordersuper_sfx_events-0041-event {r3} {d}.txtp,fa72cdc66dadf0e2d8b84d91ab7dcd0a3155d8bd3b0e66b8b2e03fbbfcc53be4,.team0.form0.audio.attack_swing[0][2],
super_minion,超级兵,音效,assets/audio/units/super_minion/order/play_sfx_sru_orderminionsuper_sru_orderminionsuperbasicattack_onhit_r1.wav,未发现自动增益残留（波形确认）,,-0.042,0.0,-0.04,0.99999623,/Users/czh/Projects/Clash Legends/ClashLegends-开发素材库/04-中间产物/素材加工/shared_audio_review/named_txtp/npc_global_minions_ordersuper_sfx_events-0023-event {r1}.txtp,2ac6d46e5772af6337659b47abfdfb81dc7ec74a23c82034e1607e62f621cf0f,.team0.form0.audio.attack_hit_by_segment[0][0],
super_minion,超级兵,音效,assets/audio/units/super_minion/order/play_sfx_sru_orderminionsuper_sru_orderminionsuperbasicattack_onhit_r2.wav,未发现自动增益残留（波形确认）,,-0.043,0.0,-0.04,0.99999568,/Users/czh/Projects/Clash Legends/ClashLegends-开发素材库/04-中间产物/素材加工/shared_audio_review/named_txtp/npc_global_minions_ordersuper_sfx_events-0023-event {r2}.txtp,c33dc8e4e30d75f511368bfc45ec40cc45965dc18aa1fec8e72291180de8ca2f,.team0.form0.audio.attack_hit_by_segment[0][1],
super_minion,超级兵,音效,assets/audio/units/super_minion/order/play_sfx_sru_orderminionsuper_sru_orderminionsuperbasicattack_onhit_r3.wav,未发现自动增益残留（波形确认）,,-0.045,0.0,-0.04,0.99999601,/Users/czh/Projects/Clash Legends/ClashLegends-开发素材库/04-中间产物/素材加工/shared_audio_review/named_txtp/npc_global_minions_ordersuper_sfx_events-0023-event {r3}.txtp,9d087c93527319e44c85a3c6a8ef6a117c8c218bc5d42eef61e226873b2b1d2e,.team0.form0.audio.attack_hit_by_segment[0][2],
target_dummy,训练木桩,音效,assets/audio/units/target_dummy/play_sfx_perks_resolve_aftershock_onbuffactivate_r1.wav,自动增益残留（波形确认）,12.0,-0.001,0.0,12.0,1.0,/Users/czh/Projects/Clash Legends/ClashLegends-开发素材库/05-已完成/训练木桩/源件与过程记录/音频解码/txtp/Play_sfx_Perks_Resolve_Aftershock_OnBuffActivate {r1}.txtp,bf778c38d004c180d50f0c7da1ce27073d8bb58e814475025d41d4a100697ca0,.team0.form0.audio.events.active_buff:sustain.pool[0];.team1.form0.audio.events.active_buff:sustain.pool[0],
target_dummy,训练木桩,音效,assets/audio/units/target_dummy/play_sfx_perks_resolve_aftershock_onbuffactivate_r2.wav,自动增益残留（波形确认）,12.0,-0.001,0.0,12.0,1.0,/Users/czh/Projects/Clash Legends/ClashLegends-开发素材库/05-已完成/训练木桩/源件与过程记录/音频解码/txtp/Play_sfx_Perks_Resolve_Aftershock_OnBuffActivate {r2}.txtp,634eeb92aaf419e1d915ad9a5cc403c68148f3ff7c178acc254c13726a2daf75,.team0.form0.audio.events.active_buff:sustain.pool[1];.team1.form0.audio.events.active_buff:sustain.pool[1],
target_dummy,训练木桩,音效,assets/audio/units/target_dummy/play_sfx_perks_resolve_aftershock_onbuffactivate_r3.wav,自动增益残留（波形确认）,12.0,-0.001,0.0,12.0,1.0,/Users/czh/Projects/Clash Legends/ClashLegends-开发素材库/05-已完成/训练木桩/源件与过程记录/音频解码/txtp/Play_sfx_Perks_Resolve_Aftershock_OnBuffActivate {r3}.txtp,dba1cf440d9c4ef56a3d032ea5cbafaf9f896ab6c05a9f2fd3d3f02c611b11fe,.team0.form0.audio.events.active_buff:sustain.pool[2];.team1.form0.audio.events.active_buff:sustain.pool[2],
target_dummy,训练木桩,音效,assets/audio/units/target_dummy/play_sfx_perks_resolve_aftershock_onbuffdeactivate_r1.wav,自动增益残留（波形确认）,10.0,-0.001,0.0,10.0,1.0,/Users/czh/Projects/Clash Legends/ClashLegends-开发素材库/05-已完成/训练木桩/源件与过程记录/音频解码/txtp/Play_sfx_Perks_Resolve_Aftershock_OnBuffDeactivate {r1}.txtp,2ec05e153e76aa91a547484bf15f804ee507f6ccfa2fa7251c5d2b9ffb6b43ad,.team0.form0.audio.events.aftershock:explode.pool[0];.team1.form0.audio.events.aftershock:explode.pool[0],
target_dummy,训练木桩,音效,assets/audio/units/target_dummy/play_sfx_perks_resolve_aftershock_onbuffdeactivate_r2.wav,自动增益残留（波形确认）,10.0,-0.001,0.0,10.0,1.0,/Users/czh/Projects/Clash Legends/ClashLegends-开发素材库/05-已完成/训练木桩/源件与过程记录/音频解码/txtp/Play_sfx_Perks_Resolve_Aftershock_OnBuffDeactivate {r2}.txtp,da87f231f92bd2cd32912e13f383199ec5d43a9628b79e7df0649c7cb9e1ff5b,.team0.form0.audio.events.aftershock:explode.pool[1];.team1.form0.audio.events.aftershock:explode.pool[1],
target_dummy,训练木桩,音效,assets/audio/units/target_dummy/play_sfx_perks_resolve_aftershock_onbuffdeactivate_r3.wav,自动增益残留（波形确认）,10.0,-0.001,0.0,10.0,1.0,/Users/czh/Projects/Clash Legends/ClashLegends-开发素材库/05-已完成/训练木桩/源件与过程记录/音频解码/txtp/Play_sfx_Perks_Resolve_Aftershock_OnBuffDeactivate {r3}.txtp,b278734f8c47fa59bc3be2e73c8b716eabcab8ac9c1838f563eef43dcb881647,.team0.form0.audio.events.aftershock:explode.pool[2];.team1.form0.audio.events.aftershock:explode.pool[2],
target_dummy,训练木桩,音效,assets/audio/units/target_dummy/play_sfx_practicedummy_death_r1.wav,自动增益残留（波形确认）,18.0,-0.001,0.0,18.0,1.0,/Users/czh/Projects/Clash Legends/ClashLegends-开发素材库/05-已完成/训练木桩/源件与过程记录/木桩音频解码/txtp/Play_sfx_practicedummy_death {r1}.txtp,0f0ededd8b8c15c5dc9cff7597a4eea3200e82d77f68a07abf95001ea4ed0cc0,.team0.form0.audio.events.death.pool[0];.team1.form0.audio.events.death.pool[0],
target_dummy,训练木桩,音效,assets/audio/units/target_dummy/play_sfx_practicedummy_death_r2.wav,自动增益残留（波形确认）,18.0,-0.001,0.0,18.0,1.0,/Users/czh/Projects/Clash Legends/ClashLegends-开发素材库/05-已完成/训练木桩/源件与过程记录/木桩音频解码/txtp/Play_sfx_practicedummy_death {r2}.txtp,9449c6c4ebc69b2464d976859f3ef2583d24081ec600258d0f465493e3d1879c,.team0.form0.audio.events.death.pool[1];.team1.form0.audio.events.death.pool[1],
target_dummy,训练木桩,音效,assets/audio/units/target_dummy/play_sfx_practicedummy_death_r3.wav,自动增益残留（波形确认）,18.0,-0.001,0.0,18.0,1.0,/Users/czh/Projects/Clash Legends/ClashLegends-开发素材库/05-已完成/训练木桩/源件与过程记录/木桩音频解码/txtp/Play_sfx_practicedummy_death {r3}.txtp,0fddd0ea7b37166b7c5e08af790bf6695d41a5b82af95405e5fc679a2652690b,.team0.form0.audio.events.death.pool[2];.team1.form0.audio.events.death.pool[2],
target_dummy,训练木桩,音效,assets/audio/units/target_dummy/play_sfx_practicedummy_onhit_r1.wav,自动增益残留（波形确认）,18.0,-0.001,0.0,18.0,1.0,/Users/czh/Projects/Clash Legends/ClashLegends-开发素材库/05-已完成/训练木桩/源件与过程记录/木桩音频解码/txtp/Play_sfx_practicedummy_onhit {r1}.txtp,6d46b53a62e5353e1fd68a75f6c9c76ebaac81afaa84338aa6f5715d653431c0,.team0.form0.audio.events.hit.pool[0];.team1.form0.audio.events.hit.pool[0],
target_dummy,训练木桩,音效,assets/audio/units/target_dummy/play_sfx_practicedummy_onhit_r2.wav,自动增益残留（波形确认）,18.0,-0.001,0.0,18.0,1.0,/Users/czh/Projects/Clash Legends/ClashLegends-开发素材库/05-已完成/训练木桩/源件与过程记录/木桩音频解码/txtp/Play_sfx_practicedummy_onhit {r2}.txtp,665c0ce5d84d3e77fc7e57bcdb591adc0192e0d678a126206dd98e561b34c5cf,.team0.form0.audio.events.hit.pool[1];.team1.form0.audio.events.hit.pool[1],
target_dummy,训练木桩,音效,assets/audio/units/target_dummy/play_sfx_practicedummy_onhit_r3.wav,自动增益残留（波形确认）,18.0,-0.001,0.0,18.0,1.0,/Users/czh/Projects/Clash Legends/ClashLegends-开发素材库/05-已完成/训练木桩/源件与过程记录/木桩音频解码/txtp/Play_sfx_practicedummy_onhit {r3}.txtp,244437b7ce25e9f73aac2906d168ac3632bc2a052f892ea08ac6fbffbd38c69e,.team0.form0.audio.events.hit.pool[2];.team1.form0.audio.events.hit.pool[2],
target_dummy,训练木桩,音效,assets/audio/units/target_dummy/play_sfx_practicedummy_onhit_r4.wav,自动增益残留（波形确认）,18.0,-0.001,0.0,18.0,1.0,/Users/czh/Projects/Clash Legends/ClashLegends-开发素材库/05-已完成/训练木桩/源件与过程记录/木桩音频解码/txtp/Play_sfx_practicedummy_onhit {r4}.txtp,e5019d4aca602749168b84d9f2ebd964e09068f5c7807d667cd6f5e46527eeb5,.team0.form0.audio.events.hit.pool[3];.team1.form0.audio.events.hit.pool[3],
target_dummy,训练木桩,音效,assets/audio/units/target_dummy/play_sfx_practicedummy_spawn_r1.wav,自动增益残留（波形确认）,14.0,-0.001,0.0,14.0,1.0,/Users/czh/Projects/Clash Legends/ClashLegends-开发素材库/05-已完成/训练木桩/源件与过程记录/木桩音频解码/txtp/Play_sfx_practicedummy_spawn {r1}.txtp,7f52b16d4fbbfafc4a3172e2acec5819c42ccecee0bfb60ced1756fc82d27969,.team0.form0.audio.events.deploy:start.pool[0];.team1.form0.audio.events.deploy:start.pool[0],
target_dummy,训练木桩,音效,assets/audio/units/target_dummy/play_sfx_practicedummy_spawn_r2.wav,自动增益残留（波形确认）,14.0,-0.001,0.0,14.0,1.0,/Users/czh/Projects/Clash Legends/ClashLegends-开发素材库/05-已完成/训练木桩/源件与过程记录/木桩音频解码/txtp/Play_sfx_practicedummy_spawn {r2}.txtp,138c0a14073452aa0e52e58bd2c3e81211881e0213add3b75997f2ceb3a184f8,.team0.form0.audio.events.deploy:start.pool[1];.team1.form0.audio.events.deploy:start.pool[1],
teemo,提莫,音效,assets/audio/units/teemo/play_sfx_teemo_respawn3d_buffactivate.wav,未发现自动增益残留（波形确认）,,-0.003,0.0,-0.0,0.99999998,/Users/czh/Projects/Clash Legends/ClashLegends-开发素材库/04-中间产物/素材加工/card_audio_batch/teemo/txtp/Play_sfx_Teemo_Respawn3D_buffactivate.txtp,6124015f22902962c874288281f45c20d4cd0f32d090decd2f113ee046778902,.team0.form0.audio.events.deploy:start.pool[0];.team1.form0.audio.events.deploy:start.pool[0],
teemo,提莫,音效,assets/audio/units/teemo/play_sfx_teemo_teemobasicattack_oncast_r1.wav,未发现自动增益残留（波形确认）,,-0.003,-3.0,-3.0,0.99999995,/Users/czh/Projects/Clash Legends/ClashLegends-开发素材库/04-中间产物/素材加工/card_audio_batch/teemo/txtp/Play_sfx_Teemo_TeemoBasicAttack_OnCast {r1}.txtp,95998c773c37494176d07dbb7d3ecf8b4e3122d0ef7aa1dfe1228cab960fbd10,.team0.form0.audio.attack_swing[0][0];.team1.form0.audio.attack_swing[0][0],
teemo,提莫,音效,assets/audio/units/teemo/play_sfx_teemo_teemobasicattack_oncast_r2.wav,未发现自动增益残留（波形确认）,,-0.003,-3.0,-3.0,0.99999995,/Users/czh/Projects/Clash Legends/ClashLegends-开发素材库/04-中间产物/素材加工/card_audio_batch/teemo/txtp/Play_sfx_Teemo_TeemoBasicAttack_OnCast {r2}.txtp,df4cf8d284c785b606ec402117031ed1c1ae725513a339140b685c939e0117b4,.team0.form0.audio.attack_swing[0][1];.team1.form0.audio.attack_swing[0][1],
teemo,提莫,音效,assets/audio/units/teemo/play_sfx_teemo_teemobasicattack_onhit_r1.wav,未发现自动增益残留（波形确认）,,-0.004,-5.0,-5.0,0.99999988,/Users/czh/Projects/Clash Legends/ClashLegends-开发素材库/04-中间产物/素材加工/card_audio_batch/teemo/txtp/Play_sfx_Teemo_TeemoBasicAttack_OnHit {r1}.txtp,8a5d3ce0ef883bbe1bdf64b96cd8c703ba94861bd3a54faf36801f9f545a7aa4,.team0.form0.audio.attack_hit[0];.team1.form0.audio.attack_hit[0],
teemo,提莫,音效,assets/audio/units/teemo/play_sfx_teemo_teemobasicattack_onhit_r2.wav,未发现自动增益残留（波形确认）,,-0.004,-5.0,-5.0,0.99999988,/Users/czh/Projects/Clash Legends/ClashLegends-开发素材库/04-中间产物/素材加工/card_audio_batch/teemo/txtp/Play_sfx_Teemo_TeemoBasicAttack_OnHit {r2}.txtp,5e9c2547e76781f6c46844752a3e9d4bcb81213a19c075d4d1d06bf1358540b4,.team0.form0.audio.attack_hit[1];.team1.form0.audio.attack_hit[1],
teemo,提莫,音效,assets/audio/units/teemo/play_sfx_teemo_teemobasicattack_onmissilelaunch_r1.wav,未发现自动增益残留（波形确认）,,-0.003,0.0,-0.0,0.99999998,/Users/czh/Projects/Clash Legends/ClashLegends-开发素材库/04-中间产物/素材加工/card_audio_batch/teemo/txtp/Play_sfx_Teemo_TeemoBasicAttack_OnMissileLaunch {r1}.txtp,a78034a66a365d268030335e78e62f19be14bcf68a2a85fe79a1424fbd68ee9b,.team0.form0.audio.events.attack_launch.pool[0];.team1.form0.audio.events.attack_launch.pool[0],
teemo,提莫,音效,assets/audio/units/teemo/play_sfx_teemo_teemobasicattack_onmissilelaunch_r2.wav,未发现自动增益残留（波形确认）,,-0.003,0.0,-0.0,0.99999997,/Users/czh/Projects/Clash Legends/ClashLegends-开发素材库/04-中间产物/素材加工/card_audio_batch/teemo/txtp/Play_sfx_Teemo_TeemoBasicAttack_OnMissileLaunch {r2}.txtp,e9b395cf8faabb49af5f7447537cc0c6e21b8970d03efab777929d47b764f267,.team0.form0.audio.events.attack_launch.pool[1];.team1.form0.audio.events.attack_launch.pool[1],
teemo,提莫,音效,assets/audio/units/teemo/play_sfx_teemo_teemoq_oncast.wav,未发现自动增益残留（波形确认）,,-0.001,0.0,-0.0,0.99999999,/Users/czh/Projects/Clash Legends/ClashLegends-开发素材库/04-中间产物/素材加工/card_audio_batch/teemo/txtp/Play_sfx_Teemo_TeemoQ_OnCast.txtp,7ff3b2e0800485c3dc1dc4cd99eeefa5cbc1a970ffba1dd15bd38880489f77a1,.team0.form0.audio.events.empowered_swing.pool[0];.team1.form0.audio.events.empowered_swing.pool[0],
teemo,提莫,音效,assets/audio/units/teemo/play_sfx_teemo_teemoq_onhit_r1.wav,未发现自动增益残留（波形确认）,,-0.002,-5.0,-5.0,0.99999999,/Users/czh/Projects/Clash Legends/ClashLegends-开发素材库/04-中间产物/素材加工/card_audio_batch/teemo/txtp/Play_sfx_Teemo_TeemoQ_OnHit {r1}.txtp,9b7f470b659031121636591609bfcb5f160ec84f48e24c9de978aca947a15d39,.team0.form0.audio.empowered_hit[0];.team1.form0.audio.empowered_hit[0],
teemo,提莫,音效,assets/audio/units/teemo/play_sfx_teemo_teemoq_onhit_r2.wav,未发现自动增益残留（波形确认）,,-0.002,-5.0,-5.0,0.99999999,/Users/czh/Projects/Clash Legends/ClashLegends-开发素材库/04-中间产物/素材加工/card_audio_batch/teemo/txtp/Play_sfx_Teemo_TeemoQ_OnHit {r2}.txtp,5b36bc8ba23f091a264fe6e537c491fe0e4f89cf21465b6be40442704387f5e7,.team0.form0.audio.empowered_hit[1];.team1.form0.audio.empowered_hit[1],
teemo,提莫,音效,assets/audio/units/teemo/play_sfx_teemo_teemoq_onmissilelaunch_r1.wav,未发现自动增益残留（波形确认）,,-0.002,0.0,-0.0,1.0,/Users/czh/Projects/Clash Legends/ClashLegends-开发素材库/04-中间产物/素材加工/card_audio_batch/teemo/txtp/Play_sfx_Teemo_TeemoQ_OnMissileLaunch {r1}.txtp,add5e2e6b2262344a110d7b738e54466253f397dc6fa479db236913c542c3a13,.team0.form0.audio.events.empowered_launch.pool[0];.team1.form0.audio.events.empowered_launch.pool[0],
teemo,提莫,音效,assets/audio/units/teemo/play_sfx_teemo_teemoq_onmissilelaunch_r2.wav,未发现自动增益残留（波形确认）,,-0.002,0.0,-0.0,1.0,/Users/czh/Projects/Clash Legends/ClashLegends-开发素材库/04-中间产物/素材加工/card_audio_batch/teemo/txtp/Play_sfx_Teemo_TeemoQ_OnMissileLaunch {r2}.txtp,ede060460d1395cbd726424d7e8b4916b6c9ffea05c6233c8a03522950a069ac,.team0.form0.audio.events.empowered_launch.pool[1];.team1.form0.audio.events.empowered_launch.pool[1],
teemo,提莫,语音,assets/audio/units/teemo/play_vo_teemo_death3d_r1_zh_cn.wav,自动增益残留（波形确认）,14.0,-0.001,0.0,14.0,1.0,/Users/czh/Projects/Clash Legends/ClashLegends-开发素材库/04-中间产物/素材加工/card_audio_batch/teemo_vo/txtp/Play_vo_Teemo_Death3D {r1}.txtp,172a386f0d5625322d23d2ff82d30ef8ed1f4c9d56bdbf9ac2b8a75c784491a7,.team0.form0.audio.events.death.pool[0];.team1.form0.audio.events.death.pool[0],
teemo,提莫,语音,assets/audio/units/teemo/play_vo_teemo_death3d_r2_zh_cn.wav,自动增益残留（波形确认）,14.0,-0.001,0.0,14.0,1.0,/Users/czh/Projects/Clash Legends/ClashLegends-开发素材库/04-中间产物/素材加工/card_audio_batch/teemo_vo/txtp/Play_vo_Teemo_Death3D {r2}.txtp,f4fa9c68b9806d26084f76ba145c8b47edecb5e2958efbe6dccc5b765e71df67,.team0.form0.audio.events.death.pool[1];.team1.form0.audio.events.death.pool[1],
teemo,提莫,语音,assets/audio/units/teemo/play_vo_teemo_death3d_r3_zh_cn.wav,自动增益残留（波形确认）,14.0,-0.001,0.0,14.0,1.0,/Users/czh/Projects/Clash Legends/ClashLegends-开发素材库/04-中间产物/素材加工/card_audio_batch/teemo_vo/txtp/Play_vo_Teemo_Death3D {r3}.txtp,581e995937841059737c8e5b0c378acb8a1bb95de2fdbeb13e60dbb3354e1355,.team0.form0.audio.events.death.pool[2];.team1.form0.audio.events.death.pool[2],
tombstone,墓碑,音效,assets/audio/units/tombstone/play_sfx_yorick_yorickw_death_r1.wav,未发现自动增益残留（波形确认）,,-0.003,0.0,-0.0,0.99999998,/Users/czh/Projects/Clash Legends/ClashLegends-开发素材库/04-中间产物/素材加工/card_audio_batch/yorick/txtp/Play_sfx_Yorick_YorickW_death {r1}.txtp,f2817ad7ab577d3cdf02a7e313b4258f5db3355b0d55b76f4f8aa33c2e56ac49,.team0.form0.audio.events.death.pool[0];.team1.form0.audio.events.death.pool[0],
tombstone,墓碑,音效,assets/audio/units/tombstone/play_sfx_yorick_yorickw_death_r2.wav,未发现自动增益残留（波形确认）,,-0.003,0.0,-0.0,0.99999998,/Users/czh/Projects/Clash Legends/ClashLegends-开发素材库/04-中间产物/素材加工/card_audio_batch/yorick/txtp/Play_sfx_Yorick_YorickW_death {r2}.txtp,22354dcf39f26ba072555165607c3649fcfbee919efec5f05dcf7fbfecf85cdf,.team0.form0.audio.events.death.pool[1];.team1.form0.audio.events.death.pool[1],
tombstone,墓碑,音效,assets/audio/units/tombstone/play_sfx_yorick_yorickw_death_r3.wav,未发现自动增益残留（波形确认）,,-0.003,0.0,-0.0,0.99999998,/Users/czh/Projects/Clash Legends/ClashLegends-开发素材库/04-中间产物/素材加工/card_audio_batch/yorick/txtp/Play_sfx_Yorick_YorickW_death {r3}.txtp,f63c30c4fe8bd8f243ff520d7c23727e68cbade75bdb68e936ae352c931289d5,.team0.form0.audio.events.death.pool[2];.team1.form0.audio.events.death.pool[2],
tombstone,墓碑,音效,assets/audio/units/tombstone/play_sfx_yorick_yorickw_death_r4.wav,未发现自动增益残留（波形确认）,,-0.003,0.0,-0.0,0.99999998,/Users/czh/Projects/Clash Legends/ClashLegends-开发素材库/04-中间产物/素材加工/card_audio_batch/yorick/txtp/Play_sfx_Yorick_YorickW_death {r4}.txtp,9655a732f22d81b3861c96ff16d0cff5c50d0a419a5881f4f77fdbfaab07efd3,.team0.form0.audio.events.death.pool[3];.team1.form0.audio.events.death.pool[3],
tombstone,墓碑,音效,assets/audio/units/tombstone/play_sfx_yorick_yorickw_oncast_r1.wav,未发现自动增益残留（波形确认）,,-0.003,0.0,-0.0,0.99999998,/Users/czh/Projects/Clash Legends/ClashLegends-开发素材库/04-中间产物/素材加工/card_audio_batch/yorick/txtp/Play_sfx_Yorick_YorickW_OnCast {r1}.txtp,7684a41da75159c7f3c1d7d393129e64c992560b86ab946c59388273dfdb0df1,.team0.form0.audio.events.active:cast.pool[0];.team1.form0.audio.events.active:cast.pool[0],
tombstone,墓碑,音效,assets/audio/units/tombstone/play_sfx_yorick_yorickw_onhitlocation_r1.wav,未发现自动增益残留（波形确认）,,-0.001,0.0,-0.0,1.0,/Users/czh/Projects/Clash Legends/ClashLegends-开发素材库/04-中间产物/素材加工/card_audio_batch/yorick/txtp/Play_sfx_Yorick_YorickW_OnHitLocation {r}.txtp,6423f9d1d888bb7eda1fd6deadabdde2d124f359931a4985d71b2b96f15b9071,.team0.form0.audio.events.deploy:start.pool[0];.team1.form0.audio.events.deploy:start.pool[0],
tombstone,墓碑,音效,assets/audio/units/tombstone/play_sfx_yorick_yorickw_onhitlocation_r2.wav,未发现自动增益残留（波形确认）,,-0.001,0.0,-0.0,1.0,/Users/czh/Projects/Clash Legends/ClashLegends-开发素材库/04-中间产物/素材加工/card_audio_batch/yorick/txtp/yorick_base_sfx_events-0263-event {r}.txtp,45f386449169e9164594cb8ebc701b9736554010181565f29489cc9dec630622,.team0.form0.audio.events.deploy:start.pool[1];.team1.form0.audio.events.deploy:start.pool[1],
tombstone,墓碑,音效,assets/audio/units/tombstone/play_sfx_yorick_yorickwwalllife_onbuffactivate_r1.wav,未发现自动增益残留（波形确认）,,-0.008,0.0,-0.01,0.99999982,/Users/czh/Projects/Clash Legends/ClashLegends-开发素材库/04-中间产物/素材加工/card_audio_batch/yorick/txtp/Play_sfx_Yorick_YorickWWallLife_OnBuffActivate {m}.txtp,2401b05e98b7f0d524b120077206854b194e24fc9d4757fada191a8562d6e206,.team0.form0.audio.events.idle:sustain.pool[0];.team1.form0.audio.events.idle:sustain.pool[0],
tristana,麦林炮手,语音,assets/audio/units/tristana/deploy_cannot_touch_me_zh_cn.wav,自动增益残留（波形确认）,14.0,-4.0,0.0,10.0,1.0,/Users/czh/Projects/Clash Legends/ClashLegends-开发素材库/03-制作中/麦林炮手/escape-voices/txtp/Play_vo_Tristana_TristanaW_cast3DLowHealth {r5}.txtp,c9724272e1d24fcb445eb950852106e475df65ea3a92c472563c32fb95c8ee97,.team0.form0.audio.events.deploy:voice.pool[2];.team1.form0.audio.events.deploy:voice.pool[2],
tristana,麦林炮手,语音,assets/audio/units/tristana/deploy_crossfire_zh_cn.wav,自动增益残留（波形确认）,14.0,-4.0,0.0,10.0,1.0,/Users/czh/Projects/Clash Legends/ClashLegends-开发素材库/03-制作中/麦林炮手/attack-voices/txtp/Play_vo_Tristana_Attack2DGeneral {r18}.txtp,ed0ec36a4d4341edd2cf9ada58baf82f2ce17551693c3bfb4369d0303d298c40,.team0.form0.audio.events.deploy:voice.pool[0];.team1.form0.audio.events.deploy:voice.pool[0],
tristana,麦林炮手,语音,assets/audio/units/tristana/deploy_ready_aim_fire_zh_cn.wav,自动增益残留（波形确认）,14.0,-4.0,0.0,10.0,1.0,/Users/czh/Projects/Clash Legends/ClashLegends-开发素材库/03-制作中/麦林炮手/attack-voices/txtp/Play_vo_Tristana_Attack2DGeneral {r17}.txtp,5340630e760233e996a521353821da64df72e748ab52d694b44b4614a5c3a7c9,.team0.form0.audio.events.deploy:voice.pool[1];.team1.form0.audio.events.deploy:voice.pool[1],
tristana,麦林炮手,音效,assets/audio/units/tristana/play_sfx_tristana_tristanabasicattack_onhit_1559186049_1153642577_r_d.wav,自动增益残留（波形确认）,18.0,-4.0,-5.0,9.0,1.0,/Users/czh/Projects/Clash Legends/ClashLegends-开发素材库/03-制作中/麦林炮手/audio/tristana/txtp/Play_sfx_Tristana_TristanaBasicAttack_OnHit [1559186049=1153642577] {r} {d}.txtp,bf18a6f4e9b5f70ad84e3145ab6202b9ac9d3a67d998bca2e45e54d520af117e,.team0.form0.audio.attack_hit[0];.team1.form0.audio.attack_hit[0],
tristana,麦林炮手,音效,assets/audio/units/tristana/play_sfx_tristana_tristanabasicattack_onmissilelaunch_r1_d.wav,自动增益残留（波形确认）,17.0,-4.0,0.0,13.0,1.0,/Users/czh/Projects/Clash Legends/ClashLegends-开发素材库/03-制作中/麦林炮手/audio/tristana/txtp/Play_sfx_Tristana_TristanaBasicAttack_OnMissileLaunch {r1} {d}.txtp,9bacd7b7f9e9f0f0af6becddffdf9e2d5ddd2b053675f8dab406da99b0f97aa9,.team0.form0.audio.events.attack_launch.pool[0];.team1.form0.audio.events.attack_launch.pool[0],
tristana,麦林炮手,音效,assets/audio/units/tristana/play_sfx_tristana_tristanabasicattack_onmissilelaunch_r2_d.wav,自动增益残留（波形确认）,17.0,-4.0,0.0,13.0,1.0,/Users/czh/Projects/Clash Legends/ClashLegends-开发素材库/03-制作中/麦林炮手/audio/tristana/txtp/Play_sfx_Tristana_TristanaBasicAttack_OnMissileLaunch {r2} {d}.txtp,8c6ed84802f08a4e6f3fc89b0684b88c38204709b8cafcfa5ca2b4ee328236ad,.team0.form0.audio.events.attack_launch.pool[1];.team1.form0.audio.events.attack_launch.pool[1],
tristana,麦林炮手,音效,assets/audio/units/tristana/play_sfx_tristana_tristanabasicattack_onmissilelaunch_r3_d.wav,自动增益残留（波形确认）,17.0,-4.0,0.0,13.0,1.0,/Users/czh/Projects/Clash Legends/ClashLegends-开发素材库/03-制作中/麦林炮手/audio/tristana/txtp/Play_sfx_Tristana_TristanaBasicAttack_OnMissileLaunch {r3} {d}.txtp,0c5d0aaef627fcc69d957e8602d69405c313c6c34b4ce2acd8dfb5a2032c18fa,.team0.form0.audio.events.attack_launch.pool[2];.team1.form0.audio.events.attack_launch.pool[2],
tristana,麦林炮手,音效,assets/audio/units/tristana/play_sfx_tristana_tristanaq_onbuffdeactivate.wav,自动增益残留（波形确认）,17.0,-4.0,0.0,13.0,1.0,/Users/czh/Projects/Clash Legends/ClashLegends-开发素材库/03-制作中/麦林炮手/audio/tristana/txtp/Play_sfx_Tristana_TristanaQ_OnBuffDeactivate.txtp,6d1106e9a6135a7f88261a22e7b1ed2eb171af7963364898f01fce1a39f9f66e,.team0.form0.audio.events.active_buff:end.pool[0];.team1.form0.audio.events.active_buff:end.pool[0],
tristana,麦林炮手,音效,assets/audio/units/tristana/play_sfx_tristana_tristanaq_oncast_r1.wav,自动增益残留（波形确认）,13.0,-4.0,0.0,9.0,1.0,/Users/czh/Projects/Clash Legends/ClashLegends-开发素材库/03-制作中/麦林炮手/audio/tristana/txtp/Play_sfx_Tristana_TristanaQ_OnCast {r1}.txtp,895cce1b12e5fee34e97a98fd982a9edb2ff4775e3b8c1e314616fe3bfdab96a,.team0.form0.audio.events.active_buff:start.pool[0];.team1.form0.audio.events.active_buff:start.pool[0],
tristana,麦林炮手,音效,assets/audio/units/tristana/play_sfx_tristana_tristanaq_oncast_r2.wav,自动增益残留（波形确认）,13.0,-4.0,0.0,9.0,1.0,/Users/czh/Projects/Clash Legends/ClashLegends-开发素材库/03-制作中/麦林炮手/audio/tristana/txtp/Play_sfx_Tristana_TristanaQ_OnCast {r2}.txtp,56367f9b9ef381c6a3f1f0e61f3cbbd9cad2204bb8cb5718683ca20fed710225,.team0.form0.audio.events.active_buff:start.pool[1];.team1.form0.audio.events.active_buff:start.pool[1],
tristana,麦林炮手,音效,assets/audio/units/tristana/play_sfx_tristana_tristanaq_oncast_r3.wav,自动增益残留（波形确认）,13.0,-4.0,0.0,9.0,1.0,/Users/czh/Projects/Clash Legends/ClashLegends-开发素材库/03-制作中/麦林炮手/audio/tristana/txtp/Play_sfx_Tristana_TristanaQ_OnCast {r3}.txtp,fb67de7650c02bca07bf446627bc9e9013a7f8cef452c461ad391ec95200fef6,.team0.form0.audio.events.active_buff:start.pool[2];.team1.form0.audio.events.active_buff:start.pool[2],
tristana,麦林炮手,语音,assets/audio/units/tristana/play_vo_tristana_death3d_r1_zh_cn.wav,自动增益残留（波形确认）,12.0,-4.0,0.0,8.0,1.0,/Users/czh/Projects/Clash Legends/ClashLegends-开发素材库/03-制作中/麦林炮手/audio/tristana_vo/txtp/Play_vo_Tristana_Death3D {r1}.txtp,47398c5ba3383ad81afa9efb61d2264728ffa23f1c29292416fd549366c77058,.team0.form0.audio.events.death.pool[0];.team1.form0.audio.events.death.pool[0],
tristana,麦林炮手,语音,assets/audio/units/tristana/play_vo_tristana_death3d_r2_zh_cn.wav,自动增益残留（波形确认）,12.0,-4.0,0.0,8.0,1.0,/Users/czh/Projects/Clash Legends/ClashLegends-开发素材库/03-制作中/麦林炮手/audio/tristana_vo/txtp/Play_vo_Tristana_Death3D {r2}.txtp,5b3b164b47d93595192acad354e10d2f77d902a217caa547fa6abea30ea58c94,.team0.form0.audio.events.death.pool[1];.team1.form0.audio.events.death.pool[1],
tristana,麦林炮手,语音,assets/audio/units/tristana/play_vo_tristana_death3d_r3_zh_cn.wav,自动增益残留（波形确认）,12.0,-4.0,0.0,8.0,1.0,/Users/czh/Projects/Clash Legends/ClashLegends-开发素材库/03-制作中/麦林炮手/audio/tristana_vo/txtp/Play_vo_Tristana_Death3D {r3}.txtp,6e2cd0e94feb3e36a010d01f8c186336fd9e57c43f468bfda74ec6a06d26fa47,.team0.form0.audio.events.death.pool[2];.team1.form0.audio.events.death.pool[2],
tryndamere,蛮族之王,音效,assets/audio/units/tryndamere/attack1_1.wav,自动增益残留（波形确认）,16.0,-2.216,-5,8.78,1.0,/Users/czh/Projects/Clash Legends/ClashLegends-开发素材库/03-制作中/蛮族之王/audio/tryndamere/txtp/Play_sfx_Tryndamere_TryndamereBasicAttack_OnCast {r1} {d}.txtp,b11df45490615a1fd5ab5a77a46c200dcbe24eb72b74e36a0cc0c2eb747d9cac,.team0.form0.audio.attack_swing[0][0];.team1.form0.audio.attack_swing[0][0],
tryndamere,蛮族之王,音效,assets/audio/units/tryndamere/attack1_2.wav,自动增益残留（波形确认）,16.0,-2.216,-5,8.78,1.0,/Users/czh/Projects/Clash Legends/ClashLegends-开发素材库/03-制作中/蛮族之王/audio/tryndamere/txtp/Play_sfx_Tryndamere_TryndamereBasicAttack_OnCast {r2} {d}.txtp,505766b662043c514160d1fa5d950b36f820ecec980bb9016e86d21eaf7e0217,.team0.form0.audio.attack_swing[0][1];.team1.form0.audio.attack_swing[0][1],
tryndamere,蛮族之王,音效,assets/audio/units/tryndamere/attack1_3.wav,自动增益残留（波形确认）,16.0,-2.216,-5,8.78,1.0,/Users/czh/Projects/Clash Legends/ClashLegends-开发素材库/03-制作中/蛮族之王/audio/tryndamere/txtp/Play_sfx_Tryndamere_TryndamereBasicAttack_OnCast {r3} {d}.txtp,48aaff702366bb5399f3ff1892d5859f6c14c5a38c48513778a262ab9f24665c,.team0.form0.audio.attack_swing[0][2];.team1.form0.audio.attack_swing[0][2],
tryndamere,蛮族之王,音效,assets/audio/units/tryndamere/attack1_4.wav,自动增益残留（波形确认）,16.0,-2.216,-5,8.78,1.0,/Users/czh/Projects/Clash Legends/ClashLegends-开发素材库/03-制作中/蛮族之王/audio/tryndamere/txtp/Play_sfx_Tryndamere_TryndamereBasicAttack_OnCast {r4} {d}.txtp,a4c0039f9105b325243d1e23bc22b49a2ccc20a55e839eb8876fc11a98d7a33f,.team0.form0.audio.attack_swing[0][3];.team1.form0.audio.attack_swing[0][3],
tryndamere,蛮族之王,音效,assets/audio/units/tryndamere/attack2_1.wav,自动增益残留（波形确认）,16.0,-2.216,-5,8.78,1.0,/Users/czh/Projects/Clash Legends/ClashLegends-开发素材库/03-制作中/蛮族之王/audio/tryndamere/txtp/Play_sfx_Tryndamere_TryndamereBasicAttack2_OnCast {r1}.txtp,b11df45490615a1fd5ab5a77a46c200dcbe24eb72b74e36a0cc0c2eb747d9cac,.team0.form0.audio.attack_swing[1][0];.team1.form0.audio.attack_swing[1][0],
tryndamere,蛮族之王,音效,assets/audio/units/tryndamere/attack2_2.wav,自动增益残留（波形确认）,16.0,-2.216,-5,8.78,1.0,/Users/czh/Projects/Clash Legends/ClashLegends-开发素材库/03-制作中/蛮族之王/audio/tryndamere/txtp/Play_sfx_Tryndamere_TryndamereBasicAttack2_OnCast {r2}.txtp,505766b662043c514160d1fa5d950b36f820ecec980bb9016e86d21eaf7e0217,.team0.form0.audio.attack_swing[1][1];.team1.form0.audio.attack_swing[1][1],
tryndamere,蛮族之王,音效,assets/audio/units/tryndamere/attack2_3.wav,自动增益残留（波形确认）,16.0,-2.216,-5,8.78,1.0,/Users/czh/Projects/Clash Legends/ClashLegends-开发素材库/03-制作中/蛮族之王/audio/tryndamere/txtp/Play_sfx_Tryndamere_TryndamereBasicAttack2_OnCast {r3}.txtp,48aaff702366bb5399f3ff1892d5859f6c14c5a38c48513778a262ab9f24665c,.team0.form0.audio.attack_swing[1][2];.team1.form0.audio.attack_swing[1][2],
tryndamere,蛮族之王,音效,assets/audio/units/tryndamere/attack2_4.wav,自动增益残留（波形确认）,16.0,-2.216,-5,8.78,1.0,/Users/czh/Projects/Clash Legends/ClashLegends-开发素材库/03-制作中/蛮族之王/audio/tryndamere/txtp/Play_sfx_Tryndamere_TryndamereBasicAttack2_OnCast {r4}.txtp,a4c0039f9105b325243d1e23bc22b49a2ccc20a55e839eb8876fc11a98d7a33f,.team0.form0.audio.attack_swing[1][3];.team1.form0.audio.attack_swing[1][3],
tryndamere,蛮族之王,音效,assets/audio/units/tryndamere/crit_1.wav,自动增益残留（波形确认）,14.0,-2.216,-5,6.78,1.0,/Users/czh/Projects/Clash Legends/ClashLegends-开发素材库/03-制作中/蛮族之王/audio/tryndamere/txtp/Play_sfx_Tryndamere_TryndamereCritAttack_OnCast {r1}.txtp,e365f7a5b0c11dc095500e1d76e548787cd72b4e95cd0445b9332892013607bb,.team0.form0.audio.attack_swing[2][0];.team1.form0.audio.attack_swing[2][0],
tryndamere,蛮族之王,音效,assets/audio/units/tryndamere/crit_2.wav,自动增益残留（波形确认）,14.0,-2.216,-5,6.78,1.0,/Users/czh/Projects/Clash Legends/ClashLegends-开发素材库/03-制作中/蛮族之王/audio/tryndamere/txtp/Play_sfx_Tryndamere_TryndamereCritAttack_OnCast {r2}.txtp,a0352ba39d2da686efdde201f59c3e3b92b6d811e7598e5bf199e86e021a16e7,.team0.form0.audio.attack_swing[2][1];.team1.form0.audio.attack_swing[2][1],
tryndamere,蛮族之王,音效,assets/audio/units/tryndamere/crit_3.wav,自动增益残留（波形确认）,14.0,-2.216,-5,6.78,1.0,/Users/czh/Projects/Clash Legends/ClashLegends-开发素材库/03-制作中/蛮族之王/audio/tryndamere/txtp/Play_sfx_Tryndamere_TryndamereCritAttack_OnCast {r3}.txtp,fe79cd47c0cc9f3dad96e37628ccdd18e87238053f4bc06fa3c91937c420ddda,.team0.form0.audio.attack_swing[2][2];.team1.form0.audio.attack_swing[2][2],
tryndamere,蛮族之王,音效,assets/audio/units/tryndamere/crit_4.wav,自动增益残留（波形确认）,14.0,-2.216,-5,6.78,1.0,/Users/czh/Projects/Clash Legends/ClashLegends-开发素材库/03-制作中/蛮族之王/audio/tryndamere/txtp/Play_sfx_Tryndamere_TryndamereCritAttack_OnCast {r4}.txtp,b63fd47320c608bf9a178eba8bf2a0f1546d4c87e98e77713843ca52660207c4,.team0.form0.audio.attack_swing[2][3];.team1.form0.audio.attack_swing[2][3],
tryndamere,蛮族之王,音效,assets/audio/units/tryndamere/crit_hit_1.wav,自动增益残留（波形确认）,15.0,-2.216,-4,8.78,1.0,/Users/czh/Projects/Clash Legends/ClashLegends-开发素材库/03-制作中/蛮族之王/audio/tryndamere/txtp/Play_sfx_Tryndamere_TryndamereCritAttack_OnHit {r1}.txtp,6748345f36ead7a5b8aba0d5c864f889efc5cfbac12d238adf485108dc95a3f8,.team0.form0.audio.attack_hit_by_segment[2][0];.team1.form0.audio.attack_hit_by_segment[2][0],
tryndamere,蛮族之王,音效,assets/audio/units/tryndamere/crit_hit_2.wav,自动增益残留（波形确认）,15.0,-2.216,-4,8.78,1.0,/Users/czh/Projects/Clash Legends/ClashLegends-开发素材库/03-制作中/蛮族之王/audio/tryndamere/txtp/Play_sfx_Tryndamere_TryndamereCritAttack_OnHit {r2}.txtp,510dcf98a118feeaafd4e05a5d8eea6d6ed488a4722f81053776e5c8ab93f43b,.team0.form0.audio.attack_hit_by_segment[2][1];.team1.form0.audio.attack_hit_by_segment[2][1],
tryndamere,蛮族之王,音效,assets/audio/units/tryndamere/crit_hit_3.wav,自动增益残留（波形确认）,15.0,-2.216,-4,8.78,1.0,/Users/czh/Projects/Clash Legends/ClashLegends-开发素材库/03-制作中/蛮族之王/audio/tryndamere/txtp/Play_sfx_Tryndamere_TryndamereCritAttack_OnHit {r3}.txtp,74baeb9d4288d5b13920adb7487b757d383b9c07ae584c9ab057db9646dd5a2f,.team0.form0.audio.attack_hit_by_segment[2][2];.team1.form0.audio.attack_hit_by_segment[2][2],
tryndamere,蛮族之王,音效,assets/audio/units/tryndamere/crit_hit_4.wav,自动增益残留（波形确认）,15.0,-2.216,-4,8.78,1.0,/Users/czh/Projects/Clash Legends/ClashLegends-开发素材库/03-制作中/蛮族之王/audio/tryndamere/txtp/Play_sfx_Tryndamere_TryndamereCritAttack_OnHit {r4}.txtp,de636a48f65ec188ea6a75f86ae237dfc517d9b54893a3f0dc57f066b704ecca,.team0.form0.audio.attack_hit_by_segment[2][3];.team1.form0.audio.attack_hit_by_segment[2][3],
tryndamere,蛮族之王,语音,assets/audio/units/tryndamere/death_1.wav,自动增益残留（波形确认）,12.0,-2.216,0,9.78,1.0,/Users/czh/Projects/Clash Legends/ClashLegends-开发素材库/03-制作中/蛮族之王/audio/tryndamere_vo/txtp/Play_vo_Tryndamere_Death3D {r1}.txtp,daf546dbcf02780696a5d1f4911b6d69baaf133ee79ea1829ea7b5c76643fcfd,.team0.form0.audio.events.death.pool[0];.team1.form0.audio.events.death.pool[0],
tryndamere,蛮族之王,语音,assets/audio/units/tryndamere/death_2.wav,自动增益残留（波形确认）,12.0,-2.216,0,9.78,1.0,/Users/czh/Projects/Clash Legends/ClashLegends-开发素材库/03-制作中/蛮族之王/audio/tryndamere_vo/txtp/Play_vo_Tryndamere_Death3D {r2}.txtp,9fd3a80df920d3902bfb2a41cfb073ce08be1e6ca6c88e63c7fb1e34311cc275,.team0.form0.audio.events.death.pool[1];.team1.form0.audio.events.death.pool[1],
tryndamere,蛮族之王,语音,assets/audio/units/tryndamere/death_3.wav,自动增益残留（波形确认）,12.0,-2.216,0,9.78,1.0,/Users/czh/Projects/Clash Legends/ClashLegends-开发素材库/03-制作中/蛮族之王/audio/tryndamere_vo/txtp/Play_vo_Tryndamere_Death3D {r3}.txtp,a4a5cdd0d5431c90c26b0fa2fc37e1ed18c17eafb445f46b644abcaa2577ad51,.team0.form0.audio.events.death.pool[2];.team1.form0.audio.events.death.pool[2],
tryndamere,蛮族之王,语音,assets/audio/units/tryndamere/deploy_1.wav,LCU直取/用户提供源，不经事件auto,,,0,,,,7699002f509acd75bdc0381bb7ff81ea0aa553af638413e619a14d418a40d2cf,.team0.form0.audio.events.deploy:voice.pool[0];.team1.form0.audio.events.deploy:voice.pool[0],
tryndamere,蛮族之王,语音,assets/audio/units/tryndamere/deploy_2.wav,自动增益残留（波形确认）,12.0,-2.216,0,9.78,1.0,/Users/czh/Projects/Clash Legends/ClashLegends-开发素材库/03-制作中/蛮族之王/deploy_voice/txtp/Play_vo_Tryndamere_Attack2DGeneral {r4}.txtp,28c2ea3a0b3c8f4db0328fc2b0f3b52fcf8cc6bc16107c10a3ece1cf2dee02c0,.team0.form0.audio.events.deploy:voice.pool[1];.team1.form0.audio.events.deploy:voice.pool[1],
tryndamere,蛮族之王,语音,assets/audio/units/tryndamere/deploy_3.wav,自动增益残留（波形确认）,12.0,-2.216,0,9.78,1.0,/Users/czh/Projects/Clash Legends/ClashLegends-开发素材库/03-制作中/蛮族之王/deploy_voice/txtp/Play_vo_Tryndamere_Attack2DGeneral {r3}.txtp,22c46c0e73df18308fe5e7e2ffce70aa03e2d964995a6a2a671b6d6dfee989f8,.team0.form0.audio.events.deploy:voice.pool[2];.team1.form0.audio.events.deploy:voice.pool[2],
tryndamere,蛮族之王,音效,assets/audio/units/tryndamere/hit1_1.wav,自动增益残留（波形确认）,15.0,-2.216,-4,8.78,1.0,/Users/czh/Projects/Clash Legends/ClashLegends-开发素材库/03-制作中/蛮族之王/audio/tryndamere/txtp/Play_sfx_Tryndamere_TryndamereBasicAttack_OnHit [1559186049=1153642577] {r1} {d}.txtp,e80c2ecae92ed9b2c1429a9eda978eed4ddd9b5096a120d3326d63274414c56e,.team0.form0.audio.attack_hit_by_segment[0][0];.team1.form0.audio.attack_hit_by_segment[0][0],
tryndamere,蛮族之王,音效,assets/audio/units/tryndamere/hit1_2.wav,自动增益残留（波形确认）,15.0,-2.216,-4,8.78,1.0,/Users/czh/Projects/Clash Legends/ClashLegends-开发素材库/03-制作中/蛮族之王/audio/tryndamere/txtp/Play_sfx_Tryndamere_TryndamereBasicAttack_OnHit [1559186049=1153642577] {r2} {d}.txtp,2fa7ae820f64a7393a69bfc774594f5ad0852772651a4e1cc79c330008e185b1,.team0.form0.audio.attack_hit_by_segment[0][1];.team1.form0.audio.attack_hit_by_segment[0][1],
tryndamere,蛮族之王,音效,assets/audio/units/tryndamere/hit1_3.wav,自动增益残留（波形确认）,15.0,-2.216,-4,8.78,1.0,/Users/czh/Projects/Clash Legends/ClashLegends-开发素材库/03-制作中/蛮族之王/audio/tryndamere/txtp/Play_sfx_Tryndamere_TryndamereBasicAttack_OnHit [1559186049=1153642577] {r3} {d}.txtp,daa5da9467eece4d9115e8b2a3942a6c5d68bb6c969fe2a22e5c5021622b8c92,.team0.form0.audio.attack_hit_by_segment[0][2];.team1.form0.audio.attack_hit_by_segment[0][2],
tryndamere,蛮族之王,音效,assets/audio/units/tryndamere/hit1_4.wav,自动增益残留（波形确认）,15.0,-2.216,-4,8.78,1.0,/Users/czh/Projects/Clash Legends/ClashLegends-开发素材库/03-制作中/蛮族之王/audio/tryndamere/txtp/Play_sfx_Tryndamere_TryndamereBasicAttack_OnHit [1559186049=1153642577] {r4} {d}.txtp,108da9438cf1ff4b768ab6daefc004c4ce41e327aa902d5d41dae5fd26883669,.team0.form0.audio.attack_hit_by_segment[0][3];.team1.form0.audio.attack_hit_by_segment[0][3],
tryndamere,蛮族之王,音效,assets/audio/units/tryndamere/hit2_1.wav,自动增益残留（波形确认）,15.0,-2.216,-4,8.78,1.0,/Users/czh/Projects/Clash Legends/ClashLegends-开发素材库/03-制作中/蛮族之王/audio/tryndamere/txtp/Play_sfx_Tryndamere_TryndamereBasicAttack2_OnHit [1559186049=1153642577] {r1}.txtp,e80c2ecae92ed9b2c1429a9eda978eed4ddd9b5096a120d3326d63274414c56e,.team0.form0.audio.attack_hit_by_segment[1][0];.team1.form0.audio.attack_hit_by_segment[1][0],
tryndamere,蛮族之王,音效,assets/audio/units/tryndamere/hit2_2.wav,自动增益残留（波形确认）,15.0,-2.216,-4,8.78,1.0,/Users/czh/Projects/Clash Legends/ClashLegends-开发素材库/03-制作中/蛮族之王/audio/tryndamere/txtp/Play_sfx_Tryndamere_TryndamereBasicAttack2_OnHit [1559186049=1153642577] {r2}.txtp,2fa7ae820f64a7393a69bfc774594f5ad0852772651a4e1cc79c330008e185b1,.team0.form0.audio.attack_hit_by_segment[1][1];.team1.form0.audio.attack_hit_by_segment[1][1],
tryndamere,蛮族之王,音效,assets/audio/units/tryndamere/hit2_3.wav,自动增益残留（波形确认）,15.0,-2.216,-4,8.78,1.0,/Users/czh/Projects/Clash Legends/ClashLegends-开发素材库/03-制作中/蛮族之王/audio/tryndamere/txtp/Play_sfx_Tryndamere_TryndamereBasicAttack2_OnHit [1559186049=1153642577] {r3}.txtp,daa5da9467eece4d9115e8b2a3942a6c5d68bb6c969fe2a22e5c5021622b8c92,.team0.form0.audio.attack_hit_by_segment[1][2];.team1.form0.audio.attack_hit_by_segment[1][2],
tryndamere,蛮族之王,音效,assets/audio/units/tryndamere/hit2_4.wav,自动增益残留（波形确认）,15.0,-2.216,-4,8.78,1.0,/Users/czh/Projects/Clash Legends/ClashLegends-开发素材库/03-制作中/蛮族之王/audio/tryndamere/txtp/Play_sfx_Tryndamere_TryndamereBasicAttack2_OnHit [1559186049=1153642577] {r4}.txtp,108da9438cf1ff4b768ab6daefc004c4ce41e327aa902d5d41dae5fd26883669,.team0.form0.audio.attack_hit_by_segment[1][3];.team1.form0.audio.attack_hit_by_segment[1][3],
tryndamere,蛮族之王,音效,assets/audio/units/tryndamere/ultimate_cast_1.wav,自动增益残留（波形确认）,8.0,-2.216,0,5.78,1.0,/Users/czh/Projects/Clash Legends/ClashLegends-开发素材库/03-制作中/蛮族之王/audio/tryndamere/txtp/Play_sfx_Tryndamere_UndyingRage_OnCast.txtp,fbd1ec10c7b5865d65028c9dadc36f8ea4d787ccb61d369d95e822b63e382724,.team0.form0.audio.events.active_buff:start.pool[0];.team1.form0.audio.events.active_buff:start.pool[0],
tryndamere,蛮族之王,音效,assets/audio/units/tryndamere/ultimate_end_1.wav,自动增益残留（波形确认）,13.0,-2.216,0,10.78,1.0,/Users/czh/Projects/Clash Legends/ClashLegends-开发素材库/03-制作中/蛮族之王/audio/tryndamere/txtp/Play_sfx_Tryndamere_UndyingRage_OnBuffDeactivate.txtp,2ed6684efffc36bf52b936cf8838289437d4eee9afc93d432c312d9c309a8390,.team0.form0.audio.events.active_buff:end.pool[0];.team1.form0.audio.events.active_buff:end.pool[0],
tryndamere,蛮族之王,音效,assets/audio/units/tryndamere/ultimate_sustain_1.wav,自动增益残留（波形确认）,27.0,-2.216,0,24.78,1.0,/Users/czh/Projects/Clash Legends/ClashLegends-开发素材库/03-制作中/蛮族之王/audio/tryndamere/txtp/Play_sfx_Tryndamere_UndyingRage_OnBuffActivate.txtp,f855e86816361ca9cf371273815742c5a5627eaf3ac9be07a0a9dc90fabe6bc4,.team0.form0.audio.events.active_buff:sustain.pool[0];.team1.form0.audio.events.active_buff:sustain.pool[0],
twisted_fate,卡牌大师,音效,assets/audio/units/twisted_fate/play_sfx_twistedfate_cardmasterstack_cast_r1.wav,未发现自动增益残留（波形确认）,,-0.002,-3.0,-3.0,0.99999999,/Users/czh/Projects/Clash Legends/ClashLegends-开发素材库/04-中间产物/素材加工/card_audio_batch/twistedfate/txtp/Play_sfx_TwistedFate_CardmasterStack_cast {r1}.txtp,4ae79918f029a32ff57911965fe9a7d5d0c7018a5b8af97df489ce057ee8c9f1,.team0.form0.audio.attack_swing[4][0];.team1.form0.audio.attack_swing[4][0],
twisted_fate,卡牌大师,音效,assets/audio/units/twisted_fate/play_sfx_twistedfate_cardmasterstack_cast_r2.wav,未发现自动增益残留（波形确认）,,-0.002,-3.0,-3.0,0.99999999,/Users/czh/Projects/Clash Legends/ClashLegends-开发素材库/04-中间产物/素材加工/card_audio_batch/twistedfate/txtp/Play_sfx_TwistedFate_CardmasterStack_cast {r2}.txtp,9bbc4d5feebd4dfbad792445bb16a231beec604b075249caa9b46b6c16ca8f67,.team0.form0.audio.attack_swing[4][1];.team1.form0.audio.attack_swing[4][1],
twisted_fate,卡牌大师,音效,assets/audio/units/twisted_fate/play_sfx_twistedfate_cardmasterstack_hit_r1.wav,未发现自动增益残留（波形确认）,,-0.002,-5.0,-5.0,1.0,/Users/czh/Projects/Clash Legends/ClashLegends-开发素材库/04-中间产物/素材加工/card_audio_batch/twistedfate/txtp/Play_sfx_TwistedFate_CardmasterStack_hit {r1}.txtp,fa6011cfcefcc34e458d6b1698a4fa338584f2dbae4fd36ab05da0a880eb5396,.team0.form0.audio.attack_hit_by_segment[4][0];.team1.form0.audio.attack_hit_by_segment[4][0],
twisted_fate,卡牌大师,音效,assets/audio/units/twisted_fate/play_sfx_twistedfate_cardmasterstack_hit_r2.wav,未发现自动增益残留（波形确认）,,-0.002,-5.0,-5.0,0.99999999,/Users/czh/Projects/Clash Legends/ClashLegends-开发素材库/04-中间产物/素材加工/card_audio_batch/twistedfate/txtp/Play_sfx_TwistedFate_CardmasterStack_hit {r2}.txtp,06462c99af9ab23ff7450931105ecd1cda24d6bb91e29433d5a0cbfe8fde0249,.team0.form0.audio.attack_hit_by_segment[4][1];.team1.form0.audio.attack_hit_by_segment[4][1],
twisted_fate,卡牌大师,音效,assets/audio/units/twisted_fate/play_sfx_twistedfate_cardmasterstack_hit_r3.wav,未发现自动增益残留（波形确认）,,-0.002,-5.0,-5.0,1.0,/Users/czh/Projects/Clash Legends/ClashLegends-开发素材库/04-中间产物/素材加工/card_audio_batch/twistedfate/txtp/Play_sfx_TwistedFate_CardmasterStack_hit {r3}.txtp,e58aac75b3b078ff3242efcd73706a3d6a5d4797077cfa2a563c7c60b8608cc3,.team0.form0.audio.attack_hit_by_segment[4][2];.team1.form0.audio.attack_hit_by_segment[4][2],
twisted_fate,卡牌大师,音效,assets/audio/units/twisted_fate/play_sfx_twistedfate_cardmasterstack_missilelaunch_r1.wav,未发现自动增益残留（波形确认）,,-0.003,0,-0.0,0.99999999,/Users/czh/Projects/Clash Legends/ClashLegends-开发素材库/04-中间产物/素材加工/card_audio_batch/twistedfate/txtp/Play_sfx_TwistedFate_CardmasterStack_missilelaunch {r1}.txtp,6679d6474bb2094e4d34102b8c5b42841af01c7a33455321541df383923864ce,.team0.form0.audio.attack_launch_by_segment[4][0];.team1.form0.audio.attack_launch_by_segment[4][0],
twisted_fate,卡牌大师,音效,assets/audio/units/twisted_fate/play_sfx_twistedfate_cardmasterstack_missilelaunch_r2.wav,未发现自动增益残留（波形确认）,,-0.003,0,-0.0,0.99999999,/Users/czh/Projects/Clash Legends/ClashLegends-开发素材库/04-中间产物/素材加工/card_audio_batch/twistedfate/txtp/Play_sfx_TwistedFate_CardmasterStack_missilelaunch {r2}.txtp,7efa36209787be18d323ea18d56e88f99fa87b343c0b1598f3c2ef1db1465990,.team0.form0.audio.attack_launch_by_segment[4][1];.team1.form0.audio.attack_launch_by_segment[4][1],
twisted_fate,卡牌大师,音效,assets/audio/units/twisted_fate/play_sfx_twistedfate_cardmasterstack_missilelaunch_r3.wav,未发现自动增益残留（波形确认）,,-0.003,0,-0.0,0.99999999,/Users/czh/Projects/Clash Legends/ClashLegends-开发素材库/04-中间产物/素材加工/card_audio_batch/twistedfate/txtp/Play_sfx_TwistedFate_CardmasterStack_missilelaunch {r3}.txtp,0335dd6fbbd79fd934db96093f867a5b995dc18900b0854436601d30f9650b2e,.team0.form0.audio.attack_launch_by_segment[4][2];.team1.form0.audio.attack_launch_by_segment[4][2],
twisted_fate,卡牌大师,音效,assets/audio/units/twisted_fate/play_sfx_twistedfate_gate_marker_r1_first_1_75s.wav,未发现自动增益残留（波形确认）,,-0.006,0.0,-0.01,0.99999989,/Users/czh/Projects/Clash Legends/ClashLegends-开发素材库/04-中间产物/素材加工/card_audio_batch/twistedfate/txtp/Play_sfx_TwistedFate_Gate_marker {r1}.txtp,c0116e7dd8f57dd1e78812d51f8f9494624d520f71837ad10eddcb3a994e31e8,.team0.form0.audio.events.pre_deploy:start.pool[0];.team1.form0.audio.events.pre_deploy:start.pool[0],
twisted_fate,卡牌大师,音效,assets/audio/units/twisted_fate/play_sfx_twistedfate_gate_marker_r2_first_1_75s.wav,未发现自动增益残留（波形确认）,,-0.008,0.0,-0.01,0.9999999,/Users/czh/Projects/Clash Legends/ClashLegends-开发素材库/04-中间产物/素材加工/card_audio_batch/twistedfate/txtp/Play_sfx_TwistedFate_Gate_marker {r2}.txtp,b661c2963babe20a08653fd3c6ed57c1dae97a0c35aceeaac8e7c08d7b65afdf,.team0.form0.audio.events.pre_deploy:start.pool[1];.team1.form0.audio.events.pre_deploy:start.pool[1],
twisted_fate,卡牌大师,音效,assets/audio/units/twisted_fate/play_sfx_twistedfate_gate_marker_r3_first_1_75s.wav,未发现自动增益残留（波形确认）,,-0.005,0.0,-0.01,0.99999996,/Users/czh/Projects/Clash Legends/ClashLegends-开发素材库/04-中间产物/素材加工/card_audio_batch/twistedfate/txtp/Play_sfx_TwistedFate_Gate_marker {r3}.txtp,3bbd8be6ee994bcd4c47797e6c51a9b2f9ec1f5898d8ffe1d96cf3208cf0a997,.team0.form0.audio.events.pre_deploy:start.pool[2];.team1.form0.audio.events.pre_deploy:start.pool[2],
twisted_fate,卡牌大师,音效,assets/audio/units/twisted_fate/play_sfx_twistedfate_sealfatemissile_onhit_r.wav,未发现自动增益残留（波形确认）,,-0.002,0.0,-0.0,0.99999999,/Users/czh/Projects/Clash Legends/ClashLegends-开发素材库/04-中间产物/素材加工/card_audio_batch/twistedfate/txtp/Play_sfx_TwistedFate_SealFateMissile_OnHit {r}.txtp,04b21c1e8fce040595930b3689c42ca0c9f2837949d8a1e4272705a9be608e96,.team0.form0.audio.events.wild_cards:hit.pool[0];.team1.form0.audio.events.wild_cards:hit.pool[0],
twisted_fate,卡牌大师,音效,assets/audio/units/twisted_fate/play_sfx_twistedfate_sealfatemissile_onmissilelaunch_r1.wav,未发现自动增益残留（波形确认）,,-0.003,0.0,-0.0,0.99999998,/Users/czh/Projects/Clash Legends/ClashLegends-开发素材库/04-中间产物/素材加工/card_audio_batch/twistedfate/txtp/Play_sfx_TwistedFate_SealFateMissile_OnMissileLaunch {r1}.txtp,3a294dab89abb99effb0dfaf8b7d1803c3fcab76caabdf1d60b6e2e534bdbca2,.team0.form0.audio.events.wild_cards:release.pool[0];.team1.form0.audio.events.wild_cards:release.pool[0],
twisted_fate,卡牌大师,音效,assets/audio/units/twisted_fate/play_sfx_twistedfate_sealfatemissile_onmissilelaunch_r2.wav,未发现自动增益残留（波形确认）,,-0.004,0.0,-0.0,0.99999996,/Users/czh/Projects/Clash Legends/ClashLegends-开发素材库/04-中间产物/素材加工/card_audio_batch/twistedfate/txtp/Play_sfx_TwistedFate_SealFateMissile_OnMissileLaunch {r2}.txtp,c1576b7381051dfa846d1a55c99f2c4e80077d1a72e903089d851ca698fa00a7,.team0.form0.audio.events.wild_cards:release.pool[1];.team1.form0.audio.events.wild_cards:release.pool[1],
twisted_fate,卡牌大师,音效,assets/audio/units/twisted_fate/play_sfx_twistedfate_sealfatemissile_onmissilelaunch_r3.wav,未发现自动增益残留（波形确认）,,-0.003,0.0,-0.0,0.99999998,/Users/czh/Projects/Clash Legends/ClashLegends-开发素材库/04-中间产物/素材加工/card_audio_batch/twistedfate/txtp/Play_sfx_TwistedFate_SealFateMissile_OnMissileLaunch {r3}.txtp,85907b06d8788e02934949ae952e5c9a9e3720c135b537b0e705749e08da6553,.team0.form0.audio.events.wild_cards:release.pool[2];.team1.form0.audio.events.wild_cards:release.pool[2],
twisted_fate,卡牌大师,音效,assets/audio/units/twisted_fate/play_sfx_twistedfate_sealfatemissile_onmissilelaunch_r4.wav,未发现自动增益残留（波形确认）,,-0.004,0.0,-0.0,0.99999996,/Users/czh/Projects/Clash Legends/ClashLegends-开发素材库/04-中间产物/素材加工/card_audio_batch/twistedfate/txtp/Play_sfx_TwistedFate_SealFateMissile_OnMissileLaunch {r4}.txtp,96b73af941bb5ca63d0d58a2d73cd6fc77f7bc72e902d05a3bc40e05a4362742,.team0.form0.audio.events.wild_cards:release.pool[3];.team1.form0.audio.events.wild_cards:release.pool[3],
twisted_fate,卡牌大师,音效,assets/audio/units/twisted_fate/play_sfx_twistedfate_twistedfatebasicattack2_oncast_r1.wav,未发现自动增益残留（波形确认）,,-0.003,-3.0,-3.0,0.99999996,/Users/czh/Projects/Clash Legends/ClashLegends-开发素材库/04-中间产物/素材加工/card_audio_batch/twistedfate/txtp/Play_sfx_TwistedFate_TwistedFateBasicAttack2_OnCast {r1}.txtp,d653742babee0b55cbcd27fd233e0b8aa40c7eca0ae3faa1d8d09b88847e4f5b,.team0.form0.audio.attack_swing[1][0];.team1.form0.audio.attack_swing[1][0],
twisted_fate,卡牌大师,音效,assets/audio/units/twisted_fate/play_sfx_twistedfate_twistedfatebasicattack2_oncast_r2.wav,未发现自动增益残留（波形确认）,,-0.003,-3.0,-3.0,0.99999996,/Users/czh/Projects/Clash Legends/ClashLegends-开发素材库/04-中间产物/素材加工/card_audio_batch/twistedfate/txtp/Play_sfx_TwistedFate_TwistedFateBasicAttack2_OnCast {r2}.txtp,5cdb61ca9610ac6e2f297627f45f1e0273b0af1df7e17fb9a94ba8c5fb9409d0,.team0.form0.audio.attack_swing[1][1];.team1.form0.audio.attack_swing[1][1],
twisted_fate,卡牌大师,音效,assets/audio/units/twisted_fate/play_sfx_twistedfate_twistedfatebasicattack2_oncast_r3.wav,未发现自动增益残留（波形确认）,,-0.003,-3.0,-3.0,0.99999996,/Users/czh/Projects/Clash Legends/ClashLegends-开发素材库/04-中间产物/素材加工/card_audio_batch/twistedfate/txtp/Play_sfx_TwistedFate_TwistedFateBasicAttack2_OnCast {r3}.txtp,18ed7d61d0c1ace5f261e044a857ac77c2dc08fc90130fbd5d415e5011c80054,.team0.form0.audio.attack_swing[1][2];.team1.form0.audio.attack_swing[1][2],
twisted_fate,卡牌大师,音效,assets/audio/units/twisted_fate/play_sfx_twistedfate_twistedfatebasicattack2_onhit_r1.wav,未发现自动增益残留（波形确认）,,-0.002,-5.0,-5.0,1.0,/Users/czh/Projects/Clash Legends/ClashLegends-开发素材库/04-中间产物/素材加工/card_audio_batch/twistedfate/txtp/Play_sfx_TwistedFate_TwistedFateBasicAttack2_OnHit {r1}.txtp,06abb87f90252f87c43c02c9b457dbcee2c2aff289287620f80096f7d5578105,.team0.form0.audio.attack_hit_by_segment[1][0];.team1.form0.audio.attack_hit_by_segment[1][0],
twisted_fate,卡牌大师,音效,assets/audio/units/twisted_fate/play_sfx_twistedfate_twistedfatebasicattack2_onhit_r2.wav,未发现自动增益残留（波形确认）,,-0.002,-5.0,-5.0,1.0,/Users/czh/Projects/Clash Legends/ClashLegends-开发素材库/04-中间产物/素材加工/card_audio_batch/twistedfate/txtp/Play_sfx_TwistedFate_TwistedFateBasicAttack2_OnHit {r2}.txtp,d2fa9e67aa439387aa869a9d0700491684e78a7de9fd3cdaf97aa5e312ff3c8d,.team0.form0.audio.attack_hit_by_segment[1][1];.team1.form0.audio.attack_hit_by_segment[1][1],
twisted_fate,卡牌大师,音效,assets/audio/units/twisted_fate/play_sfx_twistedfate_twistedfatebasicattack2_onhit_r3.wav,未发现自动增益残留（波形确认）,,-0.002,-5.0,-5.0,1.0,/Users/czh/Projects/Clash Legends/ClashLegends-开发素材库/04-中间产物/素材加工/card_audio_batch/twistedfate/txtp/Play_sfx_TwistedFate_TwistedFateBasicAttack2_OnHit {r3}.txtp,9386e5ac8bee21c213d6047d222d729d09b4aa854cc1abf7c88e42aac1f36a9c,.team0.form0.audio.attack_hit_by_segment[1][2];.team1.form0.audio.attack_hit_by_segment[1][2],
twisted_fate,卡牌大师,音效,assets/audio/units/twisted_fate/play_sfx_twistedfate_twistedfatebasicattack3_oncast_r1_d.wav,未发现自动增益残留（波形确认）,,-0.003,-3.0,-3.0,0.99999996,/Users/czh/Projects/Clash Legends/ClashLegends-开发素材库/04-中间产物/素材加工/card_audio_batch/twistedfate/txtp/Play_sfx_TwistedFate_TwistedFateBasicAttack3_OnCast {r1} {d}.txtp,d653742babee0b55cbcd27fd233e0b8aa40c7eca0ae3faa1d8d09b88847e4f5b,.team0.form0.audio.attack_swing[2][0];.team1.form0.audio.attack_swing[2][0],
twisted_fate,卡牌大师,音效,assets/audio/units/twisted_fate/play_sfx_twistedfate_twistedfatebasicattack3_oncast_r2_d.wav,未发现自动增益残留（波形确认）,,-0.003,-3.0,-3.0,0.99999996,/Users/czh/Projects/Clash Legends/ClashLegends-开发素材库/04-中间产物/素材加工/card_audio_batch/twistedfate/txtp/Play_sfx_TwistedFate_TwistedFateBasicAttack3_OnCast {r2} {d}.txtp,5cdb61ca9610ac6e2f297627f45f1e0273b0af1df7e17fb9a94ba8c5fb9409d0,.team0.form0.audio.attack_swing[2][1];.team1.form0.audio.attack_swing[2][1],
twisted_fate,卡牌大师,音效,assets/audio/units/twisted_fate/play_sfx_twistedfate_twistedfatebasicattack3_oncast_r3_d.wav,未发现自动增益残留（波形确认）,,-0.003,-3.0,-3.0,0.99999996,/Users/czh/Projects/Clash Legends/ClashLegends-开发素材库/04-中间产物/素材加工/card_audio_batch/twistedfate/txtp/Play_sfx_TwistedFate_TwistedFateBasicAttack3_OnCast {r3} {d}.txtp,18ed7d61d0c1ace5f261e044a857ac77c2dc08fc90130fbd5d415e5011c80054,.team0.form0.audio.attack_swing[2][2];.team1.form0.audio.attack_swing[2][2],
twisted_fate,卡牌大师,音效,assets/audio/units/twisted_fate/play_sfx_twistedfate_twistedfatebasicattack3_onhit_r1_d.wav,未发现自动增益残留（波形确认）,,-0.002,-5.0,-5.0,1.0,/Users/czh/Projects/Clash Legends/ClashLegends-开发素材库/04-中间产物/素材加工/card_audio_batch/twistedfate/txtp/Play_sfx_TwistedFate_TwistedFateBasicAttack3_OnHit {r1} {d}.txtp,06abb87f90252f87c43c02c9b457dbcee2c2aff289287620f80096f7d5578105,.team0.form0.audio.attack_hit_by_segment[2][0];.team1.form0.audio.attack_hit_by_segment[2][0],
twisted_fate,卡牌大师,音效,assets/audio/units/twisted_fate/play_sfx_twistedfate_twistedfatebasicattack3_onhit_r2_d.wav,未发现自动增益残留（波形确认）,,-0.002,-5.0,-5.0,1.0,/Users/czh/Projects/Clash Legends/ClashLegends-开发素材库/04-中间产物/素材加工/card_audio_batch/twistedfate/txtp/Play_sfx_TwistedFate_TwistedFateBasicAttack3_OnHit {r2} {d}.txtp,d2fa9e67aa439387aa869a9d0700491684e78a7de9fd3cdaf97aa5e312ff3c8d,.team0.form0.audio.attack_hit_by_segment[2][1];.team1.form0.audio.attack_hit_by_segment[2][1],
twisted_fate,卡牌大师,音效,assets/audio/units/twisted_fate/play_sfx_twistedfate_twistedfatebasicattack3_onhit_r3_d.wav,未发现自动增益残留（波形确认）,,-0.002,-5.0,-5.0,1.0,/Users/czh/Projects/Clash Legends/ClashLegends-开发素材库/04-中间产物/素材加工/card_audio_batch/twistedfate/txtp/Play_sfx_TwistedFate_TwistedFateBasicAttack3_OnHit {r3} {d}.txtp,9386e5ac8bee21c213d6047d222d729d09b4aa854cc1abf7c88e42aac1f36a9c,.team0.form0.audio.attack_hit_by_segment[2][2];.team1.form0.audio.attack_hit_by_segment[2][2],
twisted_fate,卡牌大师,音效,assets/audio/units/twisted_fate/play_sfx_twistedfate_twistedfatebasicattack4_oncast_r1_d.wav,未发现自动增益残留（波形确认）,,-0.003,-3.0,-3.0,0.99999996,/Users/czh/Projects/Clash Legends/ClashLegends-开发素材库/04-中间产物/素材加工/card_audio_batch/twistedfate/txtp/Play_sfx_TwistedFate_TwistedFateBasicAttack4_OnCast {r1} {d}.txtp,d653742babee0b55cbcd27fd233e0b8aa40c7eca0ae3faa1d8d09b88847e4f5b,.team0.form0.audio.attack_swing[3][0];.team1.form0.audio.attack_swing[3][0],
twisted_fate,卡牌大师,音效,assets/audio/units/twisted_fate/play_sfx_twistedfate_twistedfatebasicattack4_oncast_r2_d.wav,未发现自动增益残留（波形确认）,,-0.003,-3.0,-3.0,0.99999996,/Users/czh/Projects/Clash Legends/ClashLegends-开发素材库/04-中间产物/素材加工/card_audio_batch/twistedfate/txtp/Play_sfx_TwistedFate_TwistedFateBasicAttack4_OnCast {r2} {d}.txtp,5cdb61ca9610ac6e2f297627f45f1e0273b0af1df7e17fb9a94ba8c5fb9409d0,.team0.form0.audio.attack_swing[3][1];.team1.form0.audio.attack_swing[3][1],
twisted_fate,卡牌大师,音效,assets/audio/units/twisted_fate/play_sfx_twistedfate_twistedfatebasicattack4_oncast_r3_d.wav,未发现自动增益残留（波形确认）,,-0.003,-3.0,-3.0,0.99999996,/Users/czh/Projects/Clash Legends/ClashLegends-开发素材库/04-中间产物/素材加工/card_audio_batch/twistedfate/txtp/Play_sfx_TwistedFate_TwistedFateBasicAttack4_OnCast {r3} {d}.txtp,18ed7d61d0c1ace5f261e044a857ac77c2dc08fc90130fbd5d415e5011c80054,.team0.form0.audio.attack_swing[3][2];.team1.form0.audio.attack_swing[3][2],
twisted_fate,卡牌大师,音效,assets/audio/units/twisted_fate/play_sfx_twistedfate_twistedfatebasicattack4_onhit_r1_d.wav,未发现自动增益残留（波形确认）,,-0.002,-5.0,-5.0,1.0,/Users/czh/Projects/Clash Legends/ClashLegends-开发素材库/04-中间产物/素材加工/card_audio_batch/twistedfate/txtp/Play_sfx_TwistedFate_TwistedFateBasicAttack4_OnHit {r1} {d}.txtp,06abb87f90252f87c43c02c9b457dbcee2c2aff289287620f80096f7d5578105,.team0.form0.audio.attack_hit_by_segment[3][0];.team1.form0.audio.attack_hit_by_segment[3][0],
twisted_fate,卡牌大师,音效,assets/audio/units/twisted_fate/play_sfx_twistedfate_twistedfatebasicattack4_onhit_r2_d.wav,未发现自动增益残留（波形确认）,,-0.002,-5.0,-5.0,1.0,/Users/czh/Projects/Clash Legends/ClashLegends-开发素材库/04-中间产物/素材加工/card_audio_batch/twistedfate/txtp/Play_sfx_TwistedFate_TwistedFateBasicAttack4_OnHit {r2} {d}.txtp,d2fa9e67aa439387aa869a9d0700491684e78a7de9fd3cdaf97aa5e312ff3c8d,.team0.form0.audio.attack_hit_by_segment[3][1];.team1.form0.audio.attack_hit_by_segment[3][1],
twisted_fate,卡牌大师,音效,assets/audio/units/twisted_fate/play_sfx_twistedfate_twistedfatebasicattack4_onhit_r3_d.wav,未发现自动增益残留（波形确认）,,-0.002,-5.0,-5.0,1.0,/Users/czh/Projects/Clash Legends/ClashLegends-开发素材库/04-中间产物/素材加工/card_audio_batch/twistedfate/txtp/Play_sfx_TwistedFate_TwistedFateBasicAttack4_OnHit {r3} {d}.txtp,9386e5ac8bee21c213d6047d222d729d09b4aa854cc1abf7c88e42aac1f36a9c,.team0.form0.audio.attack_hit_by_segment[3][2];.team1.form0.audio.attack_hit_by_segment[3][2],
twisted_fate,卡牌大师,音效,assets/audio/units/twisted_fate/play_sfx_twistedfate_twistedfatebasicattack_oncast_r1_d.wav,未发现自动增益残留（波形确认）,,-0.003,-3.0,-3.0,0.99999996,/Users/czh/Projects/Clash Legends/ClashLegends-开发素材库/04-中间产物/素材加工/card_audio_batch/twistedfate/txtp/Play_sfx_TwistedFate_TwistedFateBasicAttack_OnCast {r1} {d}.txtp,d653742babee0b55cbcd27fd233e0b8aa40c7eca0ae3faa1d8d09b88847e4f5b,.team0.form0.audio.attack_swing[0][0];.team1.form0.audio.attack_swing[0][0],
twisted_fate,卡牌大师,音效,assets/audio/units/twisted_fate/play_sfx_twistedfate_twistedfatebasicattack_oncast_r2_d.wav,未发现自动增益残留（波形确认）,,-0.003,-3.0,-3.0,0.99999996,/Users/czh/Projects/Clash Legends/ClashLegends-开发素材库/04-中间产物/素材加工/card_audio_batch/twistedfate/txtp/Play_sfx_TwistedFate_TwistedFateBasicAttack_OnCast {r2} {d}.txtp,5cdb61ca9610ac6e2f297627f45f1e0273b0af1df7e17fb9a94ba8c5fb9409d0,.team0.form0.audio.attack_swing[0][1];.team1.form0.audio.attack_swing[0][1],
twisted_fate,卡牌大师,音效,assets/audio/units/twisted_fate/play_sfx_twistedfate_twistedfatebasicattack_oncast_r3_d.wav,未发现自动增益残留（波形确认）,,-0.003,-3.0,-3.0,0.99999996,/Users/czh/Projects/Clash Legends/ClashLegends-开发素材库/04-中间产物/素材加工/card_audio_batch/twistedfate/txtp/Play_sfx_TwistedFate_TwistedFateBasicAttack_OnCast {r3} {d}.txtp,18ed7d61d0c1ace5f261e044a857ac77c2dc08fc90130fbd5d415e5011c80054,.team0.form0.audio.attack_swing[0][2];.team1.form0.audio.attack_swing[0][2],
twisted_fate,卡牌大师,音效,assets/audio/units/twisted_fate/play_sfx_twistedfate_twistedfatebasicattack_onhit_r1_d.wav,未发现自动增益残留（波形确认）,,-0.002,-5.0,-5.0,1.0,/Users/czh/Projects/Clash Legends/ClashLegends-开发素材库/04-中间产物/素材加工/card_audio_batch/twistedfate/txtp/Play_sfx_TwistedFate_TwistedFateBasicAttack_OnHit {r1} {d}.txtp,06abb87f90252f87c43c02c9b457dbcee2c2aff289287620f80096f7d5578105,.team0.form0.audio.attack_hit[0];.team0.form0.audio.attack_hit_by_segment[0][0];.team1.form0.audio.attack_hit[0];.team1.form0.audio.attack_hit_by_segment[0][0],
twisted_fate,卡牌大师,音效,assets/audio/units/twisted_fate/play_sfx_twistedfate_twistedfatebasicattack_onhit_r2_d.wav,未发现自动增益残留（波形确认）,,-0.002,-5.0,-5.0,1.0,/Users/czh/Projects/Clash Legends/ClashLegends-开发素材库/04-中间产物/素材加工/card_audio_batch/twistedfate/txtp/Play_sfx_TwistedFate_TwistedFateBasicAttack_OnHit {r2} {d}.txtp,d2fa9e67aa439387aa869a9d0700491684e78a7de9fd3cdaf97aa5e312ff3c8d,.team0.form0.audio.attack_hit[1];.team0.form0.audio.attack_hit_by_segment[0][1];.team1.form0.audio.attack_hit[1];.team1.form0.audio.attack_hit_by_segment[0][1],
twisted_fate,卡牌大师,音效,assets/audio/units/twisted_fate/play_sfx_twistedfate_twistedfatebasicattack_onhit_r3_d.wav,未发现自动增益残留（波形确认）,,-0.002,-5.0,-5.0,1.0,/Users/czh/Projects/Clash Legends/ClashLegends-开发素材库/04-中间产物/素材加工/card_audio_batch/twistedfate/txtp/Play_sfx_TwistedFate_TwistedFateBasicAttack_OnHit {r3} {d}.txtp,9386e5ac8bee21c213d6047d222d729d09b4aa854cc1abf7c88e42aac1f36a9c,.team0.form0.audio.attack_hit[2];.team0.form0.audio.attack_hit_by_segment[0][2];.team1.form0.audio.attack_hit[2];.team1.form0.audio.attack_hit_by_segment[0][2],
twisted_fate,卡牌大师,音效,assets/audio/units/twisted_fate/play_sfx_twistedfate_twistedfatebasicattack_onmissilelaunch_r1_d.wav,未发现自动增益残留（波形确认）,,-0.003,0,-0.0,0.99999997,/Users/czh/Projects/Clash Legends/ClashLegends-开发素材库/04-中间产物/素材加工/card_audio_batch/twistedfate/txtp/Play_sfx_TwistedFate_TwistedFateBasicAttack_OnMissileLaunch {r1} {d}.txtp,d6f05d05a85a56156919187a3fbd8a7616e3022ee52df654c84b6035cae0a637,.team0.form0.audio.attack_launch_by_segment[0][0];.team0.form0.audio.attack_launch_by_segment[1][0];.team0.form0.audio.attack_launch_by_segment[2][0];.team0.form0.audio.attack_launch_by_segment[3][0];.team1.form0.audio.attack_launch_by_segment[0][0];.team1.form0.audio.attack_launch_by_segment[1][0];.team1.form0.audio.attack_launch_by_segment[2][0];.team1.form0.audio.attack_launch_by_segment[3][0],
twisted_fate,卡牌大师,音效,assets/audio/units/twisted_fate/play_sfx_twistedfate_twistedfatebasicattack_onmissilelaunch_r2_d.wav,未发现自动增益残留（波形确认）,,-0.003,0,-0.0,0.99999995,/Users/czh/Projects/Clash Legends/ClashLegends-开发素材库/04-中间产物/素材加工/card_audio_batch/twistedfate/txtp/Play_sfx_TwistedFate_TwistedFateBasicAttack_OnMissileLaunch {r2} {d}.txtp,d353594354c15282b3e77304c61990702f30248584074c66321898c63c3dfc83,.team0.form0.audio.attack_launch_by_segment[0][1];.team0.form0.audio.attack_launch_by_segment[1][1];.team0.form0.audio.attack_launch_by_segment[2][1];.team0.form0.audio.attack_launch_by_segment[3][1];.team1.form0.audio.attack_launch_by_segment[0][1];.team1.form0.audio.attack_launch_by_segment[1][1];.team1.form0.audio.attack_launch_by_segment[2][1];.team1.form0.audio.attack_launch_by_segment[3][1],
twisted_fate,卡牌大师,音效,assets/audio/units/twisted_fate/play_sfx_twistedfate_twistedfatebasicattack_onmissilelaunch_r3_d.wav,未发现自动增益残留（波形确认）,,-0.002,0,-0.0,0.99999998,/Users/czh/Projects/Clash Legends/ClashLegends-开发素材库/04-中间产物/素材加工/card_audio_batch/twistedfate/txtp/Play_sfx_TwistedFate_TwistedFateBasicAttack_OnMissileLaunch {r3} {d}.txtp,3f8589795037299ea6433440d55194d3a9e63b1fdb9aaa3d6c63491f40f24011,.team0.form0.audio.attack_launch_by_segment[0][2];.team0.form0.audio.attack_launch_by_segment[1][2];.team0.form0.audio.attack_launch_by_segment[2][2];.team0.form0.audio.attack_launch_by_segment[3][2];.team1.form0.audio.attack_launch_by_segment[0][2];.team1.form0.audio.attack_launch_by_segment[1][2];.team1.form0.audio.attack_launch_by_segment[2][2];.team1.form0.audio.attack_launch_by_segment[3][2],
twisted_fate,卡牌大师,音效,assets/audio/units/twisted_fate/play_sfx_twistedfate_twistedfatebasicattack_onmissilelaunch_r4_d.wav,未发现自动增益残留（波形确认）,,-0.002,0,-0.0,0.99999997,/Users/czh/Projects/Clash Legends/ClashLegends-开发素材库/04-中间产物/素材加工/card_audio_batch/twistedfate/txtp/Play_sfx_TwistedFate_TwistedFateBasicAttack_OnMissileLaunch {r4} {d}.txtp,804122166cb1904c778f1c4257091354e9867b78e7b722dd2448dab3dce7221c,.team0.form0.audio.attack_launch_by_segment[0][3];.team0.form0.audio.attack_launch_by_segment[1][3];.team0.form0.audio.attack_launch_by_segment[2][3];.team0.form0.audio.attack_launch_by_segment[3][3];.team1.form0.audio.attack_launch_by_segment[0][3];.team1.form0.audio.attack_launch_by_segment[1][3];.team1.form0.audio.attack_launch_by_segment[2][3];.team1.form0.audio.attack_launch_by_segment[3][3],
twisted_fate,卡牌大师,音效,assets/audio/units/twisted_fate/play_sfx_twistedfate_wildcards_oncast_r1.wav,未发现自动增益残留（波形确认）,,-0.002,0.0,-0.0,0.99999999,/Users/czh/Projects/Clash Legends/ClashLegends-开发素材库/04-中间产物/素材加工/card_audio_batch/twistedfate/txtp/Play_sfx_TwistedFate_WildCards_OnCast {r1}.txtp,3d8a99a45190fd29d0fcd442f08bc25966049cce432d435fd5cc69e67b14b5f0,.team0.form0.audio.events.wild_cards:sustain.pool[0];.team1.form0.audio.events.wild_cards:sustain.pool[0],
twisted_fate,卡牌大师,音效,assets/audio/units/twisted_fate/play_sfx_twistedfate_wildcards_oncast_r2.wav,未发现自动增益残留（波形确认）,,-0.002,0.0,-0.0,1.0,/Users/czh/Projects/Clash Legends/ClashLegends-开发素材库/04-中间产物/素材加工/card_audio_batch/twistedfate/txtp/Play_sfx_TwistedFate_WildCards_OnCast {r2}.txtp,03e3228bfde8abcdd386920ffae06b5781619e88dd3a7587cb9f4d048a961c52,.team0.form0.audio.events.wild_cards:sustain.pool[1];.team1.form0.audio.events.wild_cards:sustain.pool[1],
twisted_fate,卡牌大师,音效,assets/audio/units/twisted_fate/play_sfx_twistedfate_wildcards_oncast_r3.wav,未发现自动增益残留（波形确认）,,-0.002,0.0,-0.0,0.99999999,/Users/czh/Projects/Clash Legends/ClashLegends-开发素材库/04-中间产物/素材加工/card_audio_batch/twistedfate/txtp/Play_sfx_TwistedFate_WildCards_OnCast {r3}.txtp,f348bc1e53af0f111674b4f41fd8a290805b32236b5c7312222c7058b4dc5eda,.team0.form0.audio.events.wild_cards:sustain.pool[2];.team1.form0.audio.events.wild_cards:sustain.pool[2],
twisted_fate,卡牌大师,语音,assets/audio/units/twisted_fate/play_vo_twistedfate_death3d_r1_zh_cn.wav,自动增益残留（波形确认）,11.0,-0.001,0.0,11.0,1.0,/Users/czh/Projects/Clash Legends/ClashLegends-开发素材库/04-中间产物/素材加工/card_audio_batch/twistedfate_vo/txtp/Play_vo_TwistedFate_Death3D {r1}.txtp,293a79a254d78899a6d09d75121a660558ecfd37b0e03d02cdc8a8c8ec5be6a9,.team0.form0.audio.events.death.pool[0];.team1.form0.audio.events.death.pool[0],
twisted_fate,卡牌大师,语音,assets/audio/units/twisted_fate/play_vo_twistedfate_death3d_r2_zh_cn.wav,自动增益残留（波形确认）,11.0,-0.001,0.0,11.0,1.0,/Users/czh/Projects/Clash Legends/ClashLegends-开发素材库/04-中间产物/素材加工/card_audio_batch/twistedfate_vo/txtp/Play_vo_TwistedFate_Death3D {r2}.txtp,8e155268d4b768fd299b596c271e44a0f1ae82908fa94877f26033e5bfafd7d7,.team0.form0.audio.events.death.pool[1];.team1.form0.audio.events.death.pool[1],
twisted_fate,卡牌大师,语音,assets/audio/units/twisted_fate/play_vo_twistedfate_death3d_r3_zh_cn.wav,自动增益残留（波形确认）,11.0,-0.001,0.0,11.0,1.0,/Users/czh/Projects/Clash Legends/ClashLegends-开发素材库/04-中间产物/素材加工/card_audio_batch/twistedfate_vo/txtp/Play_vo_TwistedFate_Death3D {r3}.txtp,8e6a8eef7af7abf51f7fe86ccb4bc890fb2b539c432e1a54a4d3b65c8ffeb934,.team0.form0.audio.events.death.pool[2];.team1.form0.audio.events.death.pool[2],
twitch,图奇,语音,assets/audio/units/twitch/deploy_q_end_r1_zh_cn.wav,自动增益残留（波形确认）,11.0,-3.0,0.0,8.0,1.0,/Users/czh/Projects/Clash Legends/ClashLegends-开发素材库/03-制作中/图奇/voice-selection/q-end/txtp/Play_vo_Twitch_Spell3DQEnd {r1}.txtp,13be8dcd759ac4162697812ed31915665c805051ff7b865cd72d4490ad081a33,.team0.form0.audio.events.deploy:voice.pool[1];.team1.form0.audio.events.deploy:voice.pool[1],
twitch,图奇,语音,assets/audio/units/twitch/deploy_q_end_r3_zh_cn.wav,自动增益残留（波形确认）,11.0,-3.0,0.0,8.0,1.0,/Users/czh/Projects/Clash Legends/ClashLegends-开发素材库/03-制作中/图奇/voice-selection/q-end/txtp/Play_vo_Twitch_Spell3DQEnd {r3}.txtp,84d1d02450ba5427db9364694cbb3e576e3ec7cd1d4aa98989dcc12435f235ee,.team0.form0.audio.events.deploy:voice.pool[2];.team1.form0.audio.events.deploy:voice.pool[2],
twitch,图奇,语音,assets/audio/units/twitch/deploy_q_end_r4_zh_cn.wav,自动增益残留（波形确认）,11.0,-3.0,0.0,8.0,1.0,/Users/czh/Projects/Clash Legends/ClashLegends-开发素材库/03-制作中/图奇/voice-selection/q-end/txtp/Play_vo_Twitch_Spell3DQEnd {r4}.txtp,03dbb809fba5f79fd3ec89f9c3fc508a9c285d6037ca80ea3e0cb910ebd5541d,.team0.form0.audio.events.deploy:voice.pool[0];.team1.form0.audio.events.deploy:voice.pool[0],
twitch,图奇,音效,assets/audio/units/twitch/play_sfx_twitch_twitchbasicattack_oncast_r1.wav,自动增益残留（波形确认）,24.0,-0.001,-3.0,21.0,1.0,/Users/czh/Projects/Clash Legends/ClashLegends-开发素材库/03-制作中/图奇/audio/twitch/txtp/Play_sfx_Twitch_TwitchBasicAttack_OnCast {r1}.txtp,d3cbf001fbe5279edea0cb9911bcfc514c7be21227acb667b298139e9898d0d3,.team0.form0.audio.attack_swing[0][0];.team0.form0.audio.attack_swing[1][0];.team1.form0.audio.attack_swing[0][0];.team1.form0.audio.attack_swing[1][0],
twitch,图奇,音效,assets/audio/units/twitch/play_sfx_twitch_twitchbasicattack_oncast_r2.wav,自动增益残留（波形确认）,24.0,-0.001,-3.0,21.0,1.0,/Users/czh/Projects/Clash Legends/ClashLegends-开发素材库/03-制作中/图奇/audio/twitch/txtp/Play_sfx_Twitch_TwitchBasicAttack_OnCast {r2}.txtp,d671684c727e512e936bbe36a9c2a97892c00f9f30f062ac1c7a2b24acedfb6b,.team0.form0.audio.attack_swing[0][1];.team0.form0.audio.attack_swing[1][1];.team1.form0.audio.attack_swing[0][1];.team1.form0.audio.attack_swing[1][1],
twitch,图奇,音效,assets/audio/units/twitch/play_sfx_twitch_twitchbasicattack_oncast_r3.wav,自动增益残留（波形确认）,24.0,-0.001,-3.0,21.0,1.0,/Users/czh/Projects/Clash Legends/ClashLegends-开发素材库/03-制作中/图奇/audio/twitch/txtp/Play_sfx_Twitch_TwitchBasicAttack_OnCast {r3}.txtp,10c30bf7355cf3145ba41ccc6aeb441f1aba00affe8c87851e2240c9a963feb7,.team0.form0.audio.attack_swing[0][2];.team0.form0.audio.attack_swing[1][2];.team1.form0.audio.attack_swing[0][2];.team1.form0.audio.attack_swing[1][2],
twitch,图奇,音效,assets/audio/units/twitch/play_sfx_twitch_twitchbasicattack_onhit_1559186049_1153642577_r1.wav,自动增益残留（波形确认）,20.0,-0.001,-5.0,15.0,1.0,/Users/czh/Projects/Clash Legends/ClashLegends-开发素材库/03-制作中/图奇/audio/twitch/txtp/Play_sfx_Twitch_TwitchBasicAttack_OnHit [1559186049=1153642577] {r1}.txtp,9528ade81fe5fb57f2690af303ed4961fe19b7a3f1e87d7c6c093137402f5295,.team0.form0.audio.attack_hit[0];.team1.form0.audio.attack_hit[0],
twitch,图奇,音效,assets/audio/units/twitch/play_sfx_twitch_twitchbasicattack_onhit_1559186049_1153642577_r2.wav,自动增益残留（波形确认）,20.0,-0.001,-5.0,15.0,1.0,/Users/czh/Projects/Clash Legends/ClashLegends-开发素材库/03-制作中/图奇/audio/twitch/txtp/Play_sfx_Twitch_TwitchBasicAttack_OnHit [1559186049=1153642577] {r2}.txtp,2bbe1bcf0f0ae05ae61b187b670701a32bcaa2f39d912c45f7bc2988de244ce1,.team0.form0.audio.attack_hit[1];.team1.form0.audio.attack_hit[1],
twitch,图奇,音效,assets/audio/units/twitch/play_sfx_twitch_twitchbasicattack_onhit_1559186049_1153642577_r3.wav,自动增益残留（波形确认）,20.0,-0.001,-5.0,15.0,1.0,/Users/czh/Projects/Clash Legends/ClashLegends-开发素材库/03-制作中/图奇/audio/twitch/txtp/Play_sfx_Twitch_TwitchBasicAttack_OnHit [1559186049=1153642577] {r3}.txtp,765629d2867a2540dca14497187137893c7de8e482cb361418497598552760e7,.team0.form0.audio.attack_hit[2];.team1.form0.audio.attack_hit[2],
twitch,图奇,音效,assets/audio/units/twitch/play_sfx_twitch_twitchbasicattack_onmissilelaunch_r1.wav,自动增益残留（波形确认）,25.0,-0.001,0.0,25.0,1.0,/Users/czh/Projects/Clash Legends/ClashLegends-开发素材库/03-制作中/图奇/audio/twitch/txtp/Play_sfx_Twitch_TwitchBasicAttack_OnMissileLaunch {r1}.txtp,5c8c8362f9f8e0b8759ab89d56a6ae036b47a7d20e8084b22bb4fe6e26484bd0,.team0.form0.audio.events.attack_launch.pool[0];.team1.form0.audio.events.attack_launch.pool[0],
twitch,图奇,音效,assets/audio/units/twitch/play_sfx_twitch_twitchbasicattack_onmissilelaunch_r2.wav,自动增益残留（波形确认）,25.0,-0.001,0.0,25.0,1.0,/Users/czh/Projects/Clash Legends/ClashLegends-开发素材库/03-制作中/图奇/audio/twitch/txtp/Play_sfx_Twitch_TwitchBasicAttack_OnMissileLaunch {r2}.txtp,b52e7fc04a072bf8ec957fb5aad7476deb4e47671e2085b07d668912dee53322,.team0.form0.audio.events.attack_launch.pool[1];.team1.form0.audio.events.attack_launch.pool[1],
twitch,图奇,音效,assets/audio/units/twitch/play_sfx_twitch_twitchbasicattack_onmissilelaunch_r3.wav,自动增益残留（波形确认）,25.0,-0.001,0.0,25.0,1.0,/Users/czh/Projects/Clash Legends/ClashLegends-开发素材库/03-制作中/图奇/audio/twitch/txtp/Play_sfx_Twitch_TwitchBasicAttack_OnMissileLaunch {r3}.txtp,301fa9b3123ed6e49bdc1974defaee8bfadff15ab9d19b2034f24ef09ca3685f,.team0.form0.audio.events.attack_launch.pool[2];.team1.form0.audio.events.attack_launch.pool[2],
twitch,图奇,音效,assets/audio/units/twitch/play_sfx_twitch_twitchfullautomatic_onbuffdeactivate.wav,自动增益残留（波形确认）,23.0,-0.001,0.0,23.0,1.0,/Users/czh/Projects/Clash Legends/ClashLegends-开发素材库/03-制作中/图奇/audio/twitch/txtp/Play_sfx_Twitch_TwitchFullAutomatic_OnBuffDeactivate.txtp,ae1c76ad4f76f211855cc02199acb1a31cce93d103d25aab45e68f4b215caf46,.team0.form0.audio.events.active_buff:end.pool[0];.team1.form0.audio.events.active_buff:end.pool[0],
twitch,图奇,音效,assets/audio/units/twitch/play_sfx_twitch_twitchfullautomatic_oncast.wav,自动增益残留（波形确认）,10.0,-0.001,0.0,10.0,1.0,/Users/czh/Projects/Clash Legends/ClashLegends-开发素材库/03-制作中/图奇/audio/twitch/txtp/Play_sfx_Twitch_TwitchFullAutomatic_OnCast.txtp,c9e63cf017f5b41acfff1b6752fd663fec5c5fcd324af1c86e37f9d34fe8c402,.team0.form0.audio.events.active_buff:start.pool[0];.team1.form0.audio.events.active_buff:start.pool[0],
twitch,图奇,语音,assets/audio/units/twitch/play_vo_twitch_death3d_r1_zh_cn.wav,自动增益残留（波形确认）,10.0,-0.001,0.0,10.0,1.0,/Users/czh/Projects/Clash Legends/ClashLegends-开发素材库/03-制作中/图奇/audio/twitch_vo/txtp/Play_vo_Twitch_Death3D {r1}.txtp,b5175312768253382da74f76f18a0877dee5a9bb6f7505de5a21445302544653,.team0.form0.audio.events.death.pool[0];.team1.form0.audio.events.death.pool[0],
twitch,图奇,语音,assets/audio/units/twitch/play_vo_twitch_death3d_r2_zh_cn.wav,自动增益残留（波形确认）,10.0,-0.001,0.0,10.0,1.0,/Users/czh/Projects/Clash Legends/ClashLegends-开发素材库/03-制作中/图奇/audio/twitch_vo/txtp/Play_vo_Twitch_Death3D {r2}.txtp,17fdbeb39feb8efb23a34aaee7ec71a2885417ac6e05e14be6a249c231b31802,.team0.form0.audio.events.death.pool[1];.team1.form0.audio.events.death.pool[1],
twitch,图奇,语音,assets/audio/units/twitch/play_vo_twitch_death3d_r3_zh_cn.wav,自动增益残留（波形确认）,10.0,-0.001,0.0,10.0,1.0,/Users/czh/Projects/Clash Legends/ClashLegends-开发素材库/03-制作中/图奇/audio/twitch_vo/txtp/Play_vo_Twitch_Death3D {r3}.txtp,6e808322eb7c551969841dceedde7f6b49fa7cd80d86a5a927fedbd646df6cde,.team0.form0.audio.events.death.pool[2];.team1.form0.audio.events.death.pool[2],
twitch,图奇,音效,assets/audio/units/twitch/spray_and_pray_onhit_1.wav,自动增益残留（波形确认）,14.0,-3.0,-5.0,6.0,1.0,/Users/czh/Projects/Clash Legends/ClashLegends-开发素材库/03-制作中/图奇/audio/twitch/txtp/Play_sfx_Twitch_TwitchSprayAndPrayAttack_OnHit {r1}.txtp,e7fdb56f001930326aa9c02c73605199eabb43fb4c9003d0bec5918cb65d3bf9,.team0.form0.audio.events.active_buff:attack_hit.pool[0];.team1.form0.audio.events.active_buff:attack_hit.pool[0],
twitch,图奇,音效,assets/audio/units/twitch/spray_and_pray_onhit_2.wav,自动增益残留（波形确认）,14.0,-3.0,-5.0,6.0,1.0,/Users/czh/Projects/Clash Legends/ClashLegends-开发素材库/03-制作中/图奇/audio/twitch/txtp/Play_sfx_Twitch_TwitchSprayAndPrayAttack_OnHit {r2}.txtp,33f936c74e28a4187438145cab74a1df8c3ce0bab035d1222e69d85675949218,.team0.form0.audio.events.active_buff:attack_hit.pool[1];.team1.form0.audio.events.active_buff:attack_hit.pool[1],
twitch,图奇,音效,assets/audio/units/twitch/spray_and_pray_onhit_3.wav,自动增益残留（波形确认）,14.0,-3.0,-5.0,6.0,1.0,/Users/czh/Projects/Clash Legends/ClashLegends-开发素材库/03-制作中/图奇/audio/twitch/txtp/Play_sfx_Twitch_TwitchSprayAndPrayAttack_OnHit {r3}.txtp,4635c91740d8bf30a79439c9f83ed2820704683db114406c3dbbf6781b1e61aa,.team0.form0.audio.events.active_buff:attack_hit.pool[2];.team1.form0.audio.events.active_buff:attack_hit.pool[2],
twitch,图奇,音效,assets/audio/units/twitch/spray_and_pray_onmissilelaunch_1.wav,自动增益残留（波形确认）,16.0,-3.0,0.0,13.0,1.0,/Users/czh/Projects/Clash Legends/ClashLegends-开发素材库/03-制作中/图奇/audio/twitch/txtp/Play_sfx_Twitch_TwitchSprayAndPrayAttack_OnMissileLaunch {r1}.txtp,f9963353aa7bca9e86e85d6852c0a0aa245a00601e2ef2d0efba9782a2b7fa14,.team0.form0.audio.events.active_buff:attack_launch.pool[0];.team1.form0.audio.events.active_buff:attack_launch.pool[0],
twitch,图奇,音效,assets/audio/units/twitch/spray_and_pray_onmissilelaunch_2.wav,自动增益残留（波形确认）,16.0,-3.0,0.0,13.0,1.0,/Users/czh/Projects/Clash Legends/ClashLegends-开发素材库/03-制作中/图奇/audio/twitch/txtp/Play_sfx_Twitch_TwitchSprayAndPrayAttack_OnMissileLaunch {r2}.txtp,8e0b3cd7a8d021142040e3b6abf6187e8bc841e04b760787ce313d470fca9179,.team0.form0.audio.events.active_buff:attack_launch.pool[1];.team1.form0.audio.events.active_buff:attack_launch.pool[1],
twitch,图奇,音效,assets/audio/units/twitch/spray_and_pray_onmissilelaunch_3.wav,自动增益残留（波形确认）,16.0,-3.0,0.0,13.0,1.0,/Users/czh/Projects/Clash Legends/ClashLegends-开发素材库/03-制作中/图奇/audio/twitch/txtp/Play_sfx_Twitch_TwitchSprayAndPrayAttack_OnMissileLaunch {r3}.txtp,7f905e1b28757fbef3c50bd66dd0101b4a9fc4c7cee1386b8de6f824f7fe894f,.team0.form0.audio.events.active_buff:attack_launch.pool[2];.team1.form0.audio.events.active_buff:attack_launch.pool[2],
twitch,图奇,音效,assets/audio/units/twitch/twitch_q_enter.wav,自动增益残留（波形确认）,14.0,-3.0,-3.0,8.0,1.0,/Users/czh/Projects/Clash Legends/ClashLegends-开发素材库/03-制作中/图奇/audio/twitch/txtp/Play_sfx_Twitch_TwitchHideInShadows_OnCast {r1}.txtp,94ecb00374bdf6905d552b2d643d364f207dff1473928c0508ff1bfeb59bba94,.team0.form0.audio.events.stealth:enter.pool[0];.team1.form0.audio.events.stealth:enter.pool[0],
twitch,图奇,音效,assets/audio/units/twitch/twitch_q_exit.wav,自动增益残留（波形确认）,16.0,-3.0,-3.0,10.0,1.0,/Users/czh/Projects/Clash Legends/ClashLegends-开发素材库/03-制作中/图奇/audio/twitch/txtp/Play_sfx_Twitch_TwitchHideInShadows_OnBuffDeactivate.txtp,e552770dcdb816d1cab42e4fc32c095cc197e167df3049013dfb141b1fbad561,.team0.form0.audio.events.stealth:exit.pool[0];.team1.form0.audio.events.stealth:exit.pool[0],
voidfish,虚空鱼,音效,assets/audio/units/voidfish/death_1.wav,自动增益残留（波形确认）,34.0,-0.001,-5.0,29.0,1.0,/Users/czh/Projects/Clash Legends/ClashLegends-开发素材库/03-制作中/卑尔维斯/audio/belveth/txtp/Play_sfx_Belveth_BelvethRMinion_cast_death {r1}.txtp,aaa4b02983ed7d170722436cb017a3d93f597fc902a0592e08fa369aded2bcc6,.team0.form0.audio.events.death.pool[0];.team1.form0.audio.events.death.pool[0],
voidfish,虚空鱼,音效,assets/audio/units/voidfish/death_2.wav,自动增益残留（波形确认）,34.0,-0.001,-5.0,29.0,1.0,/Users/czh/Projects/Clash Legends/ClashLegends-开发素材库/03-制作中/卑尔维斯/audio/belveth/txtp/Play_sfx_Belveth_BelvethRMinion_cast_death {r2}.txtp,3de7fadb607043aac4f60a5aba568add43e6136eff813d8203b590746ec2c3a9,.team0.form0.audio.events.death.pool[1];.team1.form0.audio.events.death.pool[1],
voidfish,虚空鱼,音效,assets/audio/units/voidfish/deploy_1.wav,auto已抵消或播放后不高于原事件,20.0,-0.001,-23.0,-3.0,1.0,/Users/czh/Projects/Clash Legends/ClashLegends-开发素材库/03-制作中/卑尔维斯/audio/belveth/txtp/Play_sfx_Belveth_BelvethRMinionConverter_buffactivate_birth {r}.txtp,3e69144c7ecaac352f6c6af11e6de413d03cba1d22103cedab9288a9aa082b05,.team0.form0.audio.events.spawn:start.pool[0];.team1.form0.audio.events.spawn:start.pool[0],
voidfish,虚空鱼,音效,assets/audio/units/voidfish/hit_1.wav,自动增益残留（波形确认）,42.0,-6.0,-7.0,29.0,1.0,/Users/czh/Projects/Clash Legends/ClashLegends-开发素材库/03-制作中/卑尔维斯/audio/belveth/txtp/Play_sfx_Belveth_BelvethRMinion_hit_melee.txtp,4c9be6bafd3f71a34317371963189db9092c4ce6edabd62f1f0906576c078e76,.team0.form0.audio.attack_hit[0];.team1.form0.audio.attack_hit[0],
voidfish,虚空鱼,音效,assets/audio/units/voidfish/swing_1.wav,自动增益残留（波形确认）,42.0,-6.0,-7.0,29.0,1.0,/Users/czh/Projects/Clash Legends/ClashLegends-开发素材库/03-制作中/卑尔维斯/audio/belveth/txtp/Play_sfx_Belveth_BelvethRMinion_cast_melee.txtp,7805a8e1d09315f462cd235720f2e0aef4a441275b5f6e8b6fd7d24cda979fc2,.team0.form0.audio.attack_swing[0][0];.team1.form0.audio.attack_swing[0][0],
voidmite,虚空蠕虫,音效,assets/audio/units/voidmite/attack_hit_1_1.wav,未发现自动增益残留（波形确认）,,-0.034,0.0,-0.03,0.99999646,/Users/czh/Projects/Clash Legends/ClashLegends-开发素材库/03-制作中/峡谷先锋/lol-source/txtp-original-gain/Play_sfx_SRU_Horde_Mini_BasicAttack_hit {r1}.txtp,2da65b50ab85794e64b91ae4ef4019c40871b5590da7a5b253ba7cab3e11f197,.team0.form0.audio.attack_hit_by_segment[0][0];.team1.form0.audio.attack_hit_by_segment[0][0],
voidmite,虚空蠕虫,音效,assets/audio/units/voidmite/attack_hit_1_2.wav,未发现自动增益残留（波形确认）,,-0.033,0.0,-0.03,0.99999662,/Users/czh/Projects/Clash Legends/ClashLegends-开发素材库/03-制作中/峡谷先锋/lol-source/txtp-original-gain/Play_sfx_SRU_Horde_Mini_BasicAttack_hit {r2}.txtp,0b0be945990b30b2733850b807b0392d758a5cc503930b02873885f5a0ada87c,.team0.form0.audio.attack_hit_by_segment[0][1];.team1.form0.audio.attack_hit_by_segment[0][1],
voidmite,虚空蠕虫,音效,assets/audio/units/voidmite/attack_hit_1_3.wav,未发现自动增益残留（波形确认）,,-0.033,0.0,-0.03,0.99999708,/Users/czh/Projects/Clash Legends/ClashLegends-开发素材库/03-制作中/峡谷先锋/lol-source/txtp-original-gain/Play_sfx_SRU_Horde_Mini_BasicAttack_hit {r3}.txtp,5133d24753f33d339a9501ab5965fa87b416fca6754b1416bdb82f83ac716a83,.team0.form0.audio.attack_hit_by_segment[0][2];.team1.form0.audio.attack_hit_by_segment[0][2],
voidmite,虚空蠕虫,音效,assets/audio/units/voidmite/attack_hit_1_4.wav,未发现自动增益残留（波形确认）,,-0.033,0.0,-0.03,0.99999692,/Users/czh/Projects/Clash Legends/ClashLegends-开发素材库/03-制作中/峡谷先锋/lol-source/txtp-original-gain/Play_sfx_SRU_Horde_Mini_BasicAttack_hit {r4}.txtp,1f0729fbccf77788a1b2cddd00f5d2a4afd0aec2613a45f72809e54c371850a7,.team0.form0.audio.attack_hit_by_segment[0][3];.team1.form0.audio.attack_hit_by_segment[0][3],
voidmite,虚空蠕虫,音效,assets/audio/units/voidmite/attack_swing_1_1.wav,未发现自动增益残留（波形确认）,,-0.036,0.0,-0.04,0.99999598,/Users/czh/Projects/Clash Legends/ClashLegends-开发素材库/03-制作中/峡谷先锋/lol-source/txtp-original-gain/Play_sfx_SRU_Horde_Mini_BasicAttack_cast {r1}.txtp,c31453a9434eaf996b81d05eccb456b41301338174570811864296f74849c94d,.team0.form0.audio.attack_swing[0][0];.team1.form0.audio.attack_swing[0][0],
voidmite,虚空蠕虫,音效,assets/audio/units/voidmite/attack_swing_1_2.wav,未发现自动增益残留（波形确认）,,-0.028,0.0,-0.03,0.9999973,/Users/czh/Projects/Clash Legends/ClashLegends-开发素材库/03-制作中/峡谷先锋/lol-source/txtp-original-gain/Play_sfx_SRU_Horde_Mini_BasicAttack_cast {r2}.txtp,6ad41d72186f8d0cf7d0bae50fdef655c6c0691379f8b9e18456aa0484bbced5,.team0.form0.audio.attack_swing[0][1];.team1.form0.audio.attack_swing[0][1],
voidmite,虚空蠕虫,音效,assets/audio/units/voidmite/attack_swing_1_3.wav,未发现自动增益残留（波形确认）,,-0.028,0.0,-0.03,0.9999979,/Users/czh/Projects/Clash Legends/ClashLegends-开发素材库/03-制作中/峡谷先锋/lol-source/txtp-original-gain/Play_sfx_SRU_Horde_Mini_BasicAttack_cast {r3}.txtp,d0e0e2125162c83714fbc61aa2c3c6fa8be80894e9ada99b98477f60562b9137,.team0.form0.audio.attack_swing[0][2];.team1.form0.audio.attack_swing[0][2],
voidmite,虚空蠕虫,音效,assets/audio/units/voidmite/attack_swing_1_4.wav,未发现自动增益残留（波形确认）,,-0.03,0.0,-0.03,0.99999771,/Users/czh/Projects/Clash Legends/ClashLegends-开发素材库/03-制作中/峡谷先锋/lol-source/txtp-original-gain/Play_sfx_SRU_Horde_Mini_BasicAttack_cast {r4}.txtp,bae503f5ec27a1b956b64ab6794136825eadfe59775e1603d4f3b3e456fee681,.team0.form0.audio.attack_swing[0][3];.team1.form0.audio.attack_swing[0][3],
voidmite,虚空蠕虫,音效,assets/audio/units/voidmite/attack_swing_1_5.wav,未发现自动增益残留（波形确认）,,-0.035,0.0,-0.04,0.99999663,/Users/czh/Projects/Clash Legends/ClashLegends-开发素材库/03-制作中/峡谷先锋/lol-source/txtp-original-gain/Play_sfx_SRU_Horde_Mini_BasicAttack_cast {r5}.txtp,9c630ccd3da6a5faa7179cb2a53b6c2ced657dbe1765c3a28a697b24485cc593,.team0.form0.audio.attack_swing[0][4];.team1.form0.audio.attack_swing[0][4],
voidmite,虚空蠕虫,音效,assets/audio/units/voidmite/death_1.wav,未发现自动增益残留（波形确认）,,-0.01,0.0,-0.01,0.9999997,/Users/czh/Projects/Clash Legends/ClashLegends-开发素材库/03-制作中/峡谷先锋/lol-source/txtp-original-gain/Play_sfx_SRU_Horde_Mini_Death_cast {r1}.txtp,2a0e2ee4213831b2da0a2676cf10724e34f47c17be08201be7b0de395b9767e7,.team0.form0.audio.events.death.pool[0];.team1.form0.audio.events.death.pool[0],
voidmite,虚空蠕虫,音效,assets/audio/units/voidmite/death_2.wav,未发现自动增益残留（波形确认）,,-0.007,0.0,-0.01,0.99999982,/Users/czh/Projects/Clash Legends/ClashLegends-开发素材库/03-制作中/峡谷先锋/lol-source/txtp-original-gain/Play_sfx_SRU_Horde_Mini_Death_cast {r2}.txtp,a7f0fd58b215374409d84bc1ddb34f9ac344d242bd77c21376b8ffe755cb03cf,.team0.form0.audio.events.death.pool[1];.team1.form0.audio.events.death.pool[1],
voidmite,虚空蠕虫,音效,assets/audio/units/voidmite/death_3.wav,未发现自动增益残留（波形确认）,,-0.011,0.0,-0.01,0.99999952,/Users/czh/Projects/Clash Legends/ClashLegends-开发素材库/03-制作中/峡谷先锋/lol-source/txtp-original-gain/Play_sfx_SRU_Horde_Mini_Death_cast {r3}.txtp,c8dbb4d4f529e86c5599fd0867432924ed38da9686d47cbb06bc5e8324414bfa,.team0.form0.audio.events.death.pool[2];.team1.form0.audio.events.death.pool[2],
voidmite,虚空蠕虫,音效,assets/audio/units/voidmite/death_4.wav,未发现自动增益残留（波形确认）,,-0.011,0.0,-0.01,0.99999949,/Users/czh/Projects/Clash Legends/ClashLegends-开发素材库/03-制作中/峡谷先锋/lol-source/txtp-original-gain/Play_sfx_SRU_Horde_Mini_Death_cast {r4}.txtp,d54b15d41a60f3eb87b7047fe8294a8f094e93264e1d1dde08d67ac55bcce5cf,.team0.form0.audio.events.death.pool[3];.team1.form0.audio.events.death.pool[3],
voidmite,虚空蠕虫,音效,assets/audio/units/voidmite/deploy_start_1.wav,未发现自动增益残留（波形确认）,,-0.006,0.0,-0.01,0.99999994,/Users/czh/Projects/Clash Legends/ClashLegends-开发素材库/03-制作中/峡谷先锋/lol-source/txtp-all-original-gain/Play_sfx_SRU_Horde_Mini_Buff_cast {r1}.txtp,e90ca9542683629c8093c35e8a83c83731f4be0d940f89fa950e032f438a0085,.team0.form0.audio.events.spawn:start.pool[0];.team1.form0.audio.events.spawn:start.pool[0],
voidmite,虚空蠕虫,音效,assets/audio/units/voidmite/deploy_start_2.wav,未发现自动增益残留（波形确认）,,-0.006,0.0,-0.01,0.99999991,/Users/czh/Projects/Clash Legends/ClashLegends-开发素材库/03-制作中/峡谷先锋/lol-source/txtp-all-original-gain/Play_sfx_SRU_Horde_Mini_Buff_cast {r2}.txtp,b607d76463bbccfbd6da30966c0ea9727d1f56a1bf25e2dd7dd14e60be93d508,.team0.form0.audio.events.spawn:start.pool[1];.team1.form0.audio.events.spawn:start.pool[1],
voidmite,虚空蠕虫,音效,assets/audio/units/voidmite/deploy_start_3.wav,未发现自动增益残留（波形确认）,,-0.007,0.0,-0.01,0.9999999,/Users/czh/Projects/Clash Legends/ClashLegends-开发素材库/03-制作中/峡谷先锋/lol-source/txtp-all-original-gain/Play_sfx_SRU_Horde_Mini_Buff_cast {r3}.txtp,50b2f07d02599f2ff6257c25631f561fbf068cec507958a9fb3ccf2357c7758e,.team0.form0.audio.events.spawn:start.pool[2];.team1.form0.audio.events.spawn:start.pool[2],
xin,赵信,音效,assets/audio/units/xin/play_sfx_xinzhao_xinzhaobasicattack2_oncast_r1.wav,未发现自动增益残留（波形确认）,,-0.003,-3.0,-3.0,0.99999998,/Users/czh/Projects/Clash Legends/ClashLegends-开发素材库/04-中间产物/素材加工/card_audio_batch/xinzhao/txtp/Play_sfx_XinZhao_XinZhaoBasicAttack2_OnCast {r1}.txtp,60a1820da6cfd30f8fea97c7317771c6c79260c2c8442af00352c79356316626,.team0.form0.audio.attack_swing[1][0];.team1.form0.audio.attack_swing[1][0],
xin,赵信,音效,assets/audio/units/xin/play_sfx_xinzhao_xinzhaobasicattack2_oncast_r2.wav,未发现自动增益残留（波形确认）,,-0.004,-3.0,-3.0,0.99999994,/Users/czh/Projects/Clash Legends/ClashLegends-开发素材库/04-中间产物/素材加工/card_audio_batch/xinzhao/txtp/Play_sfx_XinZhao_XinZhaoBasicAttack2_OnCast {r2}.txtp,ac5252e3cef543655a9d198708fd311857d8696c0c1a814a34f412b4052d3ec6,.team0.form0.audio.attack_swing[1][1];.team1.form0.audio.attack_swing[1][1],
xin,赵信,音效,assets/audio/units/xin/play_sfx_xinzhao_xinzhaobasicattack2_oncast_r3.wav,未发现自动增益残留（波形确认）,,-0.003,-3.0,-3.0,0.99999997,/Users/czh/Projects/Clash Legends/ClashLegends-开发素材库/04-中间产物/素材加工/card_audio_batch/xinzhao/txtp/Play_sfx_XinZhao_XinZhaoBasicAttack2_OnCast {r3}.txtp,a835f72e7960e1cd86e60e15135a990732ef6ae4e2575013ed78d15c636ec93c,.team0.form0.audio.attack_swing[1][2];.team1.form0.audio.attack_swing[1][2],
xin,赵信,音效,assets/audio/units/xin/play_sfx_xinzhao_xinzhaobasicattack2_onhit_1559186049_1153642577_r1.wav,未发现自动增益残留（波形确认）,,-0.003,-5.0,-5.0,0.99999999,/Users/czh/Projects/Clash Legends/ClashLegends-开发素材库/04-中间产物/素材加工/card_audio_batch/xinzhao/txtp/Play_sfx_XinZhao_XinZhaoBasicAttack2_OnHit [1559186049=1153642577] {r1}.txtp,4f5aff70df518d6b1704843d99be805a9afe390eb74dde3e0479393e9d6c156c,.team0.form0.audio.attack_hit_by_segment[1][0];.team1.form0.audio.attack_hit_by_segment[1][0],
xin,赵信,音效,assets/audio/units/xin/play_sfx_xinzhao_xinzhaobasicattack2_onhit_1559186049_1153642577_r2.wav,未发现自动增益残留（波形确认）,,-0.002,-5.0,-5.0,0.99999999,/Users/czh/Projects/Clash Legends/ClashLegends-开发素材库/04-中间产物/素材加工/card_audio_batch/xinzhao/txtp/Play_sfx_XinZhao_XinZhaoBasicAttack2_OnHit [1559186049=1153642577] {r2}.txtp,831b7b607b0eb3f2ff61bdc5e80c4d56e20f912a5485b3d2ddfb20d3e31ae16e,.team0.form0.audio.attack_hit_by_segment[1][1];.team1.form0.audio.attack_hit_by_segment[1][1],
xin,赵信,音效,assets/audio/units/xin/play_sfx_xinzhao_xinzhaobasicattack2_onhit_1559186049_1153642577_r3.wav,未发现自动增益残留（波形确认）,,-0.003,-5.0,-5.0,0.99999999,/Users/czh/Projects/Clash Legends/ClashLegends-开发素材库/04-中间产物/素材加工/card_audio_batch/xinzhao/txtp/Play_sfx_XinZhao_XinZhaoBasicAttack2_OnHit [1559186049=1153642577] {r3}.txtp,f69be73e47e422df1950a8a58ec380a4d270cecb480f7bb4a32bee28b803c33b,.team0.form0.audio.attack_hit_by_segment[1][2];.team1.form0.audio.attack_hit_by_segment[1][2],
xin,赵信,音效,assets/audio/units/xin/play_sfx_xinzhao_xinzhaobasicattack_oncast_r1_d.wav,未发现自动增益残留（波形确认）,,-0.003,-3.0,-3.0,0.99999998,/Users/czh/Projects/Clash Legends/ClashLegends-开发素材库/04-中间产物/素材加工/card_audio_batch/xinzhao/txtp/Play_sfx_XinZhao_XinZhaoBasicAttack_OnCast {r1} {d}.txtp,60a1820da6cfd30f8fea97c7317771c6c79260c2c8442af00352c79356316626,.team0.form0.audio.attack_swing[0][0];.team1.form0.audio.attack_swing[0][0],
xin,赵信,音效,assets/audio/units/xin/play_sfx_xinzhao_xinzhaobasicattack_oncast_r2_d.wav,未发现自动增益残留（波形确认）,,-0.004,-3.0,-3.0,0.99999994,/Users/czh/Projects/Clash Legends/ClashLegends-开发素材库/04-中间产物/素材加工/card_audio_batch/xinzhao/txtp/Play_sfx_XinZhao_XinZhaoBasicAttack_OnCast {r2} {d}.txtp,ac5252e3cef543655a9d198708fd311857d8696c0c1a814a34f412b4052d3ec6,.team0.form0.audio.attack_swing[0][1];.team1.form0.audio.attack_swing[0][1],
xin,赵信,音效,assets/audio/units/xin/play_sfx_xinzhao_xinzhaobasicattack_oncast_r3_d.wav,未发现自动增益残留（波形确认）,,-0.003,-3.0,-3.0,0.99999997,/Users/czh/Projects/Clash Legends/ClashLegends-开发素材库/04-中间产物/素材加工/card_audio_batch/xinzhao/txtp/Play_sfx_XinZhao_XinZhaoBasicAttack_OnCast {r3} {d}.txtp,a835f72e7960e1cd86e60e15135a990732ef6ae4e2575013ed78d15c636ec93c,.team0.form0.audio.attack_swing[0][2];.team1.form0.audio.attack_swing[0][2],
xin,赵信,音效,assets/audio/units/xin/play_sfx_xinzhao_xinzhaobasicattack_onhit_1559186049_1153642577_r1_d.wav,未发现自动增益残留（波形确认）,,-0.003,-5.0,-5.0,0.99999999,/Users/czh/Projects/Clash Legends/ClashLegends-开发素材库/04-中间产物/素材加工/card_audio_batch/xinzhao/txtp/Play_sfx_XinZhao_XinZhaoBasicAttack_OnHit [1559186049=1153642577] {r1} {d}.txtp,4f5aff70df518d6b1704843d99be805a9afe390eb74dde3e0479393e9d6c156c,.team0.form0.audio.attack_hit[0];.team0.form0.audio.attack_hit_by_segment[0][0];.team1.form0.audio.attack_hit[0];.team1.form0.audio.attack_hit_by_segment[0][0],
xin,赵信,音效,assets/audio/units/xin/play_sfx_xinzhao_xinzhaobasicattack_onhit_1559186049_1153642577_r2_d.wav,未发现自动增益残留（波形确认）,,-0.002,-5.0,-5.0,0.99999999,/Users/czh/Projects/Clash Legends/ClashLegends-开发素材库/04-中间产物/素材加工/card_audio_batch/xinzhao/txtp/Play_sfx_XinZhao_XinZhaoBasicAttack_OnHit [1559186049=1153642577] {r2} {d}.txtp,831b7b607b0eb3f2ff61bdc5e80c4d56e20f912a5485b3d2ddfb20d3e31ae16e,.team0.form0.audio.attack_hit[1];.team0.form0.audio.attack_hit_by_segment[0][1];.team1.form0.audio.attack_hit[1];.team1.form0.audio.attack_hit_by_segment[0][1],
xin,赵信,音效,assets/audio/units/xin/play_sfx_xinzhao_xinzhaobasicattack_onhit_1559186049_1153642577_r3_d.wav,未发现自动增益残留（波形确认）,,-0.003,-5.0,-5.0,0.99999999,/Users/czh/Projects/Clash Legends/ClashLegends-开发素材库/04-中间产物/素材加工/card_audio_batch/xinzhao/txtp/Play_sfx_XinZhao_XinZhaoBasicAttack_OnHit [1559186049=1153642577] {r3} {d}.txtp,f69be73e47e422df1950a8a58ec380a4d270cecb480f7bb4a32bee28b803c33b,.team0.form0.audio.attack_hit[2];.team0.form0.audio.attack_hit_by_segment[0][2];.team1.form0.audio.attack_hit[2];.team1.form0.audio.attack_hit_by_segment[0][2],
xin,赵信,音效,assets/audio/units/xin/play_sfx_xinzhao_xinzhaopassive_heal_buffactivate_r1.wav,未发现自动增益残留（波形确认）,,-0.008,0.0,-0.01,0.99999986,/Users/czh/Projects/Clash Legends/ClashLegends-开发素材库/04-中间产物/素材加工/card_audio_batch/xinzhao/txtp/Play_sfx_XinZhao_XinZhaoPassive_heal_buffactivate {r1}.txtp,2c548d14428622aa5b6e24034f290b44268b63cbd552ec714480c727c274a987,.team0.form0.audio.events.passive_heal.pool[0];.team1.form0.audio.events.passive_heal.pool[0],
xin,赵信,音效,assets/audio/units/xin/play_sfx_xinzhao_xinzhaopassive_heal_buffactivate_r2.wav,未发现自动增益残留（波形确认）,,-0.01,0.0,-0.01,0.99999985,/Users/czh/Projects/Clash Legends/ClashLegends-开发素材库/04-中间产物/素材加工/card_audio_batch/xinzhao/txtp/Play_sfx_XinZhao_XinZhaoPassive_heal_buffactivate {r2}.txtp,d2ac85b023280776517e6d91228a28cd32072f16432c87ecb77ade0eb3fd2953,.team0.form0.audio.events.passive_heal.pool[1];.team1.form0.audio.events.passive_heal.pool[1],
xin,赵信,音效,assets/audio/units/xin/play_sfx_xinzhao_xinzhaopassive_heal_buffactivate_r3.wav,未发现自动增益残留（波形确认）,,-0.009,0.0,-0.01,0.99999962,/Users/czh/Projects/Clash Legends/ClashLegends-开发素材库/04-中间产物/素材加工/card_audio_batch/xinzhao/txtp/Play_sfx_XinZhao_XinZhaoPassive_heal_buffactivate {r3}.txtp,ae66a0ae5a33163036b4a44428ac5111da9af40e0e62ed27417be0fa483e27de,.team0.form0.audio.events.passive_heal.pool[2];.team1.form0.audio.events.passive_heal.pool[2],
xin,赵信,音效,assets/audio/units/xin/play_sfx_xinzhao_xinzhaopassivecritattack_oncast_r1.wav,未发现自动增益残留（波形确认）,,-0.003,-3.0,-3.0,0.99999999,/Users/czh/Projects/Clash Legends/ClashLegends-开发素材库/04-中间产物/素材加工/card_audio_batch/xinzhao/txtp/Play_sfx_XinZhao_XinZhaoPassiveCritAttack_OnCast {r1}.txtp,4e748808e7ed4e370e9fdacc6d1b9ff66248108919d20c9331c8d5bf8babc3d5,.team0.form0.audio.attack_swing[2][0];.team1.form0.audio.attack_swing[2][0],
xin,赵信,音效,assets/audio/units/xin/play_sfx_xinzhao_xinzhaopassivecritattack_oncast_r2.wav,未发现自动增益残留（波形确认）,,-0.003,-3.0,-3.0,0.99999999,/Users/czh/Projects/Clash Legends/ClashLegends-开发素材库/04-中间产物/素材加工/card_audio_batch/xinzhao/txtp/Play_sfx_XinZhao_XinZhaoPassiveCritAttack_OnCast {r2}.txtp,3e897bbcac1ccceada0371d90af0da4b5d5cca6d184a8c4b450e3d360273c2d4,.team0.form0.audio.attack_swing[2][1];.team1.form0.audio.attack_swing[2][1],
xin,赵信,音效,assets/audio/units/xin/play_sfx_xinzhao_xinzhaopassivecritattack_oncast_r3.wav,未发现自动增益残留（波形确认）,,-0.003,-3.0,-3.0,0.99999999,/Users/czh/Projects/Clash Legends/ClashLegends-开发素材库/04-中间产物/素材加工/card_audio_batch/xinzhao/txtp/Play_sfx_XinZhao_XinZhaoPassiveCritAttack_OnCast {r3}.txtp,ed94e5e7011b47584226795f079c13dc37b725237e2a04c179452d4a5607f801,.team0.form0.audio.attack_swing[2][2];.team1.form0.audio.attack_swing[2][2],
xin,赵信,音效,assets/audio/units/xin/play_sfx_xinzhao_xinzhaopassivecritattack_onhit_r1.wav,未发现自动增益残留（波形确认）,,-0.002,-5.0,-5.0,0.99999999,/Users/czh/Projects/Clash Legends/ClashLegends-开发素材库/04-中间产物/素材加工/card_audio_batch/xinzhao/txtp/Play_sfx_XinZhao_XinZhaoPassiveCritAttack_OnHit {r1}.txtp,7621e2345c7993f80dcba6b4392a81e8efa343e51027781e73feb30bbc3fa745,.team0.form0.audio.attack_hit_by_segment[2][0];.team1.form0.audio.attack_hit_by_segment[2][0],
xin,赵信,音效,assets/audio/units/xin/play_sfx_xinzhao_xinzhaopassivecritattack_onhit_r2.wav,未发现自动增益残留（波形确认）,,-0.002,-5.0,-5.0,0.99999999,/Users/czh/Projects/Clash Legends/ClashLegends-开发素材库/04-中间产物/素材加工/card_audio_batch/xinzhao/txtp/Play_sfx_XinZhao_XinZhaoPassiveCritAttack_OnHit {r2}.txtp,78f28a7b29a005a3aaa36d236e5736e3e64c189e979e678dc683f4d2dd2f4673,.team0.form0.audio.attack_hit_by_segment[2][1];.team1.form0.audio.attack_hit_by_segment[2][1],
xin,赵信,音效,assets/audio/units/xin/play_sfx_xinzhao_xinzhaopassivecritattack_onhit_r3.wav,未发现自动增益残留（波形确认）,,-0.002,-5.0,-5.0,0.99999999,/Users/czh/Projects/Clash Legends/ClashLegends-开发素材库/04-中间产物/素材加工/card_audio_batch/xinzhao/txtp/Play_sfx_XinZhao_XinZhaoPassiveCritAttack_OnHit {r3}.txtp,c5e221237e2fb36c396f3dbe9c22c5c3973a0743399f9ab9d0b2319c736e47c8,.team0.form0.audio.attack_hit_by_segment[2][2];.team1.form0.audio.attack_hit_by_segment[2][2],
xin,赵信,音效,assets/audio/units/xin/play_sfx_xinzhao_xinzhaor_hitlocation_knockback_r1.wav,未发现自动增益残留（波形确认）,,-0.002,0.0,-0.0,1.0,/Users/czh/Projects/Clash Legends/ClashLegends-开发素材库/04-中间产物/素材加工/card_audio_batch/xinzhao/txtp/Play_sfx_XinZhao_XinZhaoR_hitlocation_knockback {r1}.txtp,ce2b9dbf3074618752637ce992f232937b709abf471f21b488476d30c64be9fb,.team0.form0.audio.events.active:hit.pool[0];.team0.form0.audio.events.deploy:hit.pool[0];.team1.form0.audio.events.active:hit.pool[0];.team1.form0.audio.events.deploy:hit.pool[0],
xin,赵信,音效,assets/audio/units/xin/play_sfx_xinzhao_xinzhaor_hitlocation_knockback_r2.wav,未发现自动增益残留（波形确认）,,-0.002,0.0,-0.0,1.0,/Users/czh/Projects/Clash Legends/ClashLegends-开发素材库/04-中间产物/素材加工/card_audio_batch/xinzhao/txtp/Play_sfx_XinZhao_XinZhaoR_hitlocation_knockback {r2}.txtp,7bbacbdcad41e0926e2f8cfa589bba4ad715f66d076b22a681e75aaedcf928b6,.team0.form0.audio.events.active:hit.pool[1];.team0.form0.audio.events.deploy:hit.pool[1];.team1.form0.audio.events.active:hit.pool[1];.team1.form0.audio.events.deploy:hit.pool[1],
xin,赵信,音效,assets/audio/units/xin/play_sfx_xinzhao_xinzhaor_oncast_sweep.wav,未发现自动增益残留（波形确认）,,-0.002,0.0,-0.0,1.0,/Users/czh/Projects/Clash Legends/ClashLegends-开发素材库/04-中间产物/素材加工/card_audio_batch/xinzhao/txtp/Play_sfx_XinZhao_XinZhaoR_OnCast.txtp,6609f9cdad8ded41710280b0074a2cf229679bcbc48d53d990d547632d24bc5d,.team0.form0.audio.events.active:start.pool[0];.team0.form0.audio.events.deploy:start.pool[0];.team1.form0.audio.events.active:start.pool[0];.team1.form0.audio.events.deploy:start.pool[0],
xin,赵信,语音,assets/audio/units/xin/play_vo_xinzhao_death3d_r1_zh_cn.wav,自动增益残留（波形确认）,12.0,-0.001,0.0,12.0,1.0,/Users/czh/Projects/Clash Legends/ClashLegends-开发素材库/04-中间产物/素材加工/card_audio_batch/xinzhao_vo/txtp/Play_vo_XinZhao_Death3D {r1}.txtp,75613d928dc1374adf8818ef145d121cefd520a4ece56657d180c6802f0e35fa,.team0.form0.audio.events.death.pool[0];.team1.form0.audio.events.death.pool[0],
xin,赵信,语音,assets/audio/units/xin/play_vo_xinzhao_death3d_r2_zh_cn.wav,自动增益残留（波形确认）,12.0,-0.001,0.0,12.0,1.0,/Users/czh/Projects/Clash Legends/ClashLegends-开发素材库/04-中间产物/素材加工/card_audio_batch/xinzhao_vo/txtp/Play_vo_XinZhao_Death3D {r2}.txtp,fffaa7efae26c550919a2251a8e06caedf7be9ee72ce690e710d023d0111d37e,.team0.form0.audio.events.death.pool[1];.team1.form0.audio.events.death.pool[1],
xin,赵信,语音,assets/audio/units/xin/play_vo_xinzhao_death3d_r3_zh_cn.wav,自动增益残留（波形确认）,12.0,-0.001,0.0,12.0,1.0,/Users/czh/Projects/Clash Legends/ClashLegends-开发素材库/04-中间产物/素材加工/card_audio_batch/xinzhao_vo/txtp/Play_vo_XinZhao_Death3D {r3}.txtp,cd617525209ae8ceade6f93d795a2842a381d77fd0b592ceb5f808d737234967,.team0.form0.audio.events.death.pool[2];.team1.form0.audio.events.death.pool[2],
xin,赵信,语音,assets/audio/units/xin/play_vo_xinzhao_xinzhaor_cast3d_r1_zh_cn.wav,自动增益残留（波形确认）,12.0,-0.001,0.0,12.0,1.0,/Users/czh/Projects/Clash Legends/ClashLegends-开发素材库/04-中间产物/素材加工/xin_r_review/Play_vo_XinZhao_XinZhaoR_cast3D {r1}.txtp,8af30412db7c601e85cd3af5e92322dac52d2c01c53435defd99f5c7c2b16b78,.team0.form0.audio.events.active:voice.pool[0];.team0.form0.audio.events.deploy:voice.pool[0];.team1.form0.audio.events.active:voice.pool[0];.team1.form0.audio.events.deploy:voice.pool[0],
xin,赵信,语音,assets/audio/units/xin/play_vo_xinzhao_xinzhaor_cast3d_r2_zh_cn.wav,自动增益残留（波形确认）,12.0,-0.001,0.0,12.0,1.0,/Users/czh/Projects/Clash Legends/ClashLegends-开发素材库/04-中间产物/素材加工/xin_r_review/Play_vo_XinZhao_XinZhaoR_cast3D {r2}.txtp,ae299cfdc7c6a8675416eca51d98034838a0dc0fdbb18618ff5368256e5aba54,.team0.form0.audio.events.active:voice.pool[1];.team0.form0.audio.events.deploy:voice.pool[1];.team1.form0.audio.events.active:voice.pool[1];.team1.form0.audio.events.deploy:voice.pool[1],
xin,赵信,语音,assets/audio/units/xin/play_vo_xinzhao_xinzhaor_cast3d_r3_zh_cn.wav,自动增益残留（波形确认）,12.0,-0.001,0.0,12.0,1.0,/Users/czh/Projects/Clash Legends/ClashLegends-开发素材库/04-中间产物/素材加工/xin_r_review/Play_vo_XinZhao_XinZhaoR_cast3D {r3}.txtp,8b4a96a5f340bae5bfcfe576698acca4e9d40d36cf4e21f39921c095a5bffc10,.team0.form0.audio.events.active:voice.pool[2];.team0.form0.audio.events.deploy:voice.pool[2];.team1.form0.audio.events.active:voice.pool[2];.team1.form0.audio.events.deploy:voice.pool[2],
xin,赵信,语音,assets/audio/units/xin/play_vo_xinzhao_xinzhaor_cast3d_r4_zh_cn.wav,自动增益残留（波形确认）,12.0,-0.001,0.0,12.0,1.0,/Users/czh/Projects/Clash Legends/ClashLegends-开发素材库/04-中间产物/素材加工/xin_r_review/Play_vo_XinZhao_XinZhaoR_cast3D {r4}.txtp,08254d2fd4dc7b8c1a9f057b5fa48c4bbd4690278c2b8cbaf5a3984cd3860588,.team0.form0.audio.events.active:voice.pool[3];.team0.form0.audio.events.deploy:voice.pool[3];.team1.form0.audio.events.active:voice.pool[3];.team1.form0.audio.events.deploy:voice.pool[3],
